variable_original,variable_canonica,tipo,rol_causal,pretratamiento_si_no,descripcion,unidad,codificacion,fuente
treat,treat,integer_binary,W,NO,Participación/tratamiento NSW; 0 identifica control en el diseño correspondiente,indicador,1=sí; 0=no,"https://users.nber.org/~rdehejia/nswdata2.html ; https://users.nber.org/~rdehejia/papers/dehejia_wahba_jasa.pdf tablas 1–2, pp.1055–1056"
age,age,integer,X,SI,Edad,años,"numérica; cero válido, sin imputación","https://users.nber.org/~rdehejia/nswdata2.html ; https://users.nber.org/~rdehejia/papers/dehejia_wahba_jasa.pdf tablas 1–2, pp.1055–1056"
education,education,integer,X,SI,Años de educación,años,"numérica; cero válido, sin imputación","https://users.nber.org/~rdehejia/nswdata2.html ; https://users.nber.org/~rdehejia/papers/dehejia_wahba_jasa.pdf tablas 1–2, pp.1055–1056"
black,black,integer_binary,X,SI,Indicador Black registrado en la fuente,indicador,1=sí; 0=no,"https://users.nber.org/~rdehejia/nswdata2.html ; https://users.nber.org/~rdehejia/papers/dehejia_wahba_jasa.pdf tablas 1–2, pp.1055–1056"
hispanic,hispanic,integer_binary,X,SI,Indicador Hispanic registrado en la fuente,indicador,1=sí; 0=no,"https://users.nber.org/~rdehejia/nswdata2.html ; https://users.nber.org/~rdehejia/papers/dehejia_wahba_jasa.pdf tablas 1–2, pp.1055–1056"
married,married,integer_binary,X,SI,Casado,indicador,1=sí; 0=no,"https://users.nber.org/~rdehejia/nswdata2.html ; https://users.nber.org/~rdehejia/papers/dehejia_wahba_jasa.pdf tablas 1–2, pp.1055–1056"
nodegree,nodegree,integer_binary,X,SI,Sin diploma de secundaria (high school),indicador,1=sí; 0=no,"https://users.nber.org/~rdehejia/nswdata2.html ; https://users.nber.org/~rdehejia/papers/dehejia_wahba_jasa.pdf tablas 1–2, pp.1055–1056"
RE74,re74,float64,X,SI,Ingresos laborales en 1974,USD de 1982,"numérica; cero válido, sin imputación","https://users.nber.org/~rdehejia/nswdata2.html ; https://users.nber.org/~rdehejia/papers/dehejia_wahba_jasa.pdf tablas 1–2, pp.1055–1056"
RE75,re75,float64,X,SI,Ingresos laborales en 1975,USD de 1982,"numérica; cero válido, sin imputación","https://users.nber.org/~rdehejia/nswdata2.html ; https://users.nber.org/~rdehejia/papers/dehejia_wahba_jasa.pdf tablas 1–2, pp.1055–1056"
RE78,re78,float64,Y,NO,Ingresos laborales en 1978,USD de 1982,"numérica; cero válido, sin imputación","https://users.nber.org/~rdehejia/nswdata2.html ; https://users.nber.org/~rdehejia/papers/dehejia_wahba_jasa.pdf tablas 1–2, pp.1055–1056"
