pais,iso3,anio,emisiones_ghg_tco2e_pc,pib_per_capita_usd,poblacion_urbana_pct,area_bosque_pct,densidad_poblacion_km2,acceso_electricidad_pct
Argentina,ARG,2016,8.409569,12699.962314,91.585682,10.600397,16.041391,99.900000
Argentina,ARG,2017,8.415121,14532.500931,91.677603,10.559837,16.183380,100.000000
Argentina,ARG,2018,8.341988,11752.799892,91.767994,10.520373,16.317114,100.000000
Argentina,ARG,2019,8.218224,9955.974787,91.856784,10.480179,16.433526,100.000000
Argentina,ARG,2020,7.836754,8535.599380,91.943903,10.440715,16.513367,100.000000
Argentina,ARG,2021,8.194648,10738.017922,92.029278,10.400886,16.557331,100.000000
Argentina,ARG,2022,8.446446,13962.189409,92.112838,10.361057,16.592272,100.000000
Argentina,ARG,2023,8.293539,14261.846567,92.194513,10.321295,16.639956,100.000000
Bolivia,BOL,2016,4.482183,3035.873477,68.744633,47.771328,10.320336,91.800000
Bolivia,BOL,2017,4.475518,4048.401197,69.083802,47.532743,10.472249,91.800000
Bolivia,BOL,2018,4.472745,4206.855294,69.413388,47.312139,10.623436,92.800000
Bolivia,BOL,2019,4.489244,4203.154929,69.733499,47.109536,10.773919,95.100000
Bolivia,BOL,2020,4.167388,3580.967618,70.044264,46.924915,10.907689,97.200000
Bolivia,BOL,2021,4.472145,4010.760537,70.345041,46.728305,11.019441,98.600000
Bolivia,BOL,2022,4.589823,4219.461137,70.635260,46.539688,11.148485,99.900000
Bolivia,BOL,2023,4.672661,4274.708205,70.915141,46.345743,11.302648,99.800000
Brazil,BRA,2016,5.945866,8836.286527,85.948705,60.071021,24.313796,99.700000
Brazil,BRA,2017,5.956123,10080.509282,86.198290,59.832929,24.491507,99.800000
Brazil,BRA,2018,5.802422,9300.661649,86.442072,59.708380,24.659465,99.700000
Brazil,BRA,2019,5.785849,9029.833267,86.679799,59.558586,24.820769,99.800000
Brazil,BRA,2020,5.731837,7074.193783,86.911219,59.417478,24.964985,99.700000
Brazil,BRA,2021,6.094895,7972.536650,87.136078,59.270484,25.071403,99.500000
Brazil,BRA,2022,6.079426,9281.333344,87.349556,59.127509,25.161868,100.000000
Brazil,BRA,2023,6.143631,10377.589279,87.615971,58.981873,25.261688,99.800000
Chile,CHL,2016,6.674310,13649.852045,87.630629,23.870842,24.609385,100.000000
Chile,CHL,2017,6.713728,14879.908623,87.800030,24.036452,25.002289,99.700000
Chile,CHL,2018,6.710709,15659.480868,87.962049,24.202062,25.452685,100.000000
Chile,CHL,2019,6.943404,14496.934564,88.127369,24.349797,25.844004,100.000000
Chile,CHL,2020,6.512754,13117.993023,88.295349,24.515245,26.076735,100.000000
Chile,CHL,2021,6.538226,16216.184086,88.466051,24.680720,26.192118,100.000000
Chile,CHL,2022,6.624455,15399.104472,88.639535,24.846177,26.322298,100.000000
Chile,CHL,2023,5.943251,17081.518074,88.815862,25.011646,26.464725,100.000000
Colombia,COL,2016,4.021556,5959.842504,77.203627,54.041902,42.755757,98.400000
Colombia,COL,2017,3.887837,6479.532313,77.224519,53.843867,43.380872,98.500000
Colombia,COL,2018,3.995521,6816.968183,77.280482,53.664245,44.186088,98.500000
Colombia,COL,2019,4.029281,6472.545449,77.459553,53.484633,44.982411,99.400000
Colombia,COL,2020,3.943226,5339.687114,77.638253,53.305011,45.633165,99.700000
Colombia,COL,2021,4.155235,6222.621644,77.833957,53.125396,46.136253,100.000000
Colombia,COL,2022,4.054293,6680.445069,78.046463,52.945776,46.631766,100.000000
Colombia,COL,2023,4.118346,7012.491691,78.275572,52.766160,47.157415,98.700000
Costa Rica,CRI,2016,3.117301,12091.030156,75.542309,58.155112,95.319193,99.500000
Costa Rica,CRI,2017,3.158628,12317.090278,76.053925,58.475715,96.223600,99.600000
Costa Rica,CRI,2018,3.226883,12620.020732,76.554431,58.796122,97.097885,99.700000
Costa Rica,CRI,2019,3.170863,12951.858842,77.043586,59.116725,97.915257,99.700000
Costa Rica,CRI,2020,2.849978,12475.685208,77.521154,59.437329,98.596161,99.900000
Costa Rica,CRI,2021,3.048980,12962.271608,77.986894,59.757932,99.098864,100.000000
Costa Rica,CRI,2022,3.086526,13971.764999,78.440569,60.078535,99.525362,100.000000
Costa Rica,CRI,2023,3.276196,17140.771430,78.881939,60.399138,99.990697,100.000000
Cuba,CUB,2016,3.918189,8110.558743,76.911583,31.151480,108.281546,99.200000
Cuba,CUB,2017,3.832722,8610.608296,76.960327,31.233141,108.360588,99.400000
Cuba,CUB,2018,3.870361,8911.462060,77.015633,31.233141,108.161060,99.600000
Cuba,CUB,2019,3.481231,9232.261159,77.072823,31.233141,107.927225,99.800000
Cuba,CUB,2020,3.085443,9605.279146,77.108032,31.233141,107.672004,99.900000
Cuba,CUB,2021,3.393430,,77.098770,31.233141,107.149981,100.000000
Cuba,CUB,2022,3.164337,,77.105606,31.233141,106.549326,100.000000
Cuba,CUB,2023,3.185129,,77.125987,31.233141,106.165039,100.000000
Dominican Republic,DOM,2016,3.676762,7160.442010,74.050678,43.712275,218.410888,98.900000
Dominican Republic,DOM,2017,3.566013,7412.715716,73.926806,43.879735,220.799897,100.000000
Dominican Republic,DOM,2018,3.745548,7882.982216,73.758926,44.047195,223.184703,98.900000
Dominican Republic,DOM,2019,4.001737,8183.016236,73.540346,44.317381,226.026775,99.000000
Dominican Republic,DOM,2020,3.861895,7135.222733,73.264379,44.485230,228.397349,100.000000
Dominican Republic,DOM,2021,4.119243,8527.075486,72.924335,44.653079,230.786991,98.100000
Dominican Republic,DOM,2022,4.349386,10104.246401,72.420316,44.820928,233.012352,98.100000
Dominican Republic,DOM,2023,4.395079,10630.431744,72.357799,44.988778,235.098143,99.600000
Ecuador,ECU,2016,4.247780,5917.637713,62.991337,51.356539,66.456511,98.700000
Ecuador,ECU,2017,4.094760,6233.322448,63.019459,51.097761,67.480750,99.200000
Ecuador,ECU,2018,4.065504,6303.918867,63.043328,50.838984,68.648522,98.700000
Ecuador,ECU,2019,4.022694,6205.057652,63.062714,50.580206,69.818091,99.100000
Ecuador,ECU,2020,3.645410,5463.645153,63.077390,50.321429,70.647709,98.800000
Ecuador,ECU,2021,3.872013,6061.323502,63.087127,50.062651,71.196867,100.000000
Ecuador,ECU,2022,3.975365,6515.585284,63.090184,49.803873,71.766375,100.000000
Ecuador,ECU,2023,4.071160,6718.144794,63.130773,49.545096,72.395245,98.700000
Guatemala,GTM,2016,2.326016,4060.137847,53.660923,33.353863,151.817469,91.800000
Guatemala,GTM,2017,2.252152,4324.997689,53.799472,33.245614,154.603929,93.300000
Guatemala,GTM,2018,2.349973,4352.945933,53.845962,33.137365,157.201241,94.200000
Guatemala,GTM,2019,2.395567,4511.998396,54.188227,33.029115,159.609957,95.400000
Guatemala,GTM,2020,2.278283,4477.617850,54.548317,32.920866,161.975784,96.600000
Guatemala,GTM,2021,2.415947,4912.622404,54.904707,32.812617,164.227790,97.900000
Guatemala,GTM,2022,2.324495,5356.924359,55.258123,32.704367,166.553537,99.100000
Guatemala,GTM,2023,2.372043,5754.428339,55.608232,32.596118,169.138093,100.000000
Honduras,HND,2016,2.152548,2307.344684,54.886841,57.583788,84.121727,91.600000
Honduras,HND,2017,2.061255,2413.007656,55.387732,57.396640,85.692528,86.500000
Honduras,HND,2018,2.010494,2464.642415,55.885258,57.209402,87.275092,91.600000
Honduras,HND,2019,2.117787,2502.327443,56.379156,57.022165,88.869720,91.100000
Honduras,HND,2020,2.016455,2307.614943,56.869165,56.834927,90.442756,93.100000
Honduras,HND,2021,2.112659,2735.147515,57.355024,56.647690,91.964224,94.100000
Honduras,HND,2022,2.121949,3003.289968,57.836469,56.460452,93.519278,94.400000
Honduras,HND,2023,2.234151,3227.457625,58.313239,56.273215,95.136750,95.600000
Haiti,HTI,2016,1.280865,1318.402682,50.087821,13.052975,387.208164,40.400000
Haiti,HTI,2017,1.265743,1395.239452,50.735083,12.940131,392.516473,43.300000
Haiti,HTI,2018,1.271678,1496.380490,51.374898,12.827286,397.763498,44.400000
Haiti,HTI,2019,1.244898,1352.172042,52.006906,12.714441,402.944956,45.400000
Haiti,HTI,2020,1.201937,1290.325387,52.630748,12.601597,407.977068,46.300000
Haiti,HTI,2021,1.183639,1824.679874,53.246064,12.488752,412.720827,47.200000
Haiti,HTI,2022,1.171850,1748.408901,53.852495,12.375907,417.402250,49.300000
Haiti,HTI,2023,1.169961,1681.844077,54.449682,12.263062,422.256821,51.300000
Mexico,MEX,2016,5.656305,9097.923977,77.440509,34.055994,62.888115,99.500000
Mexico,MEX,2017,5.638189,9649.278167,77.720692,33.990267,63.479028,100.000000
Mexico,MEX,2018,5.418892,10084.793757,78.027122,33.924741,64.082775,99.500000
Mexico,MEX,2019,5.503475,10369.555359,78.355984,33.858896,64.694556,99.600000
Mexico,MEX,2020,5.048359,8841.270749,78.677961,33.793050,65.227528,99.400000
Mexico,MEX,2021,5.141391,10314.050673,78.932401,33.727205,65.664316,100.000000
Mexico,MEX,2022,5.133890,11405.794047,79.199683,33.661874,66.160712,100.000000
Mexico,MEX,2023,5.284819,13830.843849,79.473494,33.595918,66.740276,99.700000
Nicaragua,NIC,2016,2.877677,2131.687048,58.004388,31.639771,51.792139,83.900000
Nicaragua,NIC,2017,2.845225,2182.613810,58.189257,30.808792,52.486546,84.600000
Nicaragua,NIC,2018,2.725638,2035.165494,58.368386,29.977813,53.183314,85.200000
Nicaragua,NIC,2019,2.761898,1958.620515,58.540567,29.146834,53.877821,85.700000
Nicaragua,NIC,2020,2.714695,1938.447048,58.704592,28.315855,54.555983,86.000000
Nicaragua,NIC,2021,2.775277,2138.385739,58.859253,27.484876,55.216395,86.300000
Nicaragua,NIC,2022,2.779284,2322.890696,58.995438,26.653897,55.930314,86.500000
Nicaragua,NIC,2023,2.778733,2609.444911,59.125095,25.822918,56.702784,88.300000
Panama,PAN,2016,4.113141,14832.361161,65.597156,57.467620,54.358958,92.400000
Panama,PAN,2017,3.925140,15694.629745,65.657771,57.313546,55.298260,93.700000
Panama,PAN,2018,3.846578,16151.327348,65.709929,57.113373,56.185764,93.800000
Panama,PAN,2019,4.562094,16477.906629,65.752985,56.959423,57.086816,93.900000
Panama,PAN,2020,3.720645,13290.560835,65.786300,56.805608,57.876260,95.300000
Panama,PAN,2021,3.954131,15509.806911,65.809230,56.651703,58.579199,95.300000
Panama,PAN,2022,4.104643,17378.607008,65.821134,56.497858,59.325600,95.000000
Panama,PAN,2023,4.371867,18797.193389,65.860127,56.343973,60.107293,97.000000
Peru,PER,2016,2.888608,6217.036000,81.419236,57.039281,24.114448,94.200000
Peru,PER,2017,2.783850,6736.166937,82.193165,56.902172,24.472373,94.800000
Peru,PER,2018,2.736637,6978.491215,82.685493,56.778156,24.919988,95.200000
Peru,PER,2019,2.812492,7037.008037,83.103300,56.643125,25.351018,95.600000
Peru,PER,2020,2.440477,6133.325524,83.526744,56.508102,25.655140,96.200000
Peru,PER,2021,2.820269,6828.534225,83.948012,56.373073,25.903033,95.600000
Peru,PER,2022,2.916470,7353.745987,84.366355,56.238048,26.152686,96.200000
Peru,PER,2023,2.932652,7919.046348,84.781026,56.103020,26.441888,96.200000
Paraguay,PRY,2016,6.594394,5775.159634,62.082761,43.627309,15.728986,98.400000
Paraguay,PRY,2017,6.695043,6152.267115,62.952639,42.638485,15.954342,99.300000
Paraguay,PRY,2018,6.534605,6258.449916,63.924899,41.935389,16.177654,99.600000
Paraguay,PRY,2019,6.509244,5821.181995,64.984530,41.232318,16.398334,99.700000
Paraguay,PRY,2020,6.448544,5365.472207,66.116521,40.529222,16.621543,99.700000
Paraguay,PRY,2021,6.343903,5974.905719,67.305861,39.826143,16.824017,100.000000
Paraguay,PRY,2022,6.093901,6189.102054,68.639654,39.250294,17.071360,100.000000
Paraguay,PRY,2023,5.983888,6303.264950,69.346608,38.544925,17.282672,99.800000
El Salvador,SLV,2016,1.946459,3901.340150,70.399017,29.048263,299.266409,96.000000
El Salvador,SLV,2017,1.838149,4020.126714,71.085670,28.831081,299.880936,96.800000
El Salvador,SLV,2018,1.887486,4183.546210,71.757721,28.613900,300.183736,97.000000
El Salvador,SLV,2019,2.051792,4320.116715,72.414894,28.396718,300.304923,97.400000
El Salvador,SLV,2020,1.867957,3997.192796,73.057022,28.179537,300.901207,99.700000
El Salvador,SLV,2021,2.013641,4642.607431,73.683853,27.962355,301.919981,97.900000
El Salvador,SLV,2022,2.165925,5074.600510,74.146502,27.745174,303.104199,100.000000
El Salvador,SLV,2023,2.279074,5319.719527,74.608068,27.527992,304.518533,98.300000
Uruguay,URY,2016,11.801320,17009.758421,95.158542,11.124443,19.307982,99.700000
Uruguay,URY,2017,11.513948,19184.662611,95.228824,11.244429,19.360290,99.800000
Uruguay,URY,2018,11.389310,19249.940468,95.294258,11.364415,19.395121,99.800000
Uruguay,URY,2019,11.550109,18315.735038,95.347931,11.484402,19.410387,99.900000
Uruguay,URY,2020,11.357830,15757.534199,95.399765,11.604388,19.420455,100.000000
Uruguay,URY,2021,12.444980,17881.811962,95.449715,11.724374,19.407468,100.000000
Uruguay,URY,2022,12.123696,21009.288380,95.497742,11.844361,19.374431,100.000000
Uruguay,URY,2023,12.670063,23378.639973,95.543961,11.964347,19.358250,100.000000
"Venezuela, RB",VEN,2016,8.000525,3671.230041,88.991443,52.767145,34.879791,99.400000
"Venezuela, RB",VEN,2017,7.560247,3791.632620,89.028773,52.636676,34.652597,99.200000
"Venezuela, RB",VEN,2018,7.066512,3421.513416,89.065964,52.534165,33.793540,99.900000
"Venezuela, RB",VEN,2019,6.548558,2523.115275,89.103010,52.459611,32.807775,99.800000
"Venezuela, RB",VEN,2020,4.974797,1506.041694,89.139906,52.413015,32.247692,99.900000
"Venezuela, RB",VEN,2021,5.004861,2004.935729,89.176644,52.347781,32.013861,100.000000
"Venezuela, RB",VEN,2022,5.680382,3155.041909,89.213220,52.294972,31.985734,100.000000
"Venezuela, RB",VEN,2023,5.841219,3617.470384,89.249628,52.233879,32.085317,100.000000
