record_id,source,source_row,row_hash,treat,age,education,black,hispanic,married,nodegree,re74,re75,re78
NSW_TREATED_DW:00001,NSW_TREATED_DW,1,9d2d7c433df357c605b9cff4e7540c263ad4a9974b9cb40ad522daaf457fa68f,1,37,11,1,0,1,1,0,0,9930.0460000000003
NSW_TREATED_DW:00002,NSW_TREATED_DW,2,7100a9ef8b435ef65add98da7817e6f93bb653924f0602855da3ff24a3320112,1,22,9,0,1,0,1,0,0,3595.8939999999998
NSW_TREATED_DW:00003,NSW_TREATED_DW,3,a61c19f7f1e67810cb95d145dc3384bf49d09e4373b29f14509b8ae2664b4902,1,30,12,1,0,0,0,0,0,24909.450000000001
NSW_TREATED_DW:00004,NSW_TREATED_DW,4,62082757917cbe5feeb6964eb0a10dde62856985467dc1aecc75504fefefb8a7,1,27,11,1,0,0,1,0,0,7506.1459999999997
NSW_TREATED_DW:00005,NSW_TREATED_DW,5,a3ee69eea25728f41e543b0593a39739e5dcb95cf202a2323c8ac33632290bbe,1,33,8,1,0,0,1,0,0,289.78989999999999
NSW_TREATED_DW:00006,NSW_TREATED_DW,6,ccc4e32d6012c3a2c5b6394c358c9fb480cfc6b9957280ea1a6c2bafc0b69e94,1,22,9,1,0,0,1,0,0,4056.4940000000001
NSW_TREATED_DW:00007,NSW_TREATED_DW,7,bef65b03614e8919c982169560f4e61ddd48ee6a9c7bb996181505e4733b85e6,1,23,12,1,0,0,0,0,0,0
NSW_TREATED_DW:00008,NSW_TREATED_DW,8,9b0a6823421d9374fef97c62839fbc2d08ffa702bcb711a0a62884efc9ae7901,1,32,11,1,0,0,1,0,0,8472.1579999999994
NSW_TREATED_DW:00009,NSW_TREATED_DW,9,b9d2af8592af97e72fce91b1ef3474e16c8c774a5be14d22c35cc4b67816ac10,1,22,16,1,0,0,0,0,0,2164.0219999999999
NSW_TREATED_DW:00010,NSW_TREATED_DW,10,03562da8d01ec3c588cf55bc270981639a6ccc907e67a41eebceca32aa1ed42b,1,33,12,0,0,1,0,0,0,12418.07
NSW_TREATED_DW:00011,NSW_TREATED_DW,11,43e7b138cf056526fb92050fe9448894a369702b3184e477b7556278df17d81c,1,19,9,1,0,0,1,0,0,8173.9080000000004
NSW_TREATED_DW:00012,NSW_TREATED_DW,12,6c38e0fe636865fb02813f091b61285d2cacae5a518c177917dc58f347a52b37,1,21,13,1,0,0,0,0,0,17094.639999999999
NSW_TREATED_DW:00013,NSW_TREATED_DW,13,104c946bcba186082c508a23b67cabd479bd5c11b5d57102d81138df0db3de63,1,18,8,1,0,0,1,0,0,0
NSW_TREATED_DW:00014,NSW_TREATED_DW,14,46a273cf2b78613f31161987c21e1c26e204929d6aef232ee6f184215b9bd77b,1,27,10,1,0,1,1,0,0,18739.93
NSW_TREATED_DW:00015,NSW_TREATED_DW,15,e4675a241524afefc19f9902a7ba1530d4e845abe295bdb212c129f495f591f2,1,17,7,1,0,0,1,0,0,3023.8789999999999
NSW_TREATED_DW:00016,NSW_TREATED_DW,16,c95b4ed3c1a927d77e99dde8a25d2b55582b5a5ad1de632b4e4111145a402120,1,19,10,1,0,0,1,0,0,3228.5030000000002
NSW_TREATED_DW:00017,NSW_TREATED_DW,17,d55026c2cf594ed30f0ee7943d7c41586bc315231eba76fe3b4737594c8e6913,1,27,13,1,0,0,0,0,0,14581.860000000001
NSW_TREATED_DW:00018,NSW_TREATED_DW,18,277f1de782fea6568949f5a7c27688a0932a474b8682eebe488b293f8945387d,1,23,10,1,0,0,1,0,0,7693.3999999999996
NSW_TREATED_DW:00019,NSW_TREATED_DW,19,3d405634bfacb1f56deccf2fff47c0a3c868cc88318bcb3343892ff38a8693e6,1,40,12,1,0,0,0,0,0,10804.32
NSW_TREATED_DW:00020,NSW_TREATED_DW,20,debaafb09ba4aee81dfd6c6c26d82023d5e7f17b0a0bc427f755b7eb478561bc,1,26,12,1,0,0,0,0,0,10747.35
NSW_TREATED_DW:00021,NSW_TREATED_DW,21,15267d3f056dc6c4ec800a0b19a794cbec9b2fe64b70aff7e9742d11cfd97790,1,23,11,1,0,0,1,0,0,0
NSW_TREATED_DW:00022,NSW_TREATED_DW,22,c8142cd8fefd90c361746d1fcf9215f1c5badd58395c197203062cc0abcfb6a2,1,41,14,0,0,0,0,0,0,5149.5010000000002
NSW_TREATED_DW:00023,NSW_TREATED_DW,23,4a6c29c7dc62bd9d6aa7c50f85064469a74b4e341aeb0efe32cef4f7c79c3ff1,1,38,9,0,0,0,1,0,0,6408.9499999999998
NSW_TREATED_DW:00024,NSW_TREATED_DW,24,08d9949305809a6530cb8efc7f7f52cbff168fda357a5cbaa3f64110315858a0,1,24,11,1,0,0,1,0,0,1991.4000000000001
NSW_TREATED_DW:00025,NSW_TREATED_DW,25,fee5be9ab36239a3fc00217e9b576c8c0232bd90345bed5dbd8207478702e965,1,18,10,1,0,0,1,0,0,11163.17
NSW_TREATED_DW:00026,NSW_TREATED_DW,26,777239aa3e412df4bc0e10d8c1790219de03420818ecf566a6be7dd176cee57a,1,29,11,1,0,1,1,0,0,9642.9989999999998
NSW_TREATED_DW:00027,NSW_TREATED_DW,27,e4245630d8adc401d5e2cc2bbb5663f82c11fc8c237b245bde45a960cef6becb,1,25,11,1,0,0,1,0,0,9897.0490000000009
NSW_TREATED_DW:00028,NSW_TREATED_DW,28,97dd3c917265b1345bc2f8c526339079bcc4fe4b646abb0451efc13103f818f1,1,27,10,0,1,0,1,0,0,11142.870000000001
NSW_TREATED_DW:00029,NSW_TREATED_DW,29,2870eb20b8ff7a73ee653a6d514c1106f71de7a093039f68b84fb53b471f1442,1,17,10,1,0,0,1,0,0,16218.040000000001
NSW_TREATED_DW:00030,NSW_TREATED_DW,30,8cb27bcb77d6168c45d892b06b8266a3570b2c13fea1a4db3784356485a492a6,1,24,11,1,0,0,1,0,0,995.7002
NSW_TREATED_DW:00031,NSW_TREATED_DW,31,1a649d5ee18f664818e78330f1de4cd05923643816a9586275801ed8b7149cc8,1,17,10,1,0,0,1,0,0,0
NSW_TREATED_DW:00032,NSW_TREATED_DW,32,a3e27f107a5c4140eae2ce9f019a223fd1256652334058b3359ded0ddbeb6044,1,48,4,1,0,0,1,0,0,6551.5919999999996
NSW_TREATED_DW:00033,NSW_TREATED_DW,33,164d9a64001ad6ef5d1a043cb12efacdd3460322fd6a006a05a5d6dbf3a74dec,1,25,11,1,0,1,1,0,0,1574.424
NSW_TREATED_DW:00034,NSW_TREATED_DW,34,118487b7c0c2fc4abdf06de59e0a47d6921b5e240d24516010c370476d4d74b5,1,20,12,1,0,0,0,0,0,0
NSW_TREATED_DW:00035,NSW_TREATED_DW,35,04445faa5307604c056c1ce2971ea898d93836c70320bf5c22be74ae18a41b3b,1,25,12,1,0,0,0,0,0,3191.7530000000002
NSW_TREATED_DW:00036,NSW_TREATED_DW,36,369506768666d66ba45412a57e8c65572bfc26f8fd2a4be29630c63c40be1855,1,42,14,1,0,0,0,0,0,20505.93
NSW_TREATED_DW:00037,NSW_TREATED_DW,37,a4cca93d75266dd5ea3fc57e22f63041a499b338238940189e8814194f3c4bea,1,25,5,1,0,0,1,0,0,6181.8800000000001
NSW_TREATED_DW:00038,NSW_TREATED_DW,38,2744f201beced5dbac0d033398217799395bf3cf51b9df9fc8b253af44352a17,1,23,12,1,0,1,0,0,0,5911.5510000000004
NSW_TREATED_DW:00039,NSW_TREATED_DW,39,470f47343d9d8805eb6cc5b6c200084e570c7d5d30930cbae9ede11f5bc1aef5,1,46,8,1,0,1,1,0,0,3094.1559999999999
NSW_TREATED_DW:00040,NSW_TREATED_DW,40,53815cc60b50ed72b02bdd95ce391402475593e3f5ea6c7a422575c68a895003,1,24,10,1,0,0,1,0,0,0
NSW_TREATED_DW:00041,NSW_TREATED_DW,41,d6ecebab1f08201cb5aeb4225a2d63c6a0b7a5b321d91ad5a2734943d8a7bd7b,1,21,12,1,0,0,0,0,0,1254.5820000000001
NSW_TREATED_DW:00042,NSW_TREATED_DW,42,73750147e22f4b1c2e53939c8fde9492e3e0390ada8277826b7a7d15f1b09748,1,19,9,0,0,0,1,0,0,13188.83
NSW_TREATED_DW:00043,NSW_TREATED_DW,43,ba2492d69e7e8b3555a7d8d80e0f8962d67d38e86e120f1216e9ad4d3421074c,1,17,8,1,0,0,1,0,0,8061.4849999999997
NSW_TREATED_DW:00044,NSW_TREATED_DW,44,4dc87f1c06814df300087cc410516c531e5aeba21b28ea0a5ab5ea8246f34eb0,1,18,8,0,1,1,1,0,0,2787.96
NSW_TREATED_DW:00045,NSW_TREATED_DW,45,1a1ea184a674a69e64f0be187bfc1a0650ce69456ee36997f345eb0a20c613eb,1,20,11,1,0,0,1,0,0,3972.54
NSW_TREATED_DW:00046,NSW_TREATED_DW,46,26ac3479b4c21c172cd19978501145414d99becf00e801676acf0d11d200a1df,1,25,11,1,0,1,1,0,0,0
NSW_TREATED_DW:00047,NSW_TREATED_DW,47,a35d79754ae00bb5b61f719f6a32afbe55c74c4ad62dd322fae2f1526f258510,1,17,8,1,0,0,1,0,0,0
NSW_TREATED_DW:00048,NSW_TREATED_DW,48,92a55f6733ff0288c50beeb66077b1a699ff32a2db3bc165a4ab27f31f301f5c,1,17,9,1,0,0,1,0,0,0
NSW_TREATED_DW:00049,NSW_TREATED_DW,49,4d409e1c4160efd3176ade8f23d48b2f93761e65b384cc278648a4e1292f1f5e,1,25,5,1,0,0,1,0,0,12187.41
NSW_TREATED_DW:00050,NSW_TREATED_DW,50,2f10467a27c5bf90d696a5c66b6f5c6fa4fc9d64c9df71102554e8d4449aac8e,1,23,12,1,0,0,0,0,0,4843.1760000000004
NSW_TREATED_DW:00051,NSW_TREATED_DW,51,a4ca424353ab717cc615a066e3af628632681ee6f0f950d51bf9debe2fe4dd0f,1,28,8,1,0,0,1,0,0,0
NSW_TREATED_DW:00052,NSW_TREATED_DW,52,4f27932787c7d826f8836da7b994f3e72c427c068477dad7c510f03fb7063f47,1,31,11,1,0,1,1,0,0,8087.4870000000001
NSW_TREATED_DW:00053,NSW_TREATED_DW,53,3d5494c2133bc5e68051fbf60a138b656504d6c17273f631e864e5dd913d4df8,1,18,11,1,0,0,1,0,0,0
NSW_TREATED_DW:00054,NSW_TREATED_DW,54,93259b5aee3195fbf5bb832897196081249be45aa7f8c4ecc5101a54e5fedfb2,1,25,12,1,0,0,0,0,0,2348.973
NSW_TREATED_DW:00055,NSW_TREATED_DW,55,a675aabeacfb193429777910609cfe4c4ae08e85ce2cab96fbc4dc858ef7e6e4,1,30,11,1,0,1,1,0,0,590.78179999999998
NSW_TREATED_DW:00056,NSW_TREATED_DW,56,1a649d5ee18f664818e78330f1de4cd05923643816a9586275801ed8b7149cc8,1,17,10,1,0,0,1,0,0,0
NSW_TREATED_DW:00057,NSW_TREATED_DW,57,098326ceeb0d3ad63d0821d5e80f540801b87d4dc933d2c1afc66c1dfee62431,1,37,9,1,0,0,1,0,0,1067.5060000000001
NSW_TREATED_DW:00058,NSW_TREATED_DW,58,4b0b78bfc716c8ce625779cf11b8054045dd2ed9aa966a29dc909834e6c599d9,1,41,4,1,0,1,1,0,0,7284.9859999999999
NSW_TREATED_DW:00059,NSW_TREATED_DW,59,7e371157a9f9af3d601ecdcca9273e8683debfc7c9093f732138b37f457ee67b,1,42,14,1,0,1,0,0,0,13167.52
NSW_TREATED_DW:00060,NSW_TREATED_DW,60,3e6b434138d18901ebe788dd1f9d0d596a9c67b27dc1351e4044b246d24b15ef,1,22,11,0,0,0,1,0,0,1048.432
NSW_TREATED_DW:00061,NSW_TREATED_DW,61,a35d79754ae00bb5b61f719f6a32afbe55c74c4ad62dd322fae2f1526f258510,1,17,8,1,0,0,1,0,0,0
NSW_TREATED_DW:00062,NSW_TREATED_DW,62,125ff987c70d0b6e94ee0ba354f812ee37558f5d54fd9de8238f6737abd7db89,1,29,8,1,0,0,1,0,0,1923.9380000000001
NSW_TREATED_DW:00063,NSW_TREATED_DW,63,873ebdfb9457387b2f6b6e03809dfe19b452f4caa12ede26956ffd368023ba59,1,35,10,1,0,0,1,0,0,4666.2359999999999
NSW_TREATED_DW:00064,NSW_TREATED_DW,64,7ffc353ef3e04e4174cdb6e4c98bffb9dd7d69a3f90df6235dec0f68f26817b1,1,27,11,1,0,0,1,0,0,549.29840000000002
NSW_TREATED_DW:00065,NSW_TREATED_DW,65,a8501be3067411e18b85a5dc1eda5aeb93c48065d46f20d18ad071b13fa459c9,1,29,4,1,0,0,1,0,0,762.91459999999995
NSW_TREATED_DW:00066,NSW_TREATED_DW,66,d91077cb103d576c0f8c15b6a20286c94dea97bf539fbccb99b3e38fd017f96e,1,28,9,1,0,0,1,0,0,10694.290000000001
NSW_TREATED_DW:00067,NSW_TREATED_DW,67,dfb3bcdc7af36172305e8187f54d75851c76a964094f0bbe4e06cc8b7210b9fb,1,27,11,1,0,0,1,0,0,0
NSW_TREATED_DW:00068,NSW_TREATED_DW,68,2b462bb6d9c2ceb0a7b459d32eccb439baaa32630b9396eabb0e7a5a09c924f2,1,23,7,0,0,0,1,0,0,0
NSW_TREATED_DW:00069,NSW_TREATED_DW,69,033fdeff7321d9bc05f5474a3bee50392785892b98388949d68e7331d5df6930,1,45,5,1,0,1,1,0,0,8546.7150000000001
NSW_TREATED_DW:00070,NSW_TREATED_DW,70,68510130a2eec4124a4098fb5cd1313131aab34d8e10fdcfcb94ec562c29c8ea,1,29,13,1,0,0,0,0,0,7479.6559999999999
NSW_TREATED_DW:00071,NSW_TREATED_DW,71,0109f1ed5d3b3b6110830dac2a7c14afd4f3430ac5e38d5128b6e1f984e71b9c,1,27,9,1,0,0,1,0,0,0
NSW_TREATED_DW:00072,NSW_TREATED_DW,72,5cad64521b80d1177452f0508fa44ed6c106f2460c8e831e769129371f4e0a12,1,46,13,1,0,0,0,0,0,647.20460000000003
NSW_TREATED_DW:00073,NSW_TREATED_DW,73,c88235f5830496823c6c874056d84a99d1a6eb1586f1c3c26f860510e2fd3f20,1,18,6,1,0,0,1,0,0,0
NSW_TREATED_DW:00074,NSW_TREATED_DW,74,213e621c07dbc6c0633f77f3f233367a90027b2a11adfe640652988894f9e8b9,1,25,12,1,0,0,0,0,0,11965.809999999999
NSW_TREATED_DW:00075,NSW_TREATED_DW,75,638a3bbd3ab32666256b30a4dbefb13ffcc38a4ed329858c9d370869404b95f1,1,28,15,1,0,0,0,0,0,9598.5409999999993
NSW_TREATED_DW:00076,NSW_TREATED_DW,76,cc8a61082c978bf1b1ab496c846c0eb7eb509b7fe3239eef84d4dd9c0068e41a,1,25,11,0,0,0,1,0,0,18783.349999999999
NSW_TREATED_DW:00077,NSW_TREATED_DW,77,c14cd8e3a9622d5f4b14c73c6abf18a2c0e49559b23718b6dde99e2c6f6ceabc,1,22,12,1,0,0,0,0,0,18678.080000000002
NSW_TREATED_DW:00078,NSW_TREATED_DW,78,e58c322e4524395c21cde85df07954fa92b874b8bafc9765c825fdfa761c98cc,1,21,9,1,0,0,1,0,0,0
NSW_TREATED_DW:00079,NSW_TREATED_DW,79,2112da50d8fd447497a1448ebef23a25d4bea45d8ec7fd12136304fac753c139,1,40,11,1,0,0,1,0,0,23005.599999999999
NSW_TREATED_DW:00080,NSW_TREATED_DW,80,31732914b10e15b1e645faada0dde03c56bbe0a81c6d51ef955680645937c5ed,1,22,11,1,0,0,1,0,0,6456.6970000000001
NSW_TREATED_DW:00081,NSW_TREATED_DW,81,e3ceee86046076f8d8d6faea85f61cf5011fa3bbaa34b03334b64de1dd7235f5,1,25,12,1,0,0,0,0,0,0
NSW_TREATED_DW:00082,NSW_TREATED_DW,82,aa2dff61286c21ccf362c6f83304cb82cb77209b05168d190a25c920705e4b8a,1,18,12,1,0,0,0,0,0,2321.107
NSW_TREATED_DW:00083,NSW_TREATED_DW,83,18d591452b3066877cad90a406bc2bfcad856dfcea41c1deec5e796906b72078,1,38,12,0,0,0,0,0,0,4941.8490000000002
NSW_TREATED_DW:00084,NSW_TREATED_DW,84,a7ee946c2a77b482f24fbb49cda7cc395844ca0c9f4868572300df5452ada732,1,27,13,1,0,0,0,0,0,0
NSW_TREATED_DW:00085,NSW_TREATED_DW,85,5c08b56683e6f7d3180f3fb5feda29d933b2bdf82e43a48e26ba6c1a50b7fa11,1,27,8,1,0,0,1,0,0,0
NSW_TREATED_DW:00086,NSW_TREATED_DW,86,d53de2704b5f79b84621068c77c7757c5dd465ec88395fe2e3be63dfc0cda865,1,38,11,1,0,0,1,0,0,0
NSW_TREATED_DW:00087,NSW_TREATED_DW,87,224cea9b4cc1748ee573135cc16178ce8b19f56ec6ffb5f5195205f530d2cbd3,1,23,8,0,1,0,1,0,0,3881.2840000000001
NSW_TREATED_DW:00088,NSW_TREATED_DW,88,f55b210eb508244709e3c2bd9b662e1aaa44a47c424caadc2e42147e2de4c097,1,26,11,1,0,0,1,0,0,17230.959999999999
NSW_TREATED_DW:00089,NSW_TREATED_DW,89,02efa66808f38a7359442608d9172495586d6b6e47857fd2d3c3e961d2672e64,1,21,12,0,0,0,0,0,0,8048.6030000000001
NSW_TREATED_DW:00090,NSW_TREATED_DW,90,69d9f849ff43330db179423d0ecb7ca40c4235c444281e8c924d407897d1cf21,1,25,8,1,0,0,1,0,0,0
NSW_TREATED_DW:00091,NSW_TREATED_DW,91,13b12cabbfbc20a2583ebeff2add5aed357bd5ad7272e00c9408e91836ec2b9a,1,31,11,1,0,1,1,0,0,14509.93
NSW_TREATED_DW:00092,NSW_TREATED_DW,92,1a649d5ee18f664818e78330f1de4cd05923643816a9586275801ed8b7149cc8,1,17,10,1,0,0,1,0,0,0
NSW_TREATED_DW:00093,NSW_TREATED_DW,93,8fa567cc4427bdfb6bb6cf18a0d4c49cf3f3d018564b1e39bfd0d6eb0f7b612e,1,25,11,1,0,0,1,0,0,0
NSW_TREATED_DW:00094,NSW_TREATED_DW,94,76f225fc82893e8d1a16a3ff454153511198e5642f8f035410c113d0cb8a5a12,1,21,12,1,0,0,0,0,0,9983.7839999999997
NSW_TREATED_DW:00095,NSW_TREATED_DW,95,761609fcda564a3cafff170a7493edc2334ed2d045e7db659b445d6138b63bc8,1,44,11,1,0,0,1,0,0,0
NSW_TREATED_DW:00096,NSW_TREATED_DW,96,39b61145d25a66d3e359ec6047be008c82e62c524b88318213ca22eb891ffc87,1,25,12,0,0,0,0,0,0,5587.5029999999997
NSW_TREATED_DW:00097,NSW_TREATED_DW,97,cd4710074ce721d35464b7a44d353b97887c9f76e3d63c2f2a6587eafad485b8,1,18,9,1,0,0,1,0,0,4482.8450000000003
NSW_TREATED_DW:00098,NSW_TREATED_DW,98,5eec89536c610d5116cca81c39529b04504b51b129473bc6320aefeb71c063a5,1,42,12,1,0,0,0,0,0,2456.1529999999998
NSW_TREATED_DW:00099,NSW_TREATED_DW,99,8eaac82987a89737b7b1af8f113443607c6c3c9dbcba480a835fba9066fdaf69,1,25,10,1,0,0,1,0,0,0
NSW_TREATED_DW:00100,NSW_TREATED_DW,100,ff6e495bb2b5b3adc4a28516734d1e56f13308a36db16c1c1abe9a711c12ffca,1,31,9,0,1,0,1,0,0,26817.599999999999
NSW_TREATED_DW:00101,NSW_TREATED_DW,101,53815cc60b50ed72b02bdd95ce391402475593e3f5ea6c7a422575c68a895003,1,24,10,1,0,0,1,0,0,0
NSW_TREATED_DW:00102,NSW_TREATED_DW,102,26fef57a2afbc9757f41159e32177682695cfa9bd7a305beabd9d3db5baf8d16,1,26,10,1,0,0,1,0,0,9265.7880000000005
NSW_TREATED_DW:00103,NSW_TREATED_DW,103,39dd7b44e227b94332a79cc49fcca01e3d967e22a97ce57014f2ebfa11a57bbd,1,25,11,1,0,0,1,0,0,485.22980000000001
NSW_TREATED_DW:00104,NSW_TREATED_DW,104,eec5d012667d911404d4f98e7b14a67f28d47e874cc39ecd3038c4d0c9871e5c,1,18,11,1,0,0,1,0,0,4814.6270000000004
NSW_TREATED_DW:00105,NSW_TREATED_DW,105,479a21bb673779768a310fa039e6fbb788d8575712c786d20711c183b26e083d,1,19,11,1,0,0,1,0,0,7458.1049999999996
NSW_TREATED_DW:00106,NSW_TREATED_DW,106,f8067a185415c7b940c7bb2c5161ee03251154a13a237ae977703924d4c17135,1,43,9,1,0,0,1,0,0,0
NSW_TREATED_DW:00107,NSW_TREATED_DW,107,2225d813830617f6cbff811ce31596d01599f67ca8a7dfd650a333a9c157bc33,1,27,13,1,0,0,0,0,0,34099.279999999999
NSW_TREATED_DW:00108,NSW_TREATED_DW,108,3ad2342bedf3d211d47ce19d52e55bac51ae93af81f4a40fe7772c245cead5e6,1,17,9,1,0,0,1,0,0,1953.268
NSW_TREATED_DW:00109,NSW_TREATED_DW,109,7e36e2efdd453f6d1b4d66fdd3d934500026e7b25ca55bf3041e92f405855aef,1,30,11,1,0,0,1,0,0,0
NSW_TREATED_DW:00110,NSW_TREATED_DW,110,adc247c79158d3f53a7778191bad338c759e77139acc2649dbfa5774ad6abc80,1,26,10,1,0,1,1,2027.999,0,0
NSW_TREATED_DW:00111,NSW_TREATED_DW,111,34133a58c5409461ea732e5e8989efb01c5753ef98c3329b128d6d13cc3b3ea9,1,20,9,1,0,0,1,6083.9939999999997,0,8881.6650000000009
NSW_TREATED_DW:00112,NSW_TREATED_DW,112,b94abbb38bfab03048c99971a602dfa393bf8b06cbe18c57ec68ddec80475ee7,1,17,9,0,1,0,1,445.17039999999997,74.343450000000004,6210.6700000000001
NSW_TREATED_DW:00113,NSW_TREATED_DW,113,4f212324be4448a5d1db90e13bf1bffe64249fda9682b69a84a4127b32e9f052,1,20,12,1,0,0,0,989.26779999999997,165.20769999999999,0
NSW_TREATED_DW:00114,NSW_TREATED_DW,114,e0b4f398466e6b315def61afef12e9b13dbbc9a559a74c8e78e6aa97e8db333d,1,18,11,1,0,0,1,858.25429999999994,214.56360000000001,929.88390000000004
NSW_TREATED_DW:00115,NSW_TREATED_DW,115,1c37400ed706db42e1028b3234b0aabc0397575b491a0748e9ccc45a695ec9f0,1,27,12,1,0,1,0,3670.8719999999998,334.04930000000002,0
NSW_TREATED_DW:00116,NSW_TREATED_DW,116,ac7cd00d7233558c30e612af2bc0a1adf42eb3ced2651fd8facbb664d3516cd0,1,21,12,0,0,0,0,3670.8719999999998,334.04939999999999,12558.02
NSW_TREATED_DW:00117,NSW_TREATED_DW,117,a03b6bebee3eac2bf0290660d232f6f291b58dd6f370dc48f29e8d01e983eca5,1,27,12,1,0,0,0,2143.413,357.94990000000001,22163.25
NSW_TREATED_DW:00118,NSW_TREATED_DW,118,3fe0bb29086a51d396bb8daa2cde5284506390dbd4808ef4fcf1afecd674ad89,1,20,12,1,0,0,0,0,377.5686,1652.6369999999999
NSW_TREATED_DW:00119,NSW_TREATED_DW,119,fc60d8b135e70d4c119825d0f1a6d0a475f762773ac8321ff713fc0d3f1161f5,1,19,10,1,0,0,1,0,385.27409999999998,8124.7150000000001
NSW_TREATED_DW:00120,NSW_TREATED_DW,120,f4676b39f6e3a78b87efa4093224f770220ab20405d3ce98fcb856c4456a9df3,1,23,12,1,0,0,0,5506.308,501.07409999999999,671.33180000000004
NSW_TREATED_DW:00121,NSW_TREATED_DW,121,2778a87c6d6d167fc7c2352e049f61a4f5cd0d6cdc3f8f0c539bf88c9184f098,1,29,14,1,0,0,0,0,679.67340000000002,17814.98
NSW_TREATED_DW:00122,NSW_TREATED_DW,122,229e034d5c880588bf72736cdb1466ad0c7612166d483b928c938209e6a6af41,1,18,10,1,0,0,1,0,798.90790000000004,9737.1540000000005
NSW_TREATED_DW:00123,NSW_TREATED_DW,123,53eb01d708a948baf96ca15b6bf4f618bea74faed315d9cd284908b8d8460458,1,19,9,1,0,0,1,0,798.90790000000004,17685.18
NSW_TREATED_DW:00124,NSW_TREATED_DW,124,6bb93e94872ac588bfab398242b8921006622098020ec59b7c25bbc6b0de9d61,1,27,13,0,0,1,0,9381.5660000000007,853.72249999999997,0
NSW_TREATED_DW:00125,NSW_TREATED_DW,125,db158bfe7a46945d3f3650d63729ea30b4ca042dabe6a81763d1e974b3e7b7d1,1,18,11,0,0,0,1,3678.2310000000002,919.55790000000002,4321.7049999999999
NSW_TREATED_DW:00126,NSW_TREATED_DW,126,8b5f23f8f96b8ae33c7b26be7214b0270332fdb93bb47134fb04df0f87bd3eda,1,27,9,1,0,1,1,0,934.44539999999995,1773.423
NSW_TREATED_DW:00127,NSW_TREATED_DW,127,ca19fdddfc6e0021c82fbdf55994dde5b555778fa698e5fec17c8dcd5dead5eb,1,22,12,1,0,0,0,5605.8519999999999,936.17729999999995,0
NSW_TREATED_DW:00128,NSW_TREATED_DW,128,a203b2eb16363ff6c640babeac7fe36d11b10515b1174d30fe7543dee58a2f0d,1,23,10,1,0,1,1,0,936.43859999999995,11233.26
NSW_TREATED_DW:00129,NSW_TREATED_DW,129,ca1efa879d460cda698f65c38d0042b0f9f184aeb65e7bc8b325e2e74fc65e6d,1,23,12,0,1,0,0,9385.7399999999998,1117.4390000000001,559.44320000000005
NSW_TREATED_DW:00130,NSW_TREATED_DW,130,ad4fe8f3d287ffe6278e5895cf7a65db0af1024153a4d5d8212aeab7eda904bf,1,20,11,1,0,0,1,3637.498,1220.836,1085.4400000000001
NSW_TREATED_DW:00131,NSW_TREATED_DW,131,37389840e5225bfc1f2f20253552909316ab958d41abfa39b8efdc1e6b513eb8,1,17,9,1,0,0,1,1716.509,1253.4390000000001,5445.1999999999998
NSW_TREATED_DW:00132,NSW_TREATED_DW,132,03daa29d503b780083246fd5dfe51081fc2075863021fcb5ddad33af9950e376,1,28,11,1,0,0,1,0,1284.079,60307.93
NSW_TREATED_DW:00133,NSW_TREATED_DW,133,94ef2c8d3391459c643dbc6f8ab0581747bfe8daf0b7a305fe6db4b1f6ecdc7e,1,26,11,1,0,1,1,0,1392.8530000000001,1460.3599999999999
NSW_TREATED_DW:00134,NSW_TREATED_DW,134,eb1444e15764e65ab61981e3ca7cd0145e1bc7b5b06b2bf52775e3755b7492d1,1,20,11,1,0,0,1,16318.620000000001,1484.9939999999999,6943.3419999999996
NSW_TREATED_DW:00135,NSW_TREATED_DW,135,56edfca21d0502b289dfba7b830c67192d20df9cb748728baa1719237896872a,1,24,11,1,0,1,1,824.3886,1666.1130000000001,4032.7080000000001
NSW_TREATED_DW:00136,NSW_TREATED_DW,136,ed991babb134f46d3c3c59ae423e02633a3bafcb2a97f7adcef048cc53921d78,1,31,9,1,0,0,1,0,1698.607,10363.27
NSW_TREATED_DW:00137,NSW_TREATED_DW,137,15099ac7bf5c83ee238a9baa799b5b4430f3a3d64cfa91a77338d0131c846276,1,23,8,0,0,1,1,0,1713.1500000000001,4232.3090000000002
NSW_TREATED_DW:00138,NSW_TREATED_DW,138,fb5d3c5959d9b34f761359b04298841b216a046ff2f8a310684c2b2f611a81a0,1,18,10,1,0,0,1,2143.4110000000001,1784.2739999999999,11141.389999999999
NSW_TREATED_DW:00139,NSW_TREATED_DW,139,f6141c47ff3916a358690c8028e5ec11e76a6d1ced496fe7300a73b992137f79,1,29,12,1,0,0,0,10881.940000000001,1817.2840000000001,0
NSW_TREATED_DW:00140,NSW_TREATED_DW,140,41ddb4ebd969c6d27bfc02d5a02d7a43cf88d3c77f4d1efcb5feaaf7ee6bb7cf,1,26,11,0,0,0,1,0,2226.2660000000001,13385.860000000001
NSW_TREATED_DW:00141,NSW_TREATED_DW,141,bc1e06d28ef2545e8cc277d9aaa8c3b9a562f9c15f3a1c030c2b4c3fb1d552dc,1,24,9,1,0,0,1,9154.7000000000007,2288.6750000000002,4849.5590000000002
NSW_TREATED_DW:00142,NSW_TREATED_DW,142,a780bc681dd98773fda01c533db9b07c0ef741dae175c2f7579452cbde71efea,1,25,12,1,0,0,0,14426.790000000001,2409.2739999999999,0
NSW_TREATED_DW:00143,NSW_TREATED_DW,143,e644eafa5039216daa1487a79b2c3a53fc60398b1d8ba0c0bd96cde459f96f40,1,24,10,1,0,0,1,4250.402,2421.9470000000001,1660.508
NSW_TREATED_DW:00144,NSW_TREATED_DW,144,d8739f7cf50d4704e2f9f1bf21748e90fede0da1d69bac791c9f3363d01295ee,1,46,8,1,0,0,1,3165.6579999999999,2594.723,0
NSW_TREATED_DW:00145,NSW_TREATED_DW,145,d40b3b62d76b65d6d852f166b2aae1e6ff192b788ada68b8008d22612c9162ae,1,31,12,0,0,0,0,0,2611.2179999999998,2484.549
NSW_TREATED_DW:00146,NSW_TREATED_DW,146,f31f69856c3008853111f1cae48a5f29d57bbab4e523e614eaa1ab4b77552044,1,19,11,1,0,0,1,2305.0259999999998,2615.2759999999998,4146.6030000000001
NSW_TREATED_DW:00147,NSW_TREATED_DW,147,2f76cc52b01ae5bc3bbfeafba159f25f47ebb14c338760a4e533035d005426f0,1,19,8,1,0,0,1,0,2657.0569999999998,9970.6810000000005
NSW_TREATED_DW:00148,NSW_TREATED_DW,148,ea36702f006f0350a404e46872759245412f2d3d961d08f41ed51cfe0ea49525,1,27,11,1,0,0,1,2206.9400000000001,2666.2739999999999,0
NSW_TREATED_DW:00149,NSW_TREATED_DW,149,a6536e7006c442bb1abc92d2d87ca373d605e5eab4f20dfc77358047d554f22e,1,26,11,1,0,1,1,0,2754.6460000000002,26372.279999999999
NSW_TREATED_DW:00150,NSW_TREATED_DW,150,4209c976db871b96e115b539545fe1c1c5e78baa13959b14b7e286b9b57d8a1c,1,20,10,1,0,0,1,5005.7309999999998,2777.355,5615.1890000000003
NSW_TREATED_DW:00151,NSW_TREATED_DW,151,b31d1e72a66d31f972f86a01368bb71981e904e66123aaee84c61c32df41c40a,1,28,10,1,0,0,1,0,2836.5059999999999,3196.5709999999999
NSW_TREATED_DW:00152,NSW_TREATED_DW,152,98f8e1054f5857f78e225b007a2ad5b5fe7ac0ae0f8b76237e72d36946150638,1,24,12,1,0,0,0,13765.75,2842.7640000000001,6167.6809999999996
NSW_TREATED_DW:00153,NSW_TREATED_DW,153,07374bea3e956bde461ecad7aae3b13153f9b907fd2dc30f2cf0ff0f12a56107,1,19,8,1,0,0,1,2636.3530000000001,2937.2640000000001,7535.942
NSW_TREATED_DW:00154,NSW_TREATED_DW,154,cd2d58b5e26df21f950c4728b2d1c71a3e99aa535cc0651fb60d48c3d6e75cb1,1,23,12,1,0,0,0,6269.3410000000003,3039.96,8484.2389999999996
NSW_TREATED_DW:00155,NSW_TREATED_DW,155,3845d917cfbf56aa98f5a0ddb2fd24f9ebcb7be35a19f21fb9488870f7e6904a,1,42,9,1,0,1,1,0,3058.5309999999999,1294.4090000000001
NSW_TREATED_DW:00156,NSW_TREATED_DW,156,96fbf4cf9e597019a5094ace75b9048882c024174dcf35dd59ced7cb5f72f2a7,1,25,13,1,0,0,0,12362.93,3090.732,0
NSW_TREATED_DW:00157,NSW_TREATED_DW,157,f12e584fa2517c9c5201d2d330949602b8ceaee584ea70dfc2c63af5147b3363,1,18,9,1,0,0,1,0,3287.375,5010.3419999999996
NSW_TREATED_DW:00158,NSW_TREATED_DW,158,d71949402389f4f5d5518d644fb174212e708101f3265e4bb2f7f947fee168bd,1,21,12,1,0,0,0,6473.683,3332.4090000000001,9371.0370000000003
NSW_TREATED_DW:00159,NSW_TREATED_DW,159,32feea27c46871178b518d1e0dee66bce8fc991073ad5f167ca8526b6f75c7a3,1,27,10,1,0,0,1,1001.146,3550.0749999999998,0
NSW_TREATED_DW:00160,NSW_TREATED_DW,160,0d3fcadb7323e9660950dfd46c962060c989ab107f6df0bc8c58961e4a491fb5,1,21,8,1,0,0,1,989.26779999999997,3695.8969999999999,4279.6130000000003
NSW_TREATED_DW:00161,NSW_TREATED_DW,161,1365a5e99d1835a78efd1accb5b13bbe6108c2d38d52baf0ec6a89b0480b1ac4,1,22,9,1,0,0,1,2192.877,3836.9859999999999,3462.5639999999999
NSW_TREATED_DW:00162,NSW_TREATED_DW,162,e5cb357d26660c29c7dd397da8364d959634881681058830b3c16903e93cebc0,1,31,4,1,0,0,1,8517.5889999999999,4023.2109999999998,7382.549
NSW_TREATED_DW:00163,NSW_TREATED_DW,163,4a3338ed06bb7da54f20ea11421b235f7a1ca31ac312d4410fd446d9045b1bb0,1,24,10,1,0,1,1,11703.200000000001,4078.152,0
NSW_TREATED_DW:00164,NSW_TREATED_DW,164,40674c725372c7b59cff08f2a554bc74d872c4f4de17782a694499b71ad9fe9f,1,29,10,1,0,0,1,0,4398.9499999999998,0
NSW_TREATED_DW:00165,NSW_TREATED_DW,165,2bbba4df15515a2f503a50ff373f0e43dbdcc41357f6c4ff1302d81acdcee3e1,1,29,12,1,0,0,0,9748.3870000000006,4878.9369999999999,10976.51
NSW_TREATED_DW:00166,NSW_TREATED_DW,166,49506c664c81f744cdd506ba6cf5d9b2a4b0cf22207757f1582fa313d590f0bb,1,19,10,0,0,0,1,0,5324.1090000000004,13829.620000000001
NSW_TREATED_DW:00167,NSW_TREATED_DW,167,e6c56fc3da34e4cc342814f7615d54b49f5c08f12d11a6115eadb7f648d9d5df,1,19,11,0,1,1,1,5424.4849999999997,5463.8029999999999,6788.4629999999997
NSW_TREATED_DW:00168,NSW_TREATED_DW,168,c01345dbbba14ee6f77e5e8c65c5a93c6a3dc6fc27ab5678ace66aa05cadfda9,1,31,9,1,0,0,1,10717.030000000001,5517.8410000000003,9558.5010000000002
NSW_TREATED_DW:00169,NSW_TREATED_DW,169,e5f1af07196a87a4854939a94181f69bcfe527bb75e58205b6e2301a9c1d2668,1,22,10,1,0,1,1,1468.348,5588.6639999999998,13228.280000000001
NSW_TREATED_DW:00170,NSW_TREATED_DW,170,2cbbeeb8e605dd5f0f821adcd212e00bd17bad66d6e6b3fe5649b1042531a8ee,1,21,9,1,0,0,1,6416.4700000000003,5749.3310000000001,743.66660000000002
NSW_TREATED_DW:00171,NSW_TREATED_DW,171,ceea3cc4e1fb6240e89fa577a3a56a2e07f9ed7b8b1d7a96d5181fd2d3627673,1,17,10,1,0,0,1,1291.4680000000001,5793.8519999999999,5522.7879999999996
NSW_TREATED_DW:00172,NSW_TREATED_DW,172,8013198b65107ee247b5251eaf2f5284733005a6e5ed8b873facd4bfcb88acbf,1,26,12,1,0,1,0,8408.7620000000006,5794.8310000000001,1424.944
NSW_TREATED_DW:00173,NSW_TREATED_DW,173,fa75d6c9fb45f3d39abfb7592e4663de7965d7c2da84cee6c8292dccd26d36ea,1,20,9,0,1,0,1,12260.780000000001,5875.049,1358.643
NSW_TREATED_DW:00174,NSW_TREATED_DW,174,bf04535889668f1b706790121a55835dd66b73e67e773163a521640a52ef08e7,1,19,10,1,0,0,1,4121.9489999999996,6056.7539999999999,0
NSW_TREATED_DW:00175,NSW_TREATED_DW,175,1aa70495fad05e6833ba5b338204bd4edea6ee48e0eb5b1b2dbf1d12ac027fa7,1,26,10,1,0,0,1,25929.68,6788.9579999999996,672.87729999999999
NSW_TREATED_DW:00176,NSW_TREATED_DW,176,4db18d29ef359b786c3144df1bafb730cbca4247722c0da0dd3e6c4dcee40f55,1,28,11,1,0,0,1,1929.029,6871.8559999999998,0
NSW_TREATED_DW:00177,NSW_TREATED_DW,177,f434f072378bc745fff830ce7b144f841e74c5d19e7fb1a52b2a4ecde8da98b3,1,22,12,0,1,1,0,492.23050000000001,7055.7020000000002,10092.83
NSW_TREATED_DW:00178,NSW_TREATED_DW,178,38ff54f20e0628a5f6a88b6804f688d9849c9195ca04694ce21c7b1122a4b220,1,33,11,1,0,0,1,0,7867.9160000000002,6281.433
NSW_TREATED_DW:00179,NSW_TREATED_DW,179,b64dac40fc6993c0e44dda70a5925255749dbde708e5f0f301d2384dc51c35c7,1,22,12,0,0,0,0,6759.9939999999997,8455.5040000000008,12590.709999999999
NSW_TREATED_DW:00180,NSW_TREATED_DW,180,24c041b753a5cdf8b9074f4a2c0c7839bc8be135772fa1bcc3fd4e4de68e630e,1,29,10,0,1,0,1,0,8853.6740000000009,5112.0140000000001
NSW_TREATED_DW:00181,NSW_TREATED_DW,181,c4ae4f1615cbfb417613fd68baea92330cb27ddafaa793c46743cc839dcb584c,1,33,12,1,0,1,0,20279.950000000001,10941.35,15952.6
NSW_TREATED_DW:00182,NSW_TREATED_DW,182,c1f5021dfa9c77dc7468b348cb5ed9d07acd2f293d69a36187183d8fc216b3b4,1,25,14,1,0,1,0,35040.07,11536.57,36646.949999999997
NSW_TREATED_DW:00183,NSW_TREATED_DW,183,9e9196b4927f0de03bf2c599bbcdfcc5dd1abe0d3bb55727874da589a3dc042d,1,35,9,1,0,1,1,13602.43,13830.639999999999,12803.969999999999
NSW_TREATED_DW:00184,NSW_TREATED_DW,184,4250a8ea781d01b5e5c7812ea4b227813c794ba96763c2061624e732c3b2975b,1,35,8,1,0,1,1,13732.07,17976.150000000001,3786.6280000000002
NSW_TREATED_DW:00185,NSW_TREATED_DW,185,72d24b4e74ee0685d73fbb6c8b65168ecfc2847154f05812f012bff89a79f212,1,33,11,1,0,1,1,14660.709999999999,25142.240000000002,4181.942
NSW_CONTROL_DW:00001,NSW_CONTROL_DW,1,b8038517fdb5ed11bd03d12440a7ecc7d09440e2151f053456c87d2610a4adf5,0,23,10,1,0,0,1,0,0,0
NSW_CONTROL_DW:00002,NSW_CONTROL_DW,2,4b95e451193d60b8f600affec2394a80246b92a109dfc7df0955b3dec58bf788,0,26,12,0,0,0,0,0,0,12383.68
NSW_CONTROL_DW:00003,NSW_CONTROL_DW,3,60ed3f474556e7dac7d1d81a657ca6618462e97bd0c22f7b6c8a27332097814c,0,22,9,1,0,0,1,0,0,0
NSW_CONTROL_DW:00004,NSW_CONTROL_DW,4,e780780ab488521168566adedfa407ae24f98a86901afebed7e04d2ea76b790c,0,18,9,1,0,0,1,0,0,10740.08
NSW_CONTROL_DW:00005,NSW_CONTROL_DW,5,c0178c1488c49c08037a4b85ed10811a58c9769ce18faea5a535728ec6ba55f0,0,45,11,1,0,0,1,0,0,11796.469999999999
NSW_CONTROL_DW:00006,NSW_CONTROL_DW,6,d965102ec2c2f7484440192ea353dcd77c993fc52e65652be9d0e955890bcb5c,0,18,9,1,0,0,1,0,0,9227.0519999999997
NSW_CONTROL_DW:00007,NSW_CONTROL_DW,7,d2b1e15960c1440da2f21969debddb434ba36b2fb0bd33478a57319f5161409f,0,24,8,0,0,0,1,0,0,10569.27
NSW_CONTROL_DW:00008,NSW_CONTROL_DW,8,d1175ba7f6fa6b2707f98c271ea8fffc8aef63d40a83cd1f1707a7988b353ddb,0,34,11,1,0,1,1,0,0,6040.335
NSW_CONTROL_DW:00009,NSW_CONTROL_DW,9,202fe07a3b072eaf61eaba95191816925d85018bdc4c91c0e8f268ec5374ca91,0,24,4,0,1,0,1,0,0,3880.8330000000001
NSW_CONTROL_DW:00010,NSW_CONTROL_DW,10,80bea8f65a3903c9ef2fd00ffaa8b8639cf6c998e64555a33a34b1c142d5595a,0,36,10,1,0,0,1,0,0,0
NSW_CONTROL_DW:00011,NSW_CONTROL_DW,11,eed523917af06c9bdfd9792bba2cb4fe278b79400ca9661b02d745176dd2d123,0,21,14,1,0,0,0,0,0,5775.0619999999999
NSW_CONTROL_DW:00012,NSW_CONTROL_DW,12,e69540618d99ca5c309a8f738ea5b84981c043f60a17bfd556fd2414b052d1e3,0,28,9,1,0,0,1,0,0,0
NSW_CONTROL_DW:00013,NSW_CONTROL_DW,13,559646ff6293570984d2c8917aee6647570c88b48370e7b19512527ae7e8132c,0,27,7,1,0,1,1,0,0,0
NSW_CONTROL_DW:00014,NSW_CONTROL_DW,14,56289c478a76d6ec884e130b77aef516899584b2a1163d2fc23d3d24206f5388,0,19,11,0,0,0,1,0,0,0
NSW_CONTROL_DW:00015,NSW_CONTROL_DW,15,e208bdfbd74307c2199f8552f56d7eb72abc8fdb3b418a372a28cc850f445af8,0,20,8,1,0,0,1,0,0,0
NSW_CONTROL_DW:00016,NSW_CONTROL_DW,16,069bedce01a913853dad2c5209b656d74c7b5e1e4cac3b67c0238ec7e59a5e2b,0,34,12,1,0,0,0,0,0,2113.7220000000002
NSW_CONTROL_DW:00017,NSW_CONTROL_DW,17,ab1a83ed7f6a2b130c31f05fbbd59f49d27d3546d0619869ee332cf8e4a8f92c,0,24,10,1,0,0,1,0,0,7618.6390000000001
NSW_CONTROL_DW:00018,NSW_CONTROL_DW,18,05638f6a8f74a0d3baaa3fc9fdedc3d9dc2ba22a8744f9542a895e45d4d5f183,0,22,8,0,1,0,1,0,0,9920.9449999999997
NSW_CONTROL_DW:00019,NSW_CONTROL_DW,19,8e1ba07ee71dd359a07e8089051b3caddb83e5c7a0b60968f7264e4b1bcc8a33,0,25,11,1,0,0,1,0,0,4196.375
NSW_CONTROL_DW:00020,NSW_CONTROL_DW,20,bf5e1544d614e9cd6d08d8c9f1a111f4b6e372457574193e2994e5ec7eecf924,0,39,9,1,0,0,1,0,0,0
NSW_CONTROL_DW:00021,NSW_CONTROL_DW,21,580a239c3db342b9c523f0f245be796228c5beb13342862b4c78ec57abc51615,0,19,9,1,0,1,1,0,0,16658.25
NSW_CONTROL_DW:00022,NSW_CONTROL_DW,22,dbcc21cfcf8e46e20a7723fceab68c3b4be8feea02e1f88409b1d36c7bbad945,0,44,9,1,0,0,1,0,0,9722.0030000000006
NSW_CONTROL_DW:00023,NSW_CONTROL_DW,23,f82c16b02e2554e75525f7ed32a27e6613a607f40d010d0526a85bd0c4d6a9ea,0,27,8,1,0,0,1,0,0,3783.6599999999999
NSW_CONTROL_DW:00024,NSW_CONTROL_DW,24,f12fd591bbe3fcb5a8eaaee4a22f6fc3dfe4a7a420a45d853dfccede54d67708,0,25,8,1,0,0,1,0,0,3515.9290000000001
NSW_CONTROL_DW:00025,NSW_CONTROL_DW,25,e150e9cda990fdc8d4f72b007b23219ffbd2f6a2cd4d755d39d634c38bb90e69,0,31,10,1,0,0,1,0,0,17014.59
NSW_CONTROL_DW:00026,NSW_CONTROL_DW,26,b10714b69e947334de95af541c05bd86e232968c5a8c514cfa652886d762d33e,0,34,10,1,0,1,1,0,0,0
NSW_CONTROL_DW:00027,NSW_CONTROL_DW,27,33625002d25c6f8f4e94e9865d9744b6a5bf08df8c77ed4b3b3effcd3eafec99,0,21,7,0,1,0,1,0,0,0
NSW_CONTROL_DW:00028,NSW_CONTROL_DW,28,69de99473b969fcdb91ea3313d2848a50b6f020e48d1902a7c95dcd0720afc5e,0,33,12,1,0,0,0,0,0,5970.2569999999996
NSW_CONTROL_DW:00029,NSW_CONTROL_DW,29,4a2c2c06ad84fa96daee6e9b9d05d0661c145d1ec0491f9e2d8ac4406dfe27cd,0,18,10,0,1,0,1,0,0,1859.1669999999999
NSW_CONTROL_DW:00030,NSW_CONTROL_DW,30,affa0c13a75c8ee6937478ad7c857203be67c8102cc7d6f8edca6a9f145887e8,0,26,12,1,0,1,0,0,0,6191.9430000000002
NSW_CONTROL_DW:00031,NSW_CONTROL_DW,31,a913c20b59e100637882fc761a78191fe04013a5fa9e5149e629e7d211becd46,0,31,12,1,0,0,0,0,0,7284.3940000000002
NSW_CONTROL_DW:00032,NSW_CONTROL_DW,32,95724b7ae713cebf2045ded004355bd49966eea4dc9dc88d1627e2571ef305e3,0,35,10,1,0,0,1,0,0,445.83089999999999
NSW_CONTROL_DW:00033,NSW_CONTROL_DW,33,4bad61a28fcfb27b9e4ebbe7f4272369667dc00af00236e17a7369f0bfcc41b6,0,20,12,1,0,0,0,0,0,0
NSW_CONTROL_DW:00034,NSW_CONTROL_DW,34,da78ccbbba42b7fee0392bc2e50ff6cd50af0e174b629613e91cefdc87034f3d,0,25,11,1,0,0,1,0,0,0
NSW_CONTROL_DW:00035,NSW_CONTROL_DW,35,8bf37e2280fe2ab4389c32f4b2bae39d70d87b06ddde5af92986e0b166e11333,0,25,10,1,0,0,1,0,0,7367.04
NSW_CONTROL_DW:00036,NSW_CONTROL_DW,36,4d74a613ded6d31a4183416085121a1c8e196c69dfc1729a3f24894cc10a3bb0,0,35,11,1,0,0,1,0,0,0
NSW_CONTROL_DW:00037,NSW_CONTROL_DW,37,1d6fc6e9eb0ee33fe071196e6fd69cadbe4fbeb8ebe677fd7caffa0679119078,0,20,10,1,0,0,1,0,0,2015.5029999999999
NSW_CONTROL_DW:00038,NSW_CONTROL_DW,38,ceec631d979b384dc5a12c51713f334366697ffaadc412a98b90752c95e31a26,0,25,9,0,1,0,1,0,0,15791.129999999999
NSW_CONTROL_DW:00039,NSW_CONTROL_DW,39,9014e2e97f44fdf9d3d7d8c8239d3d1e80a76ca39efa11c765c1ea6115a56791,0,27,10,1,0,0,1,0,0,1135.47
NSW_CONTROL_DW:00040,NSW_CONTROL_DW,40,f9c500ca8626ac05152786baa7b51d6ef521bbf85325500c138f868f975b9661,0,20,11,0,1,0,1,0,0,6378.7200000000003
NSW_CONTROL_DW:00041,NSW_CONTROL_DW,41,43e56782567a3032c2ce63b3a78b51768b6afec4001ef84884687afc06e52a69,0,26,11,1,0,0,1,0,0,7176.1869999999999
NSW_CONTROL_DW:00042,NSW_CONTROL_DW,42,2abaa8bdc18f1069e14ed0b5f66af12a11f85f477273fa5f9c827babfa44aeaa,0,38,8,1,0,0,1,0,0,0
NSW_CONTROL_DW:00043,NSW_CONTROL_DW,43,3c7c5fab3ebbe533e4370cd3b47312cd25842b54a66c6688625cbdc668b1e4df,0,34,10,1,0,0,1,0,0,7952.54
NSW_CONTROL_DW:00044,NSW_CONTROL_DW,44,bbd1b4893b5595bd715814e4f6fad8f6cc054e3198402a67a75d07a81ebfa09e,0,19,12,1,0,0,0,0,0,0
NSW_CONTROL_DW:00045,NSW_CONTROL_DW,45,4e204d1176890314d97dca35359c6b6f1a99a64824f4079ac1b370be036db8cc,0,32,8,1,0,0,1,0,0,7152.1319999999996
NSW_CONTROL_DW:00046,NSW_CONTROL_DW,46,1bf7dc7b710df47d00ea15e298b6f9d32273e15c648c1fe834de8646774efc4a,0,20,9,0,1,0,1,0,0,8329.8230000000003
NSW_CONTROL_DW:00047,NSW_CONTROL_DW,47,b8038517fdb5ed11bd03d12440a7ecc7d09440e2151f053456c87d2610a4adf5,0,23,10,1,0,0,1,0,0,0
NSW_CONTROL_DW:00048,NSW_CONTROL_DW,48,69afaa1febb6d93061a724721f2fa9dea966ccb996197b9d120b3c01bd23ad65,0,38,10,1,0,0,1,0,0,12429.91
NSW_CONTROL_DW:00049,NSW_CONTROL_DW,49,4a32f7fec3c0094b11fa598f7e775bc2bba4923069ca158f41445a2ffe93f5b8,0,24,11,1,0,0,1,0,0,0
NSW_CONTROL_DW:00050,NSW_CONTROL_DW,50,a75c11f48f155741024f3932adb4285c7bb0105079eeb49091efaae5d1af872f,0,23,11,1,0,0,1,0,0,5088.7600000000002
NSW_CONTROL_DW:00051,NSW_CONTROL_DW,51,96f43ade94a9d57de575953db3036ffbed45a795fc7c5b3f09d277ee45004f69,0,20,7,0,1,0,1,0,0,4374.04
NSW_CONTROL_DW:00052,NSW_CONTROL_DW,52,b1f635a96b1d622293b8b7472c70af67cc35e784495058f9ff5bf2b36033920f,0,21,11,1,0,0,1,0,0,1553.2909999999999
NSW_CONTROL_DW:00053,NSW_CONTROL_DW,53,0a3a59c9ef5c1407206c74a3512b19a304f0e06fe6a5365a4f7ad4deb476c5be,0,25,10,1,0,0,1,0,0,0
NSW_CONTROL_DW:00054,NSW_CONTROL_DW,54,15f46be06fa63c98c38958ed4368243f174d8f88299ec3df50e8a365f23fdc01,0,22,11,1,0,1,1,0,0,1698.3040000000001
NSW_CONTROL_DW:00055,NSW_CONTROL_DW,55,79af1123b30a7e01b5d34edad9c242f7d6f276c679c126978084d56ef5354717,0,23,11,1,0,0,1,0,0,0
NSW_CONTROL_DW:00056,NSW_CONTROL_DW,56,c33849c9a0b9c58eea887b6f902c389ef501a7e3d6523bbb013cdba3113b0829,0,24,12,0,0,0,0,0,0,11294.629999999999
NSW_CONTROL_DW:00057,NSW_CONTROL_DW,57,e07ceadae01ca901a4f31149a87ec664fdb396f979d973fae55babf9031f1d4b,0,29,11,1,0,0,1,0,0,0
NSW_CONTROL_DW:00058,NSW_CONTROL_DW,58,5a2e80ee2d11b1b713c15e2f95cbde50631f7987e344935cbb0ef15416502da1,0,24,11,1,0,0,1,0,0,14626.389999999999
NSW_CONTROL_DW:00059,NSW_CONTROL_DW,59,431b7880087a1ed6d5726f86f6dd7d455293a190c74a15ee91e2ef445b4f5e83,0,22,9,1,0,0,1,0,0,12898.379999999999
NSW_CONTROL_DW:00060,NSW_CONTROL_DW,60,a6053d3f2b5703664b0bcc285d6d4e7c8bc216b87b3e7738884de1dd7c5ef213,0,28,11,1,0,0,1,0,0,5767.1329999999998
NSW_CONTROL_DW:00061,NSW_CONTROL_DW,61,33270eb37a2e252ca9b95f14ee1187ad52beeed967a70efe38d2d8f265f3c984,0,18,10,0,1,0,1,0,0,6527.9189999999999
NSW_CONTROL_DW:00062,NSW_CONTROL_DW,62,36fe4e22bb0040582e25a6c072481c33c2ba5081ded87cba6e0453a9bc44e53b,0,26,10,1,0,0,1,0,0,3931.2379999999998
NSW_CONTROL_DW:00063,NSW_CONTROL_DW,63,8ef4b6fdade90fd2fd6f5f8d0640f71439e22eabee2e888a5a1010be60bafae6,0,25,10,1,0,0,1,0,0,20942.240000000002
NSW_CONTROL_DW:00064,NSW_CONTROL_DW,64,2fdde901668dce1ea87665c7466f49abd3c7f025ec3206199d04a787e773259c,0,24,10,1,0,0,1,0,0,0
NSW_CONTROL_DW:00065,NSW_CONTROL_DW,65,b6a20ab9a6df8baa7ac7bbc16b1f622a21319d9ec68655b6dfe657843b540592,0,26,5,1,0,0,1,0,0,0
NSW_CONTROL_DW:00066,NSW_CONTROL_DW,66,d6802216409e6664d1c629742d29d052e1b33fbfbc4b4e14b991c1a828151891,0,36,10,1,0,0,1,0,0,14690.35
NSW_CONTROL_DW:00067,NSW_CONTROL_DW,67,637fcda92ca098dbf21b25435b503073c05ff6f6907f639059676e73ba67c23f,0,22,11,1,0,0,1,0,0,0
NSW_CONTROL_DW:00068,NSW_CONTROL_DW,68,a15313de8da3a1863416dff10b359b74896d10102a45bfaa549c7c3ce228a71f,0,25,12,1,0,0,0,0,0,3418.0970000000002
NSW_CONTROL_DW:00069,NSW_CONTROL_DW,69,d59f0bc1a8f246e9a5970f87c6829ad3ae00265979dfddfe7a38d1510385d737,0,27,11,1,0,0,1,0,0,11197.34
NSW_CONTROL_DW:00070,NSW_CONTROL_DW,70,6cbee042659463220e1e6523590ba05e24f58d117ca24b2867848d0a6d8fdb24,0,29,8,1,0,0,1,0,0,0
NSW_CONTROL_DW:00071,NSW_CONTROL_DW,71,09508db5f44f3f5451e2d93426cb48db5e6da01253b49910ad857678910c56cd,0,24,12,1,0,0,0,0,0,0
NSW_CONTROL_DW:00072,NSW_CONTROL_DW,72,c90a81d0fe2895fad817733a0c6df7504640f3d14b7b82040225aed9aa21ca17,0,22,10,1,0,0,1,0,0,0
NSW_CONTROL_DW:00073,NSW_CONTROL_DW,73,6ea11637c00332a26574152b91aa92bef108d40b87f4f7b9869ed6ddda09d158,0,24,7,1,0,0,1,0,0,1455.6900000000001
NSW_CONTROL_DW:00074,NSW_CONTROL_DW,74,06c80cbb067ea268b6829a39df89c1687e288a55e157677c4f3dc47ed8fe4059,0,29,12,1,0,0,0,0,0,1890.9369999999999
NSW_CONTROL_DW:00075,NSW_CONTROL_DW,75,2ec0230d302f754a5293446b1b39a4d52641e248533ab651fb0d382b177e2bf9,0,25,11,0,1,1,1,0,0,4485.616
NSW_CONTROL_DW:00076,NSW_CONTROL_DW,76,8455884e8338b703568c2f9cfcf17ba3d0cd100b2c70cd34d3040825eaa08720,0,30,12,1,0,0,0,0,0,13613.35
NSW_CONTROL_DW:00077,NSW_CONTROL_DW,77,dced2d9850dd0ead34ea6e634ddb366ef0b9ee7ae5d1d5e34e972b516751ef09,0,22,8,1,0,0,1,0,0,1390.509
NSW_CONTROL_DW:00078,NSW_CONTROL_DW,78,f6ebc1400fa3c95625e5db8d941876a71a4a2f0a05b3120e9bd88d13872bcc4b,0,55,3,1,0,0,1,0,0,5843.7960000000003
NSW_CONTROL_DW:00079,NSW_CONTROL_DW,79,0d8e4c64486ad28a6786685b520f83de30da6e35f7acaac60d04b732f0997480,0,20,10,1,0,0,1,0,0,8598.5220000000008
NSW_CONTROL_DW:00080,NSW_CONTROL_DW,80,94a320c77ecf8ff1ff110021d289ba997f378994dff7c77c412310ae6355e1b9,0,34,11,1,0,0,1,0,0,2920.1990000000001
NSW_CONTROL_DW:00081,NSW_CONTROL_DW,81,e79b088f53248319f320b114d5888e862feb1b4832d8df2d0a40a6250fcf2adc,0,22,12,1,0,0,0,0,0,0
NSW_CONTROL_DW:00082,NSW_CONTROL_DW,82,ee7f9574b0fbc26353c08bae9cb92a48bff691008131ec0019c97656cfaec790,0,32,12,0,1,1,0,0,0,6735.3199999999997
NSW_CONTROL_DW:00083,NSW_CONTROL_DW,83,ec213e864dacbec2d5d0916ef79d7abe539f60ab4cd48d4bb11c32fc365423b3,0,31,10,1,0,0,1,0,0,0
NSW_CONTROL_DW:00084,NSW_CONTROL_DW,84,bc4eec85d5e5c6b3ed0837c02963266bd6653ebc73da0ef3fc14247e7cd098e3,0,18,9,1,0,0,1,0,0,0
NSW_CONTROL_DW:00085,NSW_CONTROL_DW,85,303902e2062410644391d97d41eda909e042b3a94f2bf26729780d1c12ec7d0c,0,50,10,0,1,0,1,0,0,0
NSW_CONTROL_DW:00086,NSW_CONTROL_DW,86,61a5ba51f871226a555798168d33df1c635dae9ddc4838669ffe8b9d6ac062f9,0,25,11,1,0,1,1,0,0,44.755459999999999
NSW_CONTROL_DW:00087,NSW_CONTROL_DW,87,8b0ea4278203ae7a3d82365c579f16b6ae46fbda117f1352bb3fbe000434848f,0,23,10,1,0,1,1,0,0,0
NSW_CONTROL_DW:00088,NSW_CONTROL_DW,88,96b08eac7086c826dff62fc57d8f88136a3be3e560fc6b1a564af4219969c296,0,38,10,1,0,0,1,0,0,0
NSW_CONTROL_DW:00089,NSW_CONTROL_DW,89,3d2af72ed577f0a966519f126cf49b773a64150fd14673189e103c6cf2893b93,0,25,10,1,0,1,1,0,0,3701.8119999999999
NSW_CONTROL_DW:00090,NSW_CONTROL_DW,90,227ce794b613deb44e05c4fc54f8d09fab20ac1a77671b2239ea677b6747c681,0,42,10,1,0,0,1,0,0,6930.3360000000002
NSW_CONTROL_DW:00091,NSW_CONTROL_DW,91,bbe8bc8fb28afd6c9bf144462c081b449c4d29c9e721d122188754878d5f2569,0,39,12,1,0,1,0,0,0,3795.799
NSW_CONTROL_DW:00092,NSW_CONTROL_DW,92,cd8885828dca572be56d55e2c80e76ac9c683a63b5abb4074a35016ed4043f36,0,34,13,1,0,1,0,0,0,5193.2470000000003
NSW_CONTROL_DW:00093,NSW_CONTROL_DW,93,4f9c33a59a3a695dfa7650d80c47ca1702896b96fa13c2f1ada852fd2879d9de,0,24,7,1,0,0,1,0,0,2193.5279999999998
NSW_CONTROL_DW:00094,NSW_CONTROL_DW,94,1beef5f5fcc75c3965bc9bac4454ba230fd7c0f08a004958ae9072665ec5ae87,0,32,11,1,0,0,1,0,0,11120.530000000001
NSW_CONTROL_DW:00095,NSW_CONTROL_DW,95,da5d74b41154b4575359607975869143927d63be52e32862282e20fa14a63dfc,0,27,13,1,0,0,0,0,0,7609.518
NSW_CONTROL_DW:00096,NSW_CONTROL_DW,96,8f47a95512582111600ecf35c5f9dcd89d30de50464d746e862f0610845a6891,0,26,10,1,0,0,1,0,0,2169.027
NSW_CONTROL_DW:00097,NSW_CONTROL_DW,97,4864be0c6e80dbe848a1a07178a8dd771c23d46043e552e0a6f1a9aec9297586,0,44,11,1,0,0,1,0,0,0
NSW_CONTROL_DW:00098,NSW_CONTROL_DW,98,32b16a9e4424ec3dbf1d0b9d94d5c5175c61e3c0cd6de3fb4f9cbeea5ca97009,0,25,11,1,0,0,1,0,0,1264.232
NSW_CONTROL_DW:00099,NSW_CONTROL_DW,99,db32b51456e0940efea353eacfc6b036e57f9083004b51768df5dd070a359bf3,0,25,12,1,0,0,0,0,0,0
NSW_CONTROL_DW:00100,NSW_CONTROL_DW,100,cd4f3eeb0f863dea6a941b26a901ba92d9ba366a4a3e18f40b1949a439e3b4ac,0,28,12,1,0,1,0,0,0,0
NSW_CONTROL_DW:00101,NSW_CONTROL_DW,101,23d12d3c9dc94f47c5fd3a4f9eac6137deed6372b0c87de5b74d3527e37bec64,0,32,10,1,0,0,1,0,0,0
NSW_CONTROL_DW:00102,NSW_CONTROL_DW,102,c90a81d0fe2895fad817733a0c6df7504640f3d14b7b82040225aed9aa21ca17,0,22,10,1,0,0,1,0,0,0
NSW_CONTROL_DW:00103,NSW_CONTROL_DW,103,57402235cd1128df867db1afedcaed1c84109fb3d0c953006715a201ec073963,0,19,9,1,0,0,1,0,0,5712.643
NSW_CONTROL_DW:00104,NSW_CONTROL_DW,104,3df6112cee71687726ec8eb7e8e1908218d733629b8ff6c483820760a5454521,0,31,10,1,0,1,1,0,0,0
NSW_CONTROL_DW:00105,NSW_CONTROL_DW,105,79af1123b30a7e01b5d34edad9c242f7d6f276c679c126978084d56ef5354717,0,23,11,1,0,0,1,0,0,0
NSW_CONTROL_DW:00106,NSW_CONTROL_DW,106,a328332130c9d8c0844242c868f8cc274e91cf0638b2008de426dbed192287ae,0,33,11,1,0,0,1,0,0,0
NSW_CONTROL_DW:00107,NSW_CONTROL_DW,107,a625779608f9d0d0d50ca25fd3c1815b4cc0ac114efc322899cdd1216af472d0,0,27,10,1,0,0,1,0,0,1184.8820000000001
NSW_CONTROL_DW:00108,NSW_CONTROL_DW,108,5aaf0d772677ea4699a15eb52a3c9d66f6acaaa27af7f918a0f555518bda6ad0,0,29,11,1,0,1,1,0,0,10225.879999999999
NSW_CONTROL_DW:00109,NSW_CONTROL_DW,109,b8038517fdb5ed11bd03d12440a7ecc7d09440e2151f053456c87d2610a4adf5,0,23,10,1,0,0,1,0,0,0
NSW_CONTROL_DW:00110,NSW_CONTROL_DW,110,9cfff276db42f1db8be92c1180ffcfdcdcf40b0b9e4ee491530a1af27ad0255b,0,25,9,1,0,1,1,0,0,4715.3710000000001
NSW_CONTROL_DW:00111,NSW_CONTROL_DW,111,48469fe6ef70f31d5740de123458097a49b497a1d0142ab6b861fc60ef3e94a7,0,25,10,1,0,0,1,0,0,289.78989999999999
NSW_CONTROL_DW:00112,NSW_CONTROL_DW,112,2fdde901668dce1ea87665c7466f49abd3c7f025ec3206199d04a787e773259c,0,24,10,1,0,0,1,0,0,0
NSW_CONTROL_DW:00113,NSW_CONTROL_DW,113,1b46475141bd511b36b7864589b5389d35540a41d807123a23a7c5db1864a11a,0,28,8,0,0,0,1,0,0,8190.4210000000003
NSW_CONTROL_DW:00114,NSW_CONTROL_DW,114,a4143704f63cd5ec438c96e65f11e4906c7322319ce874f10efdee3e98c7791d,0,26,6,1,0,0,1,0,0,4813.0500000000002
NSW_CONTROL_DW:00115,NSW_CONTROL_DW,115,c6549841380fd739bbf9dc28bd63e118e2536979b5e870ccab3ee94cf1470dd3,0,30,14,1,0,1,0,0,0,7344.6779999999999
NSW_CONTROL_DW:00116,NSW_CONTROL_DW,116,aefe0fb6ee9110e41f3837193149bf8e386415a24625f11e5b20521b8d5e002f,0,25,10,1,0,1,1,0,0,0
NSW_CONTROL_DW:00117,NSW_CONTROL_DW,117,792d960255768a495ee1894570b4880af77c38b4e3b1ff73f359682957cf58cc,0,29,11,1,0,1,1,0,0,0
NSW_CONTROL_DW:00118,NSW_CONTROL_DW,118,0f6eb3c5e4fcff3d5340af202248598f2e137b86650d4cedc529a617056c887f,0,25,12,1,0,1,0,0,0,0
NSW_CONTROL_DW:00119,NSW_CONTROL_DW,119,969ade3105f8502ad2320e22379e261bb345ae1a11d0a7fb187c132e46f7fe21,0,28,13,1,0,0,0,0,0,0
NSW_CONTROL_DW:00120,NSW_CONTROL_DW,120,100ee2e88e3e3517d70d880a587ef048190cbbed1cee734da46c784309840f01,0,23,11,1,0,0,1,0,0,4350.9070000000002
NSW_CONTROL_DW:00121,NSW_CONTROL_DW,121,df6c8809153fe15756d07132465a4dbb45fb68033209405845e4b02b0e58da1b,0,54,11,1,0,0,1,0,0,7812.5219999999999
NSW_CONTROL_DW:00122,NSW_CONTROL_DW,122,eaae6c50fc4bc44db085e0cf3b2104d00ce466e6defb947da7cc8d8e8dfe00f0,0,33,5,0,1,0,1,0,0,0
NSW_CONTROL_DW:00123,NSW_CONTROL_DW,123,b23fd78a609999bdd076020f9abba22b70cbeae00704e0b87206c268645a5b9e,0,20,8,1,0,0,1,0,0,3644.6550000000002
NSW_CONTROL_DW:00124,NSW_CONTROL_DW,124,e5a8fbfa85379387604c31ee862489fbc7381255508d73ed6ace5a2a4b99dbce,0,45,9,1,0,0,1,0,0,4844.8029999999999
NSW_CONTROL_DW:00125,NSW_CONTROL_DW,125,d96bae1697d26f0b6b9917d36d3f37daad0094621f31b1b1ccbce7a9d1cee6e9,0,39,6,1,0,0,1,0,0,0
NSW_CONTROL_DW:00126,NSW_CONTROL_DW,126,970dc7571f8e8c687466b98a627306dfe2e019bc6e4fcdd917f1e61142169981,0,26,12,1,0,0,0,0,0,0
NSW_CONTROL_DW:00127,NSW_CONTROL_DW,127,b8038517fdb5ed11bd03d12440a7ecc7d09440e2151f053456c87d2610a4adf5,0,23,10,1,0,0,1,0,0,0
NSW_CONTROL_DW:00128,NSW_CONTROL_DW,128,faccb6f93d3c0f9a14138e9e60ac8b1f54f385da94a839e8a40221f5055365af,0,27,12,0,0,0,0,0,0,14792.9
NSW_CONTROL_DW:00129,NSW_CONTROL_DW,129,55df21703d59512141011b70e897bdaaf8706984df7064f17e3ce5e7eb5ffa9e,0,33,9,0,1,1,1,0,0,0
NSW_CONTROL_DW:00130,NSW_CONTROL_DW,130,aefe0fb6ee9110e41f3837193149bf8e386415a24625f11e5b20521b8d5e002f,0,25,10,1,0,1,1,0,0,0
NSW_CONTROL_DW:00131,NSW_CONTROL_DW,131,ea65613cdaac765ed6a118ef6c06b293e6624d89580a6c4fa311c134ab63957c,0,23,8,1,0,0,1,0,0,3746.701
NSW_CONTROL_DW:00132,NSW_CONTROL_DW,132,382ae6c4da60d03654b1dfb73d08b54ad37d574532aa5904e8604064f95279ed,0,18,8,1,0,0,1,0,0,1568.1500000000001
NSW_CONTROL_DW:00133,NSW_CONTROL_DW,133,6605e7ad137a22455f43186cedad38cba642eff997c8aefe03268fd659235b44,0,17,8,1,0,0,1,0,0,7010.4440000000004
NSW_CONTROL_DW:00134,NSW_CONTROL_DW,134,257f90992a5dddaf401198d5f85c288e8c3cd012557ff55de2a5ce7d7d3face0,0,19,9,0,1,0,1,0,0,3811.683
NSW_CONTROL_DW:00135,NSW_CONTROL_DW,135,9ae92b37fa5c7fb1fbbbd3963f451c8004de5e9cdf884d47484bfac646ae732b,0,18,8,0,1,0,1,0,0,10798.559999999999
NSW_CONTROL_DW:00136,NSW_CONTROL_DW,136,7500373c74c886339b57d0fe02290fbc356b3db67817afcbb20f5f9eb4fc987d,0,18,11,1,0,0,1,0,0,4657.2730000000001
NSW_CONTROL_DW:00137,NSW_CONTROL_DW,137,ad0d88049cc58735a0802bba0faef7fef6559aae8d574ec31af16a2f318ed101,0,17,11,1,0,0,1,0,0,8551.5329999999994
NSW_CONTROL_DW:00138,NSW_CONTROL_DW,138,4c97bb963ef89ec7b85201e567afd5002c12af992a7a8279243f56e6b3999e1b,0,19,10,1,0,0,1,0,0,4309.8779999999997
NSW_CONTROL_DW:00139,NSW_CONTROL_DW,139,77f9a3151c8296f228979231c6288dc7b378d7fe386fc12b2b53f782dc4c81f5,0,19,10,1,0,0,1,0,0,5286.3959999999997
NSW_CONTROL_DW:00140,NSW_CONTROL_DW,140,79d211b257d329b01f34cfcedcfd9bafd92a07acf10473847363296c6c89c52e,0,18,9,1,0,0,1,0,0,12486.17
NSW_CONTROL_DW:00141,NSW_CONTROL_DW,141,59f27e1ea8dc8a97aec9765d707ca9e9829950c3d5b349fec2b8047e62a4efbd,0,18,9,1,0,0,1,0,0,10877.35
NSW_CONTROL_DW:00142,NSW_CONTROL_DW,142,19be6f82190480992ff050d39c6ee684724e22a24119110e4125e7f846dedc96,0,18,10,1,0,0,1,0,0,202.28469999999999
NSW_CONTROL_DW:00143,NSW_CONTROL_DW,143,068edd5aafec65dd5407ce8151c26842ba74953486387199c5debabb04e3885f,0,17,10,1,0,0,1,0,0,2657.7049999999999
NSW_CONTROL_DW:00144,NSW_CONTROL_DW,144,c113d4cadc9b068408a0960d644a668f3c2f4147ebccfa4e95feddda25a527c8,0,18,7,1,0,0,1,0,0,4132.5770000000002
NSW_CONTROL_DW:00145,NSW_CONTROL_DW,145,3827156543ab0232166217309cedc435009a1a45a6077d895cce0bbec9b90612,0,18,11,1,0,0,1,0,0,11303.139999999999
NSW_CONTROL_DW:00146,NSW_CONTROL_DW,146,c76fa934a3576ef0cca70544e42bb4a79d84af23f8b41835621c2acb55a5c74e,0,19,10,0,1,0,1,0,0,0
NSW_CONTROL_DW:00147,NSW_CONTROL_DW,147,bc4eec85d5e5c6b3ed0837c02963266bd6653ebc73da0ef3fc14247e7cd098e3,0,18,9,1,0,0,1,0,0,0
NSW_CONTROL_DW:00148,NSW_CONTROL_DW,148,b6d54a4fc662920e116464839984732614bcd22f0e2a81d8229bc853d3662e54,0,17,10,1,0,0,1,0,0,0
NSW_CONTROL_DW:00149,NSW_CONTROL_DW,149,04125e8f1d1d813c38c9015ff6eefc15c3be895244891cadec2de7c48e9489a6,0,17,10,1,0,0,1,0,0,2189.4259999999999
NSW_CONTROL_DW:00150,NSW_CONTROL_DW,150,2094ffec76255eded7bb3995358814afba854853680250b1e00a50b433091325,0,19,11,1,0,0,1,0,0,0
NSW_CONTROL_DW:00151,NSW_CONTROL_DW,151,45f93ecb9771ecf69974344c54c957a8c744079626588841aa45242f363c50f3,0,17,8,0,0,0,1,0,0,10210.99
NSW_CONTROL_DW:00152,NSW_CONTROL_DW,152,3bad01f4daa4f7ad6f73fb11fead60d5de8689236f50ce8722e6626d9cf22501,0,18,10,1,0,0,1,0,0,11048.08
NSW_CONTROL_DW:00153,NSW_CONTROL_DW,153,bc4eec85d5e5c6b3ed0837c02963266bd6653ebc73da0ef3fc14247e7cd098e3,0,18,9,1,0,0,1,0,0,0
NSW_CONTROL_DW:00154,NSW_CONTROL_DW,154,4bf7dc98717a01d8492b8f3213ad1be7e5de5c61734959335438a700ce5b6054,0,17,8,1,0,0,1,0,0,8993.8649999999998
NSW_CONTROL_DW:00155,NSW_CONTROL_DW,155,bde1b26caf730cb7ffc699b172f82aa8f03bc3c191801bccd2cf5fd31cf09818,0,19,6,0,1,0,1,0,0,5071.8010000000004
NSW_CONTROL_DW:00156,NSW_CONTROL_DW,156,b13ff838a94656693897824402b3f17bf81dbd55389ba2515c25a350d0c6fe93,0,19,10,0,0,0,1,0,0,3194.0100000000002
NSW_CONTROL_DW:00157,NSW_CONTROL_DW,157,24899bb9fdff26805fa0ac1356e0edca9c64c357d2683d2bae5db1b9058d6a27,0,17,11,0,0,0,1,0,0,0
NSW_CONTROL_DW:00158,NSW_CONTROL_DW,158,5dd819b7280780e586522f389f7d9f440e76697e417d3bf9dbeb29f979b84c89,0,20,9,1,0,0,1,0,0,5193.0889999999999
NSW_CONTROL_DW:00159,NSW_CONTROL_DW,159,d4466252175373270bda412abef33a7e9567aaf4cb9368ce4bd1ffc5bb673b60,0,17,9,1,0,0,1,0,0,0
NSW_CONTROL_DW:00160,NSW_CONTROL_DW,160,cf299717e12f790c04646196b2d5225be28b99a09ec6733e24d1e2d5521c406c,0,17,10,1,0,0,1,0,0,275.56610000000001
NSW_CONTROL_DW:00161,NSW_CONTROL_DW,161,a23a011ad224e795ab3663aba231ab73a5f407bdccdaaf65a2d1beb4e83f397c,0,17,9,1,0,0,1,0,0,3590.7020000000002
NSW_CONTROL_DW:00162,NSW_CONTROL_DW,162,2094ffec76255eded7bb3995358814afba854853680250b1e00a50b433091325,0,19,11,1,0,0,1,0,0,0
NSW_CONTROL_DW:00163,NSW_CONTROL_DW,163,ba5aba90b6656a229cf940adb2c162f579516d09422f9536e1665b942e004ac5,0,19,10,1,0,1,1,0,0,12797.67
NSW_CONTROL_DW:00164,NSW_CONTROL_DW,164,153797c102e444e38aab68cca0da808784636f287ade6551902ba33e9bdb20d0,0,20,9,1,0,0,1,0,0,2035.914
NSW_CONTROL_DW:00165,NSW_CONTROL_DW,165,e66f4338b346e6ed1091e64d3b023e0f1fd08a3996912ba0e3f91e80fce4a835,0,18,9,1,0,0,1,0,0,2389.6790000000001
NSW_CONTROL_DW:00166,NSW_CONTROL_DW,166,ca533003a99e81f237a5dfc5fa2815e56161f15067f06ca4c1cf192002a7a208,0,18,11,1,0,0,1,0,0,0
NSW_CONTROL_DW:00167,NSW_CONTROL_DW,167,ac5e77ab3b14dac156351c1906a3cedafb9cca11b900918ff045807d12ca9faa,0,17,10,0,1,0,1,0,0,8469.2749999999996
NSW_CONTROL_DW:00168,NSW_CONTROL_DW,168,2094ffec76255eded7bb3995358814afba854853680250b1e00a50b433091325,0,19,11,1,0,0,1,0,0,0
NSW_CONTROL_DW:00169,NSW_CONTROL_DW,169,cbb8addd8d1f5084f743679afdc6c04e6c07b6d06fff3252703600710ba22a07,0,17,10,1,0,0,1,0,0,1143.3869999999999
NSW_CONTROL_DW:00170,NSW_CONTROL_DW,170,48bb8a0779fd4df2c538de6dcbc72c76558746e2a7298c13915e2ca3fbfd216a,0,17,9,0,1,0,1,0,0,5114.8140000000003
NSW_CONTROL_DW:00171,NSW_CONTROL_DW,171,06d81fee6aa767d15f84ca66ac32dec0418a3495ab5123729892c10ab23a1b06,0,18,10,1,0,0,1,0,0,781.22429999999997
NSW_CONTROL_DW:00172,NSW_CONTROL_DW,172,57cf9ebc1f7ff1bb9a458bc27372f9ac3cbb96110ba5c232e1aad8b43ea1228f,0,21,9,1,0,0,1,591.4991,0,3343.2240000000002
NSW_CONTROL_DW:00173,NSW_CONTROL_DW,173,f6265b5d25d841efc972b26f690531c880626f8dbc070bb1174b823ed190b8a7,0,18,10,1,0,0,1,1563.249,0,9602.4390000000003
NSW_CONTROL_DW:00174,NSW_CONTROL_DW,174,79e7edf213d9bf45408ab1a66de2a585a3c10e08776af40b2ff96a4fd1acb835,0,19,11,1,0,0,1,1626.623,0,0
NSW_CONTROL_DW:00175,NSW_CONTROL_DW,175,9e0a9c4935cc9cb6218fb8076bed997a780c0a8b9263e06b671a247ca897367b,0,24,9,1,0,0,1,2788.498,0,16461.57
NSW_CONTROL_DW:00176,NSW_CONTROL_DW,176,a3fc0613ddaeae61081f5ed48f724bc97f411337fcda3a2c57ae1c2a25f11e14,0,28,11,0,1,1,1,3472.9479999999999,0,6771.6220000000003
NSW_CONTROL_DW:00177,NSW_CONTROL_DW,177,b9c3f723bdb70c75428b1d6f9191c63a05177f6caf81767e681c9449cf295f9c,0,25,11,1,0,0,1,5281.2449999999999,0,0
NSW_CONTROL_DW:00178,NSW_CONTROL_DW,178,1498316708bf3ace233841cbe5a379458e53bd1463ee50061dc18784bb3ab18f,0,21,7,1,0,0,1,33799.949999999997,0,11011.57
NSW_CONTROL_DW:00179,NSW_CONTROL_DW,179,6a76170dfff682fe3c2ede372184ace478f3f64b19f5f804c1a46b2b6c7a9ad2,0,39,11,1,0,0,1,0,83.689639999999997,0
NSW_CONTROL_DW:00180,NSW_CONTROL_DW,180,22a22ed97927be2d9dda8f3c41a800b8e68d7f58a65beb989f3809cebca5f45f,0,36,12,1,0,0,0,0,142.3973,0
NSW_CONTROL_DW:00181,NSW_CONTROL_DW,181,d24ba5c46125987a0908b816be98101180a16b697e5dc3efebed96ff13dfb1e7,0,24,12,1,0,0,0,0,159.88470000000001,0
NSW_CONTROL_DW:00182,NSW_CONTROL_DW,182,7c2df6095529160cdb6361f87bc05728db0c99327554c60b5b36c3858457afbf,0,17,11,1,0,0,1,989.26779999999997,165.20769999999999,4251.1270000000004
NSW_CONTROL_DW:00183,NSW_CONTROL_DW,183,8741b21bfe1b8a9a4ef1bc2f4a42acf9585d2b349455c3367ec9acc97bf6614c,0,18,10,1,0,0,1,960.42679999999996,240.10669999999999,2891.6680000000001
NSW_CONTROL_DW:00184,NSW_CONTROL_DW,184,f754974d7bccf685dab225ccfb99f4f0e03e4256b4c02fa80d851c38c0e4b87b,0,18,10,1,0,0,1,0,273.55250000000001,5514.3649999999998
NSW_CONTROL_DW:00185,NSW_CONTROL_DW,185,6beda5e5d5bb3c2c8343d497fdd487aec1cfac18cd964cb54f539c94a350a6ce,0,28,10,1,0,0,1,1471.2929999999999,367.82339999999999,4858.8950000000004
NSW_CONTROL_DW:00186,NSW_CONTROL_DW,186,7df80987fd3dfdf3125f3bc83a6311c070f40551eb670e18abae4b513a3b6be5,0,27,13,0,0,0,0,5214.3059999999996,474.5018,4812.576
NSW_CONTROL_DW:00187,NSW_CONTROL_DW,187,5f456a0f9b32815533999c7301c3b02cdad2704d2e95de261d0de837ef8c2bed,0,31,12,0,0,0,0,0,494.64299999999997,0
NSW_CONTROL_DW:00188,NSW_CONTROL_DW,188,43249be7814bc219d9e1d2f995f9cfa9539c48bf9ae81f3b2e8b1f00280cb12b,0,22,9,1,0,0,1,0,506.4076,604.19870000000003
NSW_CONTROL_DW:00189,NSW_CONTROL_DW,189,1092c3454c1dab2f37e9dcbb5a936a8f5afa7d30768fa570cb0eea3eb3750865,0,31,10,1,0,0,1,0,520.44629999999995,14527.879999999999
NSW_CONTROL_DW:00190,NSW_CONTROL_DW,190,8e46c3e34a3697ef0c1f9ae26876ee34205cc834eaaf73c45e9bee011a13527e,0,26,10,1,0,1,1,6140.3670000000002,558.77340000000004,0
NSW_CONTROL_DW:00191,NSW_CONTROL_DW,191,5de07992b444d0c54bde9b58c341d8ee2ec54a0d658e573a5bfff2b328d68c00,0,18,9,0,0,0,1,0,559.596,7300.4979999999996
NSW_CONTROL_DW:00192,NSW_CONTROL_DW,192,10580a25005496e88d20e1344d1727dfc11d3a3c11b0279f96d6cd5590f7aeac,0,23,11,1,0,0,1,6382.3090000000002,580.79010000000005,0
NSW_CONTROL_DW:00193,NSW_CONTROL_DW,193,0e16e46d511d314e1134bc3d8573f2dc551189230379135f0174eefa020461d1,0,20,12,1,0,0,0,0,591.81510000000003,4159.9189999999999
NSW_CONTROL_DW:00194,NSW_CONTROL_DW,194,09de4e940945dfc4e7c15e3e0819e791c8ebfc7db1e9f588d3816e848d29714b,0,19,10,1,0,0,1,0,604.15390000000002,0
NSW_CONTROL_DW:00195,NSW_CONTROL_DW,195,7a2b82e82e6ee4f3a42420579847bacf065ab4ad4565b9a89b1fbd27f1041102,0,18,11,1,0,0,1,1064.6990000000001,645.27229999999997,5497.5910000000003
NSW_CONTROL_DW:00196,NSW_CONTROL_DW,196,ce31a1000d75caefb288c2715d1bfe9209d6de91b73a1c1acd49c810de03af88,0,17,10,1,0,0,1,0,664.56899999999996,0
NSW_CONTROL_DW:00197,NSW_CONTROL_DW,197,1bab6e13af4665a26ff796963573b96f1ff9c227568a33ba6d8c6ecc5cca5af8,0,27,12,1,0,1,0,0,752.39009999999996,0
NSW_CONTROL_DW:00198,NSW_CONTROL_DW,198,6769e7621bcb416794ea2d5d5ff4430912020dfbfa9aaf7c4527a6bd65036603,0,27,11,1,0,0,1,3065.194,766.29859999999996,0
NSW_CONTROL_DW:00199,NSW_CONTROL_DW,199,89a4f19b3ce97981e65e7ef51a2f6d24597dfe87e03efeb00f98630133a2f0a2,0,28,12,0,0,0,0,0,803.34299999999996,16477.02
NSW_CONTROL_DW:00200,NSW_CONTROL_DW,200,bc32daba46c541065d116b741427f3babed22633ae799cd580b50392707e1588,0,28,11,1,0,0,1,2431.9490000000001,863.47950000000003,0
NSW_CONTROL_DW:00201,NSW_CONTROL_DW,201,2517144fb9b45c1d0ab0cb21c6b50d21327020ff79ae71927337aa00e7815689,0,21,10,1,0,0,1,6661.0630000000001,1162.3620000000001,39483.529999999999
NSW_CONTROL_DW:00202,NSW_CONTROL_DW,202,7ce7f7154dff5cec2a70580316e6cb9526cdf14506463f2723f2abd72064b8c8,0,17,10,0,1,0,1,4905.1189999999997,1168.902,11306.27
NSW_CONTROL_DW:00203,NSW_CONTROL_DW,203,08a5df5358bc1034325f4c55192d13a61625798a1b0b201aceefc86db7ea9163,0,26,11,1,0,0,1,4699.9629999999997,1174.991,6672.0209999999997
NSW_CONTROL_DW:00204,NSW_CONTROL_DW,204,c0cae725e9547ec910bb1c4c32807f43c5caf0c567cc79c0103f60ce7a770005,0,29,9,1,0,0,1,0,1203.8240000000001,9378.6530000000002
NSW_CONTROL_DW:00205,NSW_CONTROL_DW,205,e27a3d6f5ddecaf7404144afcd94bd557bb2c7ed5d27ccccd10ecbdf0285ded7,0,17,10,0,1,0,1,1203.6089999999999,1239.6279999999999,5088.9859999999999
NSW_CONTROL_DW:00206,NSW_CONTROL_DW,206,70a4232dabd128c45dc342910097a92ef5c83890e50c738ff58387ed240232a2,0,22,11,1,0,0,1,7914.1310000000003,1321.6600000000001,2639.29
NSW_CONTROL_DW:00207,NSW_CONTROL_DW,207,804dadd55296e5469c2be81e4b97cc9ef9928b57f97c47239a82a988fa18f2df,0,24,11,1,0,0,1,0,1327.9929999999999,9495.902
NSW_CONTROL_DW:00208,NSW_CONTROL_DW,208,df37ac56c20d3650ca1429bce0ed44f231457a08ebc514c77b0211786b2037f3,0,20,12,1,0,0,0,557.69880000000001,1371.473,20893.110000000001
NSW_CONTROL_DW:00209,NSW_CONTROL_DW,209,9bae6cfd1dbcba0d97401a89c7416eed57a32b5fd4c9b9493d66fc712aa90f65,0,18,12,1,0,0,0,0,1405.5119999999999,0
NSW_CONTROL_DW:00210,NSW_CONTROL_DW,210,2621a1cf8a7bd0e338b044005f2460c35261170fbbcd4f9c6ba35c72437cd19b,0,24,11,0,0,0,1,2669.7249999999999,1468.383,10361.690000000001
NSW_CONTROL_DW:00211,NSW_CONTROL_DW,211,d887f43c6c41d0171d6ec27a22ef8874e08f782b7879fd083e061b5e670a105c,0,21,9,0,0,0,1,2988.4119999999998,1577.1669999999999,1740.1990000000001
NSW_CONTROL_DW:00212,NSW_CONTROL_DW,212,353169cab4024c21502764c891bb35a85fa7690acd5ac6afcab8545c0ba7f6d8,0,30,8,1,0,0,1,0,1706.6569999999999,0
NSW_CONTROL_DW:00213,NSW_CONTROL_DW,213,25415e07de649368086c97366ffcc044e5fce91fc8298b830f7569a47b0668c8,0,31,11,1,0,0,1,17711.880000000001,1726.4449999999999,0
NSW_CONTROL_DW:00214,NSW_CONTROL_DW,214,7e99f3cbf7a03ba828bc1c4c6f32c926976842ed47328cd2de0739df0332c6d2,0,17,10,0,1,0,1,1442.681,1734.559,6354.1940000000004
NSW_CONTROL_DW:00215,NSW_CONTROL_DW,215,22025a62e835b185efcdb345c10296471d4373561d031919ec626b2c8bb42d4f,0,19,9,1,0,0,1,8409.6270000000004,1778.0889999999999,7171
NSW_CONTROL_DW:00216,NSW_CONTROL_DW,216,1f9e73813e859af688e1dbe8c622044a7f3132bc378ae9c51f82db8c267d8d08,0,23,11,1,0,0,1,0,1896.0229999999999,5573.5469999999996
NSW_CONTROL_DW:00217,NSW_CONTROL_DW,217,aa687dd074b64a232d1c2af6498dcec19542375702da0d434b0eed8536b392d9,0,22,12,1,0,0,0,4380.0169999999998,2003.6800000000001,439.68810000000002
NSW_CONTROL_DW:00218,NSW_CONTROL_DW,218,3c159328e380fd4d980e50f227202f31c80e2fc917bb158ae501e93b0f5b8c57,0,29,12,1,0,0,0,22859.439999999999,2080.2089999999998,16969.950000000001
NSW_CONTROL_DW:00219,NSW_CONTROL_DW,219,573932d4b0a78dd18d6c1b047fd621ab0b8424f0c7115c51b705a786ebbb56ca,0,22,10,1,0,0,1,0,2174.9549999999999,5344.0209999999997
NSW_CONTROL_DW:00220,NSW_CONTROL_DW,220,def73ba0631581273f658a40f401b7a5b986f3ea43b2d1e50ac8795060204a1e,0,29,13,1,0,0,0,718.24919999999997,2265.5790000000002,2725.3220000000001
NSW_CONTROL_DW:00221,NSW_CONTROL_DW,221,483417b52e8c19c8329187690e1eaed9889a7f35f10d20a3db441390b3d36c6f,0,19,11,1,0,0,1,721.34059999999999,2445.5889999999999,9772.2829999999994
NSW_CONTROL_DW:00222,NSW_CONTROL_DW,222,73ab1f1bae17e155d1257faf0cfb615e0535b989a315e02bdd14aa53a4acc15c,0,17,9,1,0,0,1,0,2595.2669999999998,0
NSW_CONTROL_DW:00223,NSW_CONTROL_DW,223,4338956623de3626c2c70d2daae4e5a40525280b7fb71d5c3b1d4315b7fdde2a,0,18,10,1,0,0,1,1716.509,2682.125,0
NSW_CONTROL_DW:00224,NSW_CONTROL_DW,224,eb39d302f8da04364420f1550a9368846cc97bab23fdc345336974ab0c220c63,0,19,12,1,0,0,0,8417,2814.1950000000002,1720.9069999999999
NSW_CONTROL_DW:00225,NSW_CONTROL_DW,225,f72ce9e12e9176af926496f77e964a34a8a225a9723e28dfb5748625ae109e9f,0,20,6,1,0,0,1,6006.8789999999999,2850.6100000000001,0
NSW_CONTROL_DW:00226,NSW_CONTROL_DW,226,21efb2be9b78abb04318b1b301961aa73f2ce3ce6a6c877a40f62605194f6436,0,33,11,1,0,0,1,10523.83,2899.8200000000002,18859.889999999999
NSW_CONTROL_DW:00227,NSW_CONTROL_DW,227,f8f08b8782f2e6e37a2b79e5503b60c8bf939e0fe6678572984ca9d1777de0fb,0,36,11,0,1,0,1,5443.7340000000004,3063.8780000000002,1324.5419999999999
NSW_CONTROL_DW:00228,NSW_CONTROL_DW,228,593a5ab1d63d0c6b610f09544e490e2b70f6a21c56ac70e229ce8143d8095a94,0,25,11,1,0,0,1,15209.99,3072.7260000000001,284.65839999999997
NSW_CONTROL_DW:00229,NSW_CONTROL_DW,229,1336c4c810e63dd7d4ce4cbf30ee6f2d3edd9ad51c4a095d0f82f849a93f767b,0,19,11,1,0,0,1,3504.0140000000001,3285.6799999999998,11195.93
NSW_CONTROL_DW:00230,NSW_CONTROL_DW,230,8b1f27ce09cbec315f6dd07de457bd6c8647d02c4aedabc2b4d298cabee9d936,0,23,8,1,0,0,1,7724.2830000000004,3403.056,0
NSW_CONTROL_DW:00231,NSW_CONTROL_DW,231,634635e8ca0e926ff5ef9bf5cefd5011830ddc0a804b0eb46a0dba02ab676e9f,0,17,11,1,0,0,1,4080.73,3796.029,0
NSW_CONTROL_DW:00232,NSW_CONTROL_DW,232,6a6bfad89fc3925adaa2edc4a49772ca02c93c88174890ba61eba48402ef0211,0,43,10,1,0,0,1,2502.8679999999999,4128.4430000000002,7565.2730000000001
NSW_CONTROL_DW:00233,NSW_CONTROL_DW,233,cbba45dcb5bf3fc64222a5cd6006329ae8d1929616cb9a4fef5c42908edd0c79,0,26,11,1,0,1,1,0,4184.732,0
NSW_CONTROL_DW:00234,NSW_CONTROL_DW,234,b7c17717cd84c5a84f1a2adbcac151d5d951d0d91a63b96c601e1b2cb80b7f11,0,27,11,1,0,1,1,0,4491.884,0
NSW_CONTROL_DW:00235,NSW_CONTROL_DW,235,e71cc8c3561790d3640ed1f277423806164b996727a4f65e71e907950ba28936,0,19,11,1,0,0,1,6337.4920000000002,4503.0640000000003,0
NSW_CONTROL_DW:00236,NSW_CONTROL_DW,236,06e9770f9e236e4af7d9d654f821a73fd2cb1638e62560770ca9518cc8485f3e,0,28,11,1,0,1,1,8593.1630000000005,5393.8950000000004,4974.5860000000002
NSW_CONTROL_DW:00237,NSW_CONTROL_DW,237,79382740cf8cc9dad7d634e3b4da41150a4c1ea6380122aa963b844bee981b62,0,28,12,1,0,1,0,10585.129999999999,5551.4560000000001,12780.02
NSW_CONTROL_DW:00238,NSW_CONTROL_DW,238,facfd4a43940b1f29337b1c83df6e6d2437d8fedca6e9dc3a93fc324003e0784,0,26,8,1,0,0,1,1126.29,5562.598,3523.578
NSW_CONTROL_DW:00239,NSW_CONTROL_DW,239,67a0d6ab3b187594d1008b3b6246e9e10b7ac0a651c1fa3a23c3fc174fe8427d,0,31,12,1,0,0,0,0,5613.9089999999997,0
NSW_CONTROL_DW:00240,NSW_CONTROL_DW,240,4b347421f9f8a46448b2281255f99784cf7fb98091241b50a964a44f806a5417,0,23,11,1,0,0,1,7617.3620000000001,5716.4070000000002,10274.84
NSW_CONTROL_DW:00241,NSW_CONTROL_DW,241,44776281f5a746f4f6ac1a1f7cd947d7563bc342de85dc178ac5d343aa559e10,0,20,12,1,0,0,0,7182.4920000000002,6004.7280000000001,4779.7200000000003
NSW_CONTROL_DW:00242,NSW_CONTROL_DW,242,c9951f4b1df6edf27e1c845906365464a61a10bf83a5dfb58bbc9adddbc2ac9c,0,28,10,1,0,1,1,8293.3449999999993,6449.4799999999996,16988.18
NSW_CONTROL_DW:00243,NSW_CONTROL_DW,243,9b915d11f30afedf85fb433e128e607172c5e2da6c65aa7648e31e0a48a36d5c,0,39,12,1,0,1,0,19785.32,6608.1369999999997,499.25720000000001
NSW_CONTROL_DW:00244,NSW_CONTROL_DW,244,765b335079bc29ad754d6d7bfeaced83665c409bb8bf8b0bd6df6f08dc04b9ae,0,21,8,1,0,0,1,39570.68,6608.3040000000001,3083.5810000000001
NSW_CONTROL_DW:00245,NSW_CONTROL_DW,245,dae9560efa4dff02ddaa29c9728b9fb148bfcc0df4e51009e20b1727595e7277,0,22,11,1,0,0,1,8810.0669999999991,6974.4840000000004,3708.7190000000001
NSW_CONTROL_DW:00246,NSW_CONTROL_DW,246,1285aee9351726ba6c090487be754982ff6c09789fbf8931c092e53e476daea9,0,20,11,1,0,0,1,8009.1639999999998,7666.875,7659.2179999999998
NSW_CONTROL_DW:00247,NSW_CONTROL_DW,247,14297900b2ced1dd43660071c362040fb7288169f87522a50dda53a5e195a92e,0,21,11,0,1,0,1,2992.5340000000001,8920.4709999999995,20857.84
NSW_CONTROL_DW:00248,NSW_CONTROL_DW,248,6fbb1b4d41639fb50b92eedf19029799fbd2c7b4b9c4efbbf71a16e441cf0c44,0,23,12,0,1,0,0,5721.6959999999999,8960.6839999999993,7078.1779999999999
NSW_CONTROL_DW:00249,NSW_CONTROL_DW,249,c5ad33965054374c9e09ee317a1e2dc5246dcf313a94c99550fc83208678e4c0,0,29,9,1,0,0,1,9268.9429999999993,9160.6929999999993,0
NSW_CONTROL_DW:00250,NSW_CONTROL_DW,250,09a3914ebc4d2757617213ff8c5e165c1cd674bec5006c06b73672382645513a,0,28,9,1,0,1,1,10222.41,9210.4470000000001,1239.8440000000001
NSW_CONTROL_DW:00251,NSW_CONTROL_DW,251,9963c8a08484d5ca1abe77f6270ec17131a4db36ce814adf5e7ecbe46e83897f,0,30,11,1,0,1,1,0,9311.9380000000001,3982.8009999999999
NSW_CONTROL_DW:00252,NSW_CONTROL_DW,252,04947b2650809a9ebe1642ceb08dbb53a0998d80655a22b28d36ef6f6b0745f1,0,25,10,1,0,1,1,13519.969999999999,9319.4439999999995,0
NSW_CONTROL_DW:00253,NSW_CONTROL_DW,253,53701eabc7fd990d2797e41f6ca3b798c8af9025d6c7ced56fc560ad4741f717,0,28,11,1,0,1,1,824.38890000000004,10033.91,0
NSW_CONTROL_DW:00254,NSW_CONTROL_DW,254,fbe1e70fb1e1efbe5f8ea238d6927d88b8b77799ddfe8565cb16a3745d700a58,0,22,10,0,0,0,1,27864.360000000001,10598.67,7094.9200000000001
NSW_CONTROL_DW:00255,NSW_CONTROL_DW,255,53c46ec32a66c633ffba09a1104155489b57096fb5f77ae2b15110631e05384e,0,44,9,1,0,1,1,12260.780000000001,10857.24,12359.309999999999
NSW_CONTROL_DW:00256,NSW_CONTROL_DW,256,df7c6920df251f989aa98beaa0f4939dc730f4d878a05c97705d27d26ddc21b1,0,21,9,1,0,0,1,31886.43,12357.219999999999,0
NSW_CONTROL_DW:00257,NSW_CONTROL_DW,257,a90fc091d114d5409bdfde2388fe3afa5c1b4d5e3e3dc8e6d5ac1b26efd686de,0,28,11,1,0,0,1,17491.450000000001,13371.25,0
NSW_CONTROL_DW:00258,NSW_CONTROL_DW,258,4f6ec555745c92064cf398f90364839544b9dac8b1e66ceab624c73b1663a072,0,29,9,0,1,0,1,9594.3080000000009,16341.16,16900.299999999999
NSW_CONTROL_DW:00259,NSW_CONTROL_DW,259,1a9a973d64eac83a4c2d665ce16f58c7d53cacc9e13b084ca104fdbcdb93d46f,0,25,9,1,0,1,1,24731.619999999999,16946.630000000001,7343.9639999999999
NSW_CONTROL_DW:00260,NSW_CONTROL_DW,260,198482a00a8b3e59e11509516d8b82da2a8da7861997f8d241f79c199c9be5d9,0,22,10,0,0,1,1,25720.919999999998,23031.98,5448.8010000000004
