Fecha,C02,C04,C05,C06,C07,C08,C10,C11,C12,P03,P08,P11,P12,P13,P16,P17,P19,P20,P22,P23,P25,P27,P29,P30,P31,P34,P38,P39,P40,P41,P42,P45,P46,P52,P53,P54,P55,P56,P58,P59,P60,P61,P62,P63,P64,P65,P66,P67,P70,P72
2000-05-01,144.3,0,13.3,0,0,0,0,0,0,10.8,0,0,0,0,6.2,0,0,0,0,0,32.3,0,0,0,0,0,0,0,0,0,0,0,0,0,0,0,0,0,0,0,0,0,0,0,0,0,0,0,0,0
2000-06-01,0,0,55.5,0,43.2,0,0,0,0,61.6,0,81.1,0,0,98.1,0,0,0,0,116.1,16.4,0,0,0,0,0,0,0,0,0,0,0,0,0,0,0,0,0,0,0,0,0,0,0,0,0,0,0,0,0
2000-07-01,0,0,20.2,0,0,0,0,0,0,34.8,0,39.3,47.8,29.4,58.7,11.5,2.2,29,0,24.4,33.6,0,0,0,0,0,0,0,0,0,0,0,0,0,0,0,0,0,0,0,0,0,0,0,0,0,0,0,0,0
2000-08-01,0,0,4.1,0,0,0,0,0,0,13.6,0,19.8,19.5,1.3,31.9,10,0.4,1.7,0,27.8,33.7,0,0,0,0,0,0,0,0,0,0,0,0,0,0,0,0,0,0,0,0,0,0,0,0,0,0,0,0,0
2000-09-01,0,0,62.9,0,0,0,0,0,0,66.4,0,81.8,0.7,82.2,147.6,41.2,56.2,69.7,0,137.9,127,0,0,0,0,0,0,0,0,0,0,0,0,0,0,0,0,0,0,0,0,0,0,0,0,0,0,0,0,0
2000-10-01,10.7,24.1,65.9,14.1,2.8,0,0,0,0,39.8,0,66.9,86.3,47.7,9.5,0,56.7,3.6,0,50.7,54.5,0,0,0,0,0,0,0,0,0,0,0,0,0,0,0,0,0,0,0,0,0,0,0,0,0,0,0,0,0
2000-11-01,19.8,18.5,35.1,49.3,6.3,0,0,0,0,28.4,0,31.8,38,67.2,0,0,42.6,10.7,0,62.7,75,0,0,0,0,0,0,0,0,0,0,0,0,0,0,0,0,0,0,0,0,0,0,0,0,0,0,0,0,0
2000-12-01,55.3,40.5,29.3,60.5,46.5,0,0,0,0,95.3,92.8,106.1,120,97.9,43.3,0,68.4,86.6,0,93.6,55.7,0,0,0,0,0,0,0,0,0,0,0,0,0,0,0,0,0,0,0,0,0,0,0,0,0,0,0,0,0
2001-01-01,0,0,30.5,63.8,37.8,0,0,0,0,115,86.8,130.9,79.4,56.9,144.2,0,52.7,43.5,0,100.8,132.5,0,0,0,0,0,0,0,0,0,0,0,0,0,0,0,0,0,0,0,0,0,0,0,0,0,0,0,0,0
2001-02-01,0,0,32.7,49.9,14.3,0,0,0,0,111.2,80.6,94.7,146.3,49.3,149.5,119.5,67.2,11.6,0,96.5,115.7,0,0,0,0,0,0,0,0,0,0,0,0,0,0,0,0,0,0,0,0,0,0,0,0,0,0,0,0,0
2001-03-01,166.6,0,163,97.5,92.5,0,0,0,0,192.9,137.4,164.1,186.8,95.3,217.6,48.2,94.7,98.4,0,184,119.7,0,0,0,0,0,0,0,0,0,0,0,0,0,0,0,0,0,0,0,0,0,0,0,0,0,0,0,0,0
2001-04-01,46.9,0,54,29.6,1.7,0,0,0,0,43,127,25.1,96.2,55.5,140.8,53.6,0,13,0,79,96.9,0,0,0,0,0,0,0,0,0,0,0,0,0,0,0,0,0,0,0,0,0,0,0,0,0,0,0,0,0
2001-05-01,99.3,0,92.6,50.6,19.9,0,0,0,0,109.8,27,47.2,87.8,73,101.3,49.3,33.4,18.5,0,99.6,126.2,0,0,0,0,0,0,0,0,0,0,0,0,0,0,0,0,0,0,0,0,0,0,0,0,0,0,0,0,0
2001-06-01,10.1,0,6.2,23.3,6.6,0,0,0,0,10.8,11.6,8.2,18.2,14.9,31.5,32.9,12.6,12.1,0,33.1,32,0,0,0,0,0,0,0,0,0,0,0,0,0,0,0,0,0,0,0,0,0,0,0,0,0,0,0,0,0
2001-07-01,30.9,0,29.7,22.7,10.7,0,0,0,0,35.5,19.6,34.7,18.9,15.8,35.2,27.2,26,13.3,0,68.5,43.2,0,0,0,0,0,0,0,0,0,0,0,0,0,0,0,0,0,0,0,0,0,0,0,0,0,0,0,0,0
2001-08-01,0,0,0.2,0.6,0.2,0,0,0,0,1,0,0.1,0,0,12.3,0,0.4,0.4,0,5.5,0.7,0,0,0,0,0,0,0,0,0,0,0,0,0,0,0,0,0,0,0,0,0,0,0,0,0,0,0,0,0
2001-09-01,58,0,78,6.1,49.9,0,0,0,0,19.8,65.8,68.5,0,45,83.7,102,89.8,47.2,0,115.2,42.3,0,0,0,0,0,0,0,0,0,0,0,0,0,0,0,0,0,0,0,0,0,0,0,0,0,0,0,0,0
2001-10-01,0,9.5,0,0,0,0,0,0,0,0,16,6.6,0,12.7,7.6,25,34.5,1.6,0,23.8,2.1,0,0,0,0,0,0,0,0,0,0,0,0,0,0,0,0,0,0,0,0,0,0,0,0,0,0,0,0,0
2001-11-01,81.8,79.4,64.6,0,19,0,0,0,0,0,105.4,1.5,0,66.3,96.3,104.7,105,35.2,0,115.2,132.2,0,0,0,0,0,0,0,0,0,0,0,0,0,0,0,0,0,0,0,0,0,0,0,0,0,0,0,0,0
2001-12-01,0,0,109.5,28.7,1.3,241.8,0,0,0,36.8,108.2,0,72.2,76.5,158.3,87.9,17.7,30.7,0,158.7,212.8,0,0,0,0,0,0,0,0,0,0,0,0,0,0,0,0,0,0,0,0,0,0,0,0,0,0,0,0,0
2002-01-01,33.7,0,26.7,0,0,0,0,0,0,54.1,48.4,55.5,84.6,47,85.7,77.4,57.1,35.5,0,72.7,111.9,0,0,0,0,0,0,0,0,0,0,0,0,0,0,0,0,0,0,0,0,0,0,0,0,0,0,0,0,0
2002-02-01,68.9,0,61.1,0,0,19.6,0,0,0,2.5,67.6,67.6,64.2,42.1,79.7,32.6,41.6,35.7,0,96.6,53.3,0,0,0,0,0,0,0,0,0,0,0,0,0,0,0,0,0,0,0,0,0,0,0,0,0,0,0,0,0
2002-03-01,133.2,0,108.2,0,0,159.6,0,0,0,0,145.1,238.9,168.6,83.5,163.4,183.3,127.1,96.7,0,248.5,168.2,0,0,0,0,0,0,0,0,0,0,0,0,0,0,0,0,0,0,0,0,0,0,0,0,0,0,0,0,0
2002-04-01,182.1,0,232.7,0,0,220.4,0,0,0,105.1,193.4,115.2,242.7,191.6,193.2,174,251.6,32.7,0,258.6,174.5,0,0,0,0,0,0,0,0,0,0,0,0,0,0,0,0,0,0,0,0,0,0,0,0,0,0,0,0,0
2002-05-01,57.9,0,58.9,0,0,78.9,0,0,0,86.2,105.5,0,100.6,52.7,109.2,69.1,52.4,0,0,128.4,21.4,0,0,0,0,0,0,0,0,0,0,0,0,0,0,0,0,0,0,0,0,0,0,0,0,0,0,0,0,0
2002-06-01,37.6,0,0,0,0,38.9,0,0,0,42.6,31.8,0,32.8,36.3,59.7,44.2,40.2,0,0,68.6,0,0,0,0,0,0,0,0,0,0,0,0,0,0,0,0,0,0,0,0,0,0,0,0,0,0,0,0,0,0
2002-07-01,0,0,0,0,0,0,0,0,0,8.7,8.3,4.4,6.5,12.7,22.4,0.2,11.7,0,0,25.7,0,0,0,0,0,0,0,0,0,0,0,0,0,0,0,0,0,0,0,0,0,0,0,0,0,0,0,0,0,0
2002-08-01,0,0,0,0,0,0,0,0,0,1.1,5.4,8.4,30.5,3.5,2.6,3.7,23.7,0,0,13.1,0,0,0,3.6,0,0,0,0,0,0,0,0,0,0,0,0,0,0,0,0,0,0,0,0,0,0,0,0,0,0
2002-09-01,0,0,0,0,0,10,0,0,0,12.1,28.5,44.3,35.6,36.3,33.2,3,47,0,0,30.9,6.1,0,27.6,23.04,0,0,0,0,0,0,0,0,0,0,0,0,0,0,0,0,0,0,0,0,0,0,0,0,0,0
2002-10-01,0,0,0,0,0,170.7,0,0,0,8.9,109.3,155.1,194.6,5.2,113.6,0,74.4,0,0,163.1,120.3,0,151.2,227.76,0,0,0,0,0,0,0,0,0,0,0,0,0,0,0,0,0,0,0,0,0,0,0,0,0,0
2002-11-01,0,0,0,0,0,99.2,0,0,0,35.6,12.2,22.7,126.6,21.8,253.9,0,75.7,0,0,142.7,182.7,0,156.72,195.36,3.6,0,0,0,0,0,0,0,0,0,0,0,0,0,0,0,0,0,0,0,0,0,0,0,0,0
2002-12-01,0,0,0,0,0,194.1,0,0,0,90.3,0,0,178,101.8,247.9,0,108.5,0,0,213.7,203.5,0,0,0,166.8,0,0,0,0,0,0,0,0,0,0,0,0,0,0,0,0,0,0,0,0,0,0,0,0,0
2003-01-01,0,0,14.9,0,0,39.8,0,0,0,10.2,37.9,22.4,37,37.1,116.1,81.6,41.3,0,0,82.1,63.5,0,67,0,49.2,51.84,0,0,0,0,0,0,0,0,0,0,0,0,0,0,0,0,0,0,0,0,0,0,0,0
2003-02-01,0,0,87.7,0,0,0,0,0,0,60.6,191.8,99.7,90,74,85.5,1.2,75.9,0,0,99.9,127.2,0,128.6,0,137.6,115.68,0,0,0,0,0,0,0,0,0,0,0,0,0,0,0,0,0,0,0,0,0,0,0,0
2003-03-01,0,0,102,0,0,42.2,0,0,0,63.4,93.7,122.2,97.8,88.9,14.9,0,59.6,0,0,54.4,118.8,0,173.6,0,101.08,150,0,0,0,0,0,0,0,0,0,0,0,0,0,0,0,0,0,0,0,0,0,0,0,0
2003-04-01,0,0,208.7,0,0,46.8,0,0,0,164.4,190.3,29.6,247.4,286.1,0,0,154,0,0,0,169.3,0,246.2,181.2,267.6,78.96,0,0,0,0,0,0,0,0,0,0,0,0,0,0,0,0,0,0,0,0,0,0,0,0
2003-05-01,0,0,0,0,0,40.2,0,0,0,0,0,0,26.1,20,0,0,14.1,0,0,0,97.6,0,71.4,86.64,78.48,180.24,0,0,0,0,0,0,0,0,0,0,0,0,0,0,0,0,0,0,0,0,0,0,0,0
2003-06-01,0,0,0,0,0,73.4,0,0,0,0,42.9,0,55.8,30.3,0,0,13.5,0,0,0,90,0,113.4,143.52,97.2,145.68,0,0,0,0,0,0,0,0,0,0,0,0,0,0,0,0,0,0,0,0,0,0,0,0
2003-07-01,0,18.4,0.2,0,0,4.3,0,0,0,0,8.6,0,16.6,10.5,0,0,3.4,0,0,0,9.7,2.4,20.2,22.8,15.6,214.32,0,0,0,0,0,0,0,0,0,0,0,0,0,0,0,0,0,0,0,0,0,0,0,0
2003-08-01,0,6.6,2.3,0,0,20.1,0,0,0,0,5.5,0,22,2.5,0,0,21.5,0,0,0,70.7,22.32,14.6,8.16,2.88,54.72,0,0,0,0,0,0,0,0,0,0,0,0,0,0,0,0,0,0,0,0,0,0,0,0
2003-09-01,51.7,69.5,35.4,0,0,66.3,0,0,0,0,43.6,33.5,86.2,4.4,32.1,0,91,0,0,22.4,73,78.48,83.2,84.96,60.24,91.68,0,0,0,0,0,0,0,0,0,0,0,0,0,0,0,0,0,0,0,0,0,0,0,0
2003-10-01,86.5,118.3,0.1,0,0,140.3,0,0,0,0,23.4,123.3,92.3,85.2,129.1,0,84.2,0,0,131.6,103.2,110.16,58.6,70.32,114.96,64.32,0,0,0,0,0,0,0,0,0,0,0,0,0,0,0,0,0,0,0,0,0,0,0,0
2003-11-01,0,141.2,139.7,0,0,83.6,0,0,0,72,0,163.3,0,84.6,158.3,0,113.3,0,0,190.6,212.2,151.2,146.4,175.68,148.8,47.52,56.2,72.24,0,0,75.8,0,0,0,0,0,0,0,0,0,0,0,0,0,0,0,0,0,0,0
2003-12-01,0,74.5,113,0,0,0,0,0,0,69.1,0,81.1,0,73.9,10.6,0,54.1,57.2,0,107.1,74.2,94.56,125.4,120.72,75.12,90.72,82.8,111.84,0,0,101.64,0,0,0,0,0,0,0,0,0,0,0,0,0,0,0,0,0,0,0
2004-01-01,0,38.4,49.7,0,0,0,0,0,0,77.9,3.36,0,0,41.8,0.1,0,76.2,38,0,43.9,23.6,1.92,81.12,59.04,87.36,11.28,10.2,45.84,0,0,14.4,0,0,0,0,0,0,0,0,0,0,0,0,0,0,0,0,0,0,0
2004-02-01,41.9,6.3,28.3,0,17.9,61.7,0,0,0,44.1,39.6,34.5,42.6,0.1,48.8,0,25.2,1.6,0,82.3,35.7,57.36,78.72,39.36,50.4,56.8,54.4,54.72,0,0,0,0,0,0,0,0,0,0,0,0,0,0,0,0,0,0,0,0,0,0
2004-03-01,61.8,72,53.4,22.2,26.9,75,0,0,0,68.5,119.04,0.7,94.5,49.9,47.8,55.2,80.3,37.7,0,95.3,49.7,91.92,109.68,93.36,96.24,151.68,94.56,81.8,36.48,0,0,0,0,0,0,0,0,0,0,0,0,0,0,0,0,0,0,0,0,0
2004-04-01,129,134.5,183.5,142.6,80.3,0,0,0,0,163.3,188.16,0,149.6,125.4,123.2,134.2,63.6,49.6,0,191.5,110.2,179.76,158.16,163.44,171.36,121.92,150.48,105.4,121.92,0,0,0,0,0,0,0,0,0,0,0,0,0,0,0,0,0,0,0,0,0
2004-05-01,99.4,109,118.6,82.8,49.6,30.5,0,0,0,81.7,148.8,0,112.1,56.1,60.2,69.3,38,42.3,0,199.6,112.9,13.92,156.24,215.52,200.4,138.48,96.96,146.4,161.52,0,0,0,0,0,0,0,0,0,0,0,0,0,0,0,0,0,0,0,0,0
2004-06-01,6,6.8,7.2,2.8,6.1,2.9,0,0,0,7.4,8.4,7.1,13.8,23.7,17.3,9.1,25,7.3,0,15.3,9.8,0.24,27.12,19.68,19.44,184.8,51.36,151.44,90.24,0,0,0,0,0,0,0,0,0,0,0,0,0,0,0,0,0,0,0,0,0
2004-07-01,11.1,10.3,0.2,3.5,6.4,6.6,0,0,0,20.9,11.52,10.5,7.3,4.6,24.3,5.4,4.7,12.4,0,27.1,39.6,15.84,32.16,14.16,10.56,36.72,120.72,0,101.04,0,0,0,0,0,0,0,0,0,0,0,0,0,0,0,0,0,0,0,0,0
2004-08-01,1.8,0,0,0.6,2.3,0,0,0,0,1.3,0.48,5.5,30.6,0.3,5.1,0.7,1,1,0,23.8,14.5,34.08,7.44,12.96,0,63.6,51.84,0,48,0,53,0,0,0,0,0,0,0,0,0,0,0,0,0,0,0,0,0,0,0
2004-09-01,80.5,0.5,68.3,0,28.9,0,0,0,0,24.7,90,115.6,77.6,44,84.6,98.6,48.1,51.4,0,94.8,113.4,178.31,139.45,106.24,0,31.4,66.72,6,47.04,0,74.64,0,0,0,0,0,0,0,0,0,0,0,0,0,0,0,0,0,0,0
2004-10-01,48.2,0,69.1,59.6,33.3,0,0,0,0,61.4,124.8,97,99.4,83.3,126.9,82.9,104.3,14.6,0,113.7,151.9,113.44,97.5,82.5,0,0,15.38,78.24,39.6,0,66.98,0,0,0,0,0,0,0,0,0,0,0,0,0,0,0,0,0,0,0
2004-11-01,85.2,0,105.3,112.2,29.2,0,0,0,0,30.7,118.8,130.3,177,127.7,142.1,129.6,178.6,0,0,138.9,139,216.72,109,144.5,0,36.8,53.25,14.88,98.16,0,35.76,0,0,0,0,0,0,0,0,0,0,0,0,0,0,0,0,0,0,0
2004-12-01,59.7,0,98.5,35.6,17.5,0,0,0,0,50.4,47.04,114.8,34.1,77.2,159.6,99.1,126.6,0,0,132.2,135.3,201.6,133.68,117.5,0.24,47.04,57.37,82.56,65.75,0,45.12,0,0,0,0,0,0,0,0,0,0,0,0,0,0,0,0,0,0,0
2005-01-01,24.1,0,28.7,47.8,21.1,87.1,0,0,0,36.4,57.6,57.4,22.1,31.8,29.5,0,21.2,0,0,42.8,13.8,52.8,78.32,39.25,65.04,10.08,26.88,46.42,32.56,0,12.72,0,0,0,0,0,0,0,0,0,0,0,0,0,0,0,0,0,0,0
2005-02-01,127.8,0,119.8,46.2,74.7,136.3,0,0,0,98.7,211.92,142.7,158.3,136.1,160.7,0,12.2,96.8,0,147.5,131.7,156.72,166.76,146.5,176.4,80.64,91.2,74.8,61.82,0,41.04,0,0,0,0,0,0,0,0,0,0,0,0,0,0,0,0,0,0,0
2005-03-01,171.3,0,97,71.3,59.2,137.1,0,0,0,202.7,208.83,170.1,178.3,79.2,140.5,126.1,63.5,87.4,0,14.5,177.1,255.36,192.72,238.57,187.92,86.16,84.72,20.46,88.66,0,49.6,0,0,0,0,0,0,0,0,0,0,0,0,0,0,0,0,0,0,0
2005-04-01,81.5,106.8,67.1,43,34.7,97.6,0,0,0,64.2,128.5,91.1,84.8,51.7,92.2,84.7,21.3,65.7,0,140.7,117.9,90.96,155.98,159.84,84.48,153.84,195.12,138.38,173.36,0,204.96,0,0,0,0,0,0,0,0,0,0,0,0,0,0,0,0,0,0,0
2005-05-01,36,49.6,28.5,19.9,13.6,27.7,0,0,0,39.5,1.75,32.8,44.7,50.3,84.6,100,41,26.8,0,64.6,58.8,74.16,54.56,46.8,48.24,78,84.96,80.3,66.88,0,126.24,0,0,0,0,0,0,0,0,0,0,0,0,0,0,0,0,0,0,0
2005-06-01,47.1,27,22.8,33.8,13.1,38.1,0,0,0,48.3,0,50.4,51.9,30.8,59.9,33.1,30.6,12,0,56.7,53.9,69.6,55.88,71.28,63.12,158.16,134.16,124.96,96.58,0,167.5,0,0,0,0,0,0,0,0,0,0,0,0,0,0,0,0,0,0,0
2005-07-01,14.3,16.7,5.6,8.7,17.6,9.6,0,0,0,10.9,0,14.8,17.5,23.9,48.8,49.1,9.1,11.2,0,39.2,48.4,23.28,14.08,31.44,17.52,13.2,85.44,68.64,46.2,0,104.68,0,0,0,0,0,0,0,0,0,0,0,0,0,0,0,0,0,0,0
2005-08-01,20.6,25.8,0,23.5,6.9,8.9,0,0,0,9,0,23.2,23.3,11.9,44.2,6.5,8.2,5.8,0,23.3,20.3,1.44,0,23.28,24.96,0,41.52,77.44,35.2,0,57.12,0,0,0,0,0,0,0,0,0,0,0,0,0,0,0,0,0,0,0
2005-09-01,35.8,56.6,24.7,24.5,18.8,31,0,0,0,16.7,20.88,56.4,28.9,1.2,66.3,47.5,19.8,44.3,0,72.5,81.3,0,58.56,59.04,30,0,58.32,56.1,27.94,0,67.2,77.98,0,0,0,0,0,0,0,0,0,0,0,0,0,0,0,0,0,0
2005-10-01,69.9,114,105.1,72.6,22.7,61.8,0,0,0,93.2,0,85.9,49.9,119.3,18.7,100.6,50.5,87.3,0,93.9,85.7,92.64,89.28,89.28,66.96,0,108,54.34,63.36,0,7.2,74.06,0,0,0,0,0,0,0,0,0,0,0,0,0,0,0,0,0,0
2005-11-01,43.8,103.7,42.1,67.8,14.5,67.4,0,0,0,43.5,0,86.8,0,62.9,92,94.7,42.7,39.6,0,86.9,110.1,115.92,49.98,81.12,72.96,31.92,66,87.12,71.94,0,45.6,51.98,0,0,0,0,0,0,0,0,0,0,0,0,0,0,0,0,0,0
2005-12-01,0,147.1,58,76.1,71.6,245.3,0,0,0,105.1,0.6,120.6,0,73.2,140.2,137.7,26.7,0,1.1,125.5,120.6,207.84,36,108,103.92,40.56,142.8,0,163.24,0,149.04,8.51,0,0,0,0,0,0,0,0,0,0,0,0,0,0,0,0,0,0
2006-01-01,0,78.7,19.3,47,16.1,77.4,0,0,0,36.6,52.7,59,119.9,38.9,82.7,87,22,0,34.8,72.3,6.9,151.44,56.75,67.44,37.92,76.32,67.92,0,0,0,97.92,45.4,0,0,0,0,0,0,0,0,0,0,0,0,0,0,0,0,0,0
2006-02-01,62.5,160.6,57.3,106.8,31.5,102.6,0,0,0,149.9,89.2,62.5,120.6,67.6,138.4,149.7,62.7,22.3,69.6,170.7,112.6,205.2,102.5,125.04,0,46.56,0,75.84,63.36,0,71.76,79.8,0,0,0,0,0,0,0,0,0,0,0,0,0,0,0,0,0,0
2006-03-01,50.9,257.2,166.5,123.7,76.6,189.3,0,0,0,155.6,160.9,0,214.6,245.7,135.3,240.6,0.1,51,154.8,228.1,189.7,284.16,287.5,180,0,74.64,0,92.88,131.25,0,134.64,100.8,0,0,0,0,0,0,0,0,0,0,0,0,0,0,0,0,0,0
2006-04-01,101.3,233,123.6,64.9,113.9,209.4,0,0,0,212.1,159.7,0,181.1,182.6,203.7,50.9,0,183.3,197.1,203,146.3,217.2,305.25,243.84,0,116.64,0,105.36,154.5,0,107.4,153.6,0,0,0,0,0,0,0,0,0,0,0,0,0,0,0,0,0,0
2006-05-01,73.1,89.5,118.7,34.7,30.9,137.4,0,0,0,73.8,91.5,0,97.3,81.7,69.1,15.1,0,36.6,74.3,92.5,29,103.2,17,75.84,0,95.52,0,109.92,83.04,0,122.4,71.8,0,0,0,0,0,0,0,0,0,0,0,0,0,0,0,0,0,0
2006-06-01,4.4,78.8,33.5,0,23.3,4.2,0,0,0,59.9,45.1,0,61.7,45.2,69,0.1,0,51,46.4,62.8,12.2,86.64,54.5,115.68,0,190.08,0,138.24,126.48,0,181.12,43.4,0,0,0,0,0,0,0,0,0,0,0,0,0,0,0,0,0,0
2006-07-01,7.3,5.1,2.7,4.3,4.9,18.7,0,0,0,5.3,3.1,6.6,3.4,2.8,12,12.9,0,3.6,7.6,31,10.7,7.44,1,20.4,0,120,0,64.8,60.96,0,119.12,20.6,0,0,0,0,0,0,0,0,0,0,0,0,0,0,0,0,0,0
2006-08-01,17.2,6.5,3.4,3.8,2.5,19.4,0,0,0,18.9,2.5,5.3,8.5,2.5,20.4,6.7,0,3.6,21.8,22.5,6.7,18.24,0,27.12,0,93.84,0,73.2,55.68,0,26.16,7.6,52.8,0,0,0,0,0,0,0,0,0,0,0,0,0,0,0,0,0
2006-09-01,21,55.7,20.1,5.8,1.8,17.4,0,0,0,0,57.4,3,29.7,19.7,75,6.9,0,4.9,16.7,38.6,26.3,51.6,37.44,39.25,0,26.88,0,77.52,67.68,0,67.2,25.2,47.3,0,0,0,0,0,0,0,0,0,0,0,0,0,0,0,0,0
2006-10-01,9.8,122,89.1,113.6,8.9,174.9,0,0,0,0,96.8,35.6,28.6,77.2,57.1,125.8,0,59,18.8,106.7,43.7,104.88,99.6,74.52,0,50.88,0,54,61.92,0,42.68,58.8,0,0,0,0,0,0,0,0,0,0,0,0,0,0,0,0,0,0
2006-11-01,20.7,269,145.4,209.6,89,219.8,0,0,0,0,165.3,237.6,150.9,171.9,232.7,140.2,0,28,7.1,242.4,317.3,105.36,208.56,184.69,0,104.16,0,89.28,108,0,0.24,143.6,0,0,0,0,0,0,0,0,0,0,0,0,0,0,0,0,0,0
2006-12-01,12.9,87.4,131.1,148.5,85.4,111,0,0,0,2,207.8,236.4,128.2,211,126.1,0,0,0,68.8,180.7,130.2,0,198.48,181.01,0,54.72,0,103.2,114,0,20.64,124,0,0,0,0,0,0,0,0,0,0,0,0,0,0,0,0,0,0
2007-01-01,18.1,51.3,93.1,59.2,38.3,53.6,0,0,0,0,78.5,106.6,46.7,77.2,128.4,37.9,0,0,52.5,105,33.4,59.84,134.16,105.34,0,50.88,0,59.76,54.96,0,45.28,48,0,0,0,0,0,0,0,0,0,0,0,0,0,0,0,0,0,0
2007-02-01,14.8,92.1,62.4,51,30.9,23,0,0,0,0,74.8,15.5,63.7,50.7,39.9,37.9,0.2,0,2,55.2,15,40.63,103.92,47.38,84.72,48.72,0,52.8,51.6,0,39.12,30,0,0,0,0,0,0,0,0,0,0,0,0,0,0,0,0,0,0
2007-03-01,178.3,179.4,133.8,112.3,65.5,47.2,0,0,0,0,158.4,17.8,79.8,191.6,188.1,184.4,30.6,74.8,38.6,250.2,19.5,152.83,196.8,146.97,219.36,0,0,85.44,103.92,0,70.56,102.6,4.2,0,0,0,0,0,0,0,0,0,0,0,0,0,0,0,0,0
2007-04-01,187.3,305.4,188.3,160.4,125.8,168.7,0,0,0,0,195,255.2,73.7,191.1,114.1,156.4,34.7,51.5,30.6,303.5,0,212.33,241.92,228.85,142.32,86.88,0,113.76,161.76,0,134.88,144.4,55.3,0,0,0,0,0,0,0,0,0,0,0,0,0,0,0,0,0
2007-05-01,88.1,30.8,56.7,63.7,57.6,0,0,0,0,0,76.1,30.5,111.5,66,174.4,71.9,34.2,19,14.6,155,101.9,127.72,100.8,116.15,59.52,67.92,0,67.68,96.72,0,115.09,58.6,51.4,0,0,0,0,0,0,0,0,0,0,0,0,0,0,0,0,0
2007-06-01,54.2,30.6,25.5,26.8,43,0,0,0,0,0,22.6,17.2,24.9,23.1,46.1,26.2,3.4,1.2,12.9,91.3,27.3,17.64,68.16,88.55,7.44,220.8,0,180.24,170.64,0,205.92,31.44,339.4,0,0,0,0,0,0,0,0,0,0,0,0,0,0,0,0,0
2007-07-01,41.9,37,14.3,13.9,27,0,0,0,0,40.4,11.6,35.5,16.2,5.1,57,18.7,2.1,2.8,56.6,71,32.9,0,60.72,64.4,0,59.76,29.28,49.44,56.16,0,55.2,10.08,43.7,0,0,0,0,0,0,0,0,0,0,0,0,0,0,0,0,0
2007-08-01,13.5,77,24.4,13.9,15,1.5,0,0,0,45.8,50.7,0,32.8,17.1,26.9,15.4,21.3,18.7,36.9,40.2,30.8,0,57.6,43.24,45.36,174,102.72,139.44,126.72,0,176.4,12,154.2,0,0,0,0,0,0,0,0,0,0,0,0,0,0,0,0,0
2007-09-01,0.5,2.8,2.7,12.9,1.2,4.1,0,0,0,7.2,1.6,1.6,7.9,10.1,21.9,10.5,16.1,1.2,35,28,40.2,0,19.68,25.3,18.96,83.28,35.76,80.64,52.56,0,97.2,5.76,20.8,0,0,0,0,0,0,0,0,0,0,0,0,0,0,0,0,0
2007-10-01,26.8,203.9,136.2,90.4,54.6,225.9,0,0,0,121.6,139.5,177.7,126.1,132.7,162.3,167.8,109.5,62.1,103.1,174.5,147.1,172.68,116.64,112.24,159.6,69.12,14.16,76.8,79.92,0,67.44,103.68,44.4,0,0,0,0,0,0,0,0,0,0,0,0,0,0,0,0,0
2007-11-01,12.9,191.7,58,68.9,31.2,223.1,0,0,0,122.5,128.1,173.4,201,167.3,242.5,222.1,146.1,7.3,0,241.4,288.3,209.79,170.88,180.68,125.28,107.76,117.84,99.36,97.44,0,85.44,26.16,178.9,0,0,0,0,0,0,0,0,0,0,0,0,0,0,0,0,0
2007-12-01,13.7,8.4,14.3,23.4,20,141.5,0,0,0,58.1,73.8,80.5,33.6,39,68.5,77.5,13.7,27.1,26.6,122.6,105.1,137.55,112.32,103.2,6.96,86.16,98.88,66.72,81.6,0,59.28,15.12,241.2,0,0,0,0,0,0,0,0,0,0,0,0,0,0,0,0,0
2008-01-01,119.1,0,23.1,67.1,61.5,217.9,0,0,0,142.8,195.1,189.9,169.7,79,167.7,169.6,63.8,65.5,0,213.4,121.9,208.12,230.64,155.76,0,77.04,90.24,68.64,67.68,0,64.8,22.11,72.9,0,0,0,0,0,0,0,0,0,0,0,0,0,0,0,0,0
2008-02-01,135,200.5,92,59.6,21.9,222.7,0,0,0,155.5,265.1,251.6,167.3,162.4,204.7,142,118,5,134.8,262.7,20.2,206.58,212.64,183.12,74.16,98.64,139.44,109.68,114.48,0,94.56,116.49,120.9,0,0,0,0,0,0,0,0,0,0,0,0,0,0,0,0,0
2008-03-01,199.5,236,137.6,57.5,58.4,90.3,0,0,0,247.8,215.8,162.7,208.4,158.8,220.5,268.1,161.4,135.2,221.5,287.3,101.9,239.8,260.4,261.12,147.12,66.24,103.92,101.52,124.08,0,64.56,137.04,76,0,0,0,0,0,0,0,0,0,0,0,0,0,0,0,0,0
2008-04-01,201.4,236.3,159.4,104,59.8,0,0,0,0,195.1,173.9,139,260.5,115.5,113.7,221.4,97.3,122.5,271,308.8,175,267.96,257.52,291.36,0,85.6,103.2,86.88,89.52,0,88.56,99.36,132.5,0,0,0,0,0,0,0,0,0,0,0,0,0,0,0,0,0
2008-05-01,93.9,251.7,125.2,89.6,79.1,0,0,0,0,272.1,169.9,80.6,171.5,62.3,0,246.6,106.5,86.4,220,274.7,184.4,224.62,233.76,308.4,0,62.5,149.52,132.96,135.36,0,119.04,90.24,146,0,0,0,0,0,0,0,0,0,0,0,0,0,0,0,0,0
2008-06-01,0,61.4,56.1,32.5,29.1,67.5,68.1,0,0,2.8,39.7,61.9,96.5,31.9,92.2,93.6,56.4,39.4,105.5,156.5,124,120.12,106.08,134.88,74.4,60.7,123.36,129.12,119.76,0,138,33.12,129.3,0,0,0,0,0,0,0,0,0,0,0,0,0,0,0,0,0
2008-07-01,0,25.3,9.8,5,3.9,8.1,84.3,0,0,10.6,10.9,20.3,18.1,2,24.8,3.2,1.1,7,17.2,24.6,17.6,36.08,20.16,26.88,37.2,0,0,120.96,106.32,0,132,9.84,119.9,0,0,0,0,0,0,0,0,0,0,0,0,0,0,0,0,0
2008-08-01,0,75.2,30.1,27,11.2,75.7,58.6,0,0,45.9,38.5,49.8,69.9,43.1,84.8,43.7,17.6,12.5,88.1,97.2,93.1,90.2,77.52,104.4,43.68,0,107.22,97.44,104.8,0,112.56,19.92,172.9,0,0,0,0,0,0,0,0,0,0,0,0,0,0,0,0,0
2008-09-01,0,86,38.4,29.5,24.7,85.3,107.5,0,0,28.6,20.52,77.7,77,62.8,89.7,130.5,14.7,17.7,97.5,64.1,83.6,112.86,92.4,107.76,12.24,0,55,99.6,78.3,35.5,126,31.68,143.7,0,0,0,0,0,0,0,0,0,0,0,0,0,0,0,0,0
2008-10-01,0,183.6,218.2,49,20.6,247.6,169.2,0,0,81.8,144.72,139.4,67.6,152.9,175.5,278.7,111.3,126.1,78.5,206.9,145.8,201.52,196.32,211.44,40.32,62.9,141.1,103.68,29.8,66.7,162.24,130.56,62.3,150.2,0,0,0,0,0,0,0,0,0,0,0,0,0,0,0,0
2008-11-01,0,121.1,72.6,80.1,16.4,181.9,106.9,0,0,92.9,96.96,126.7,56.6,26.16,95,111.5,59.1,44.2,63.1,108.5,97.9,83.38,84,78,28.8,49.2,69.4,102.96,55.5,42.9,101.92,35.28,22.8,38.9,0,0,0,0,0,0,0,0,0,0,0,0,0,0,0,0
2008-12-01,0,136.3,119.2,106,26.8,187.7,99.3,0,0,102.5,131.52,100.3,55.7,142.32,69.4,141.7,93.8,6.2,91.7,92.8,75.1,150.26,146.64,84.48,15.36,45.1,41.7,104.4,87.8,0,77.04,75.12,59.3,127.8,0,0,0,0,0,0,0,0,0,0,0,0,0,0,0,0
2009-01-01,170.5,170,146.6,113.3,83,139.3,89.7,0,0,166,183.12,169.5,109.7,210.24,132.8,172.2,58.8,121.7,127.2,196.1,23.9,188.4,32.64,143.04,131.04,139.8,82.9,88.08,69.1,100.7,106.76,137.52,106.6,95.2,0,0,0,0,0,0,0,0,0,0,0,0,0,0,0,0
2009-02-01,113.1,118.1,96.2,81.2,46.7,84.6,60,0,0,137.1,142.32,163.9,52.7,73.16,105.4,113.3,70.5,134.3,102.4,147.9,31.2,107.4,37.92,156.48,0.72,51.8,63.8,61.2,48.4,67.3,78.24,73.68,79.7,72.5,0,0,0,0,0,0,0,0,0,0,0,0,0,0,0,0
2009-03-01,134.8,208.3,132.6,84.9,59,165.9,48.4,0,0,110.8,230.64,154,197.4,174.7,188.4,256.7,143.4,99.8,105.6,200.8,241.2,174,138.24,183.6,0,46.4,54.1,73.92,56.7,64.6,73.76,90.24,43.3,0,0,0,0,0,0,0,0,0,0,0,0,0,0,0,0,0
2009-04-01,98.1,113.9,101.1,51.4,34,79.1,81.1,0,0,101.4,125.76,123.8,58.1,7,188.2,148.2,57,42.7,65.52,127.5,155.28,94.32,93.36,100.8,13.44,121.4,54,84.96,72.9,30.9,109.96,39.12,84.9,127.1,0,0,0,0,0,0,0,0,0,0,0,0,0,0,0,0
2009-05-01,74.4,74,29,81.9,15.3,69.9,79.7,0,0,98.5,96.72,70,41.3,27.7,89.7,94.3,42.7,49.9,72.1,117.9,109.92,111.84,120.24,104.4,56.64,106,75.4,103.92,55,48.3,103.44,60,121.1,36.7,0,0,0,0,0,0,0,0,0,0,0,0,0,0,0,0
2009-06-01,71.4,42.8,13.8,6,28.8,21.2,102.5,0,0,124.4,36,55.6,38.6,6.7,36.8,49,0,25.8,69.2,30.7,56.88,66,62.88,73.92,0,183.2,55.1,144.96,72.3,58.4,110.88,31.68,89.9,12.1,0,0,0,0,0,0,0,0,0,0,0,0,0,0,0,0
2009-07-01,3.4,8.4,2.1,4.2,0.8,6.2,128.5,0,0,2.3,5.76,4.2,12.2,7,6.2,11.6,0,1.9,5.5,14.7,7.68,19.92,20.16,12,2.64,100.3,50.5,120.96,45.1,51.7,169.2,2.16,130.3,16.6,0,0,0,0,0,0,0,0,0,0,0,0,0,0,0,0
2009-08-01,3.6,3,1.4,0.2,0.7,29,71.6,0,0,7.7,1.44,5.6,1.1,0.2,23.1,0.9,0,2,25.9,35.4,38.64,6.96,27.6,28.08,7.04,107.2,24.1,88.32,50.5,23.8,133.2,2.4,67.5,7.9,0.9,1.3,0,0,0,0,0,0,0,0,0,0,0,0,0,0
2009-09-01,10,11.7,8.4,1,3.5,13.5,18.1,0,0,17.2,10.56,10,0,0,8.9,16.1,10.8,2,0,16.5,10.32,15.6,27.12,17.52,0.1,41.3,14.2,48.72,19.1,0.8,53.28,5.04,43.9,7.8,12.7,6.8,0,0,0,0,0,0,0,0,0,0,0,0,0,0
2009-10-01,59.4,113.7,80.9,104.7,15.5,101.3,41.2,0,0,70.6,133.44,87.3,33.5,27.4,66.5,122.6,112.8,51.4,84.8,93.6,101.52,82.56,22.32,18.48,44.9,27.6,47.3,75.12,85.6,30.1,67.44,44.88,30.4,88.2,55.9,42.9,31.4,0,0,0,0,0,0,0,0,0,0,0,0,0
2009-11-01,61.9,83,22.6,5,8.3,79.3,24.5,0,0,75.6,62.16,71.2,44.1,26.5,67,125.6,61.4,8.3,43.8,61.9,97.44,78.24,41.76,51.84,62.2,6.6,10.6,25.68,26.9,14.7,32.64,9.36,52.5,140,93.2,133.9,12.8,0,0,0,0,0,0,0,0,0,0,0,0,0
2009-12-01,91,112.2,121.7,44.3,28.4,98.5,18.3,0,0,96.7,182.4,109,90,77.6,171.9,126.7,31.9,38.8,10.5,28.6,201.84,10.8,144.24,137.52,127.6,45.8,22,79.2,65.5,41.5,59.28,53.76,43.4,184.9,78.3,125.7,60.7,0,0,0,0,0,0,0,0,0,0,0,0,0
2010-01-01,6.3,14,12,10.3,5.2,27.7,36.3,0,0,6.4,9.36,18.4,0,32.3,44.4,135.9,0,7.7,24.3,27.5,32.22,0,47.04,38.88,18.3,41.7,15.2,30.96,31.8,10.4,30.48,10.08,21,51.4,24.1,17.1,21.5,0,0,0,0,0,0,0,0,0,0,0,0,0
2010-02-01,35.2,59.7,54.4,35.4,26.5,78.8,40.3,0,0,51.2,51.36,47,36.1,55.3,50.9,13.4,51.4,32.5,78.3,117.7,131.22,0,126.48,90.96,62.4,71.4,29.6,48.24,59.3,29.1,45.84,35.76,20.1,59.7,48.3,44.2,21.3,0,0,0,0,0,0,0,0,0,0,0,0,0
2010-03-01,75,64,6.8,21.1,19.3,42,45.8,0,0,57,32.16,46.4,21.6,5.4,80,27.9,22,31.5,76.2,56,44.8,0,96.72,72,111.1,70.6,42.8,42.72,44.7,24,77.28,24.24,86,27.1,9.8,17.3,46,0,0,0,0,0,0,0,0,0,0,0,0,0
2010-04-01,210.3,253.74,95.7,113.8,44.7,126.2,115.8,0,0,176,223.92,212.1,72.6,121.3,96.4,188.9,164.2,72.3,199.9,247.6,262.4,119.76,267.36,291.84,205.6,106.9,91.2,133.92,129.3,44.1,169.36,78.96,121.4,110,104.4,132.9,129.6,0,0,0,0,0,0,0,0,0,0,0,0,0
2010-05-01,134.2,136.86,135.7,79.6,32.4,147.1,25.2,0,0,173.1,231.84,81.6,92.8,108.8,56.8,105.2,83.3,64,116.3,159.5,162.8,144.24,147.6,157.44,149.8,125.8,69.4,74.64,90.6,75.3,124,65.28,83.6,65.4,89.2,89.7,79.2,0,0,0,0,0,0,0,0,0,0,0,0,0
2010-06-01,57.6,55,42.3,42.1,37.6,58.9,145.1,0,0,55.2,61.2,3.1,46,47.1,72.3,66.6,49.9,25,32.6,94.8,93.6,92.88,86.88,100.56,83.7,198.8,112.5,152.16,142.2,30.2,225.84,21.12,83.4,36.1,60.8,64.7,131.4,0,0,0,0,0,0,0,0,0,0,0,0,0
2010-07-01,100.6,99.9,99.9,58.2,47.6,50.2,31.4,0,0,132,132.24,141.2,30.2,81.1,175.5,60,78.6,49.3,123.5,158,164.88,165.12,144.96,159.12,135.5,86.1,68.7,114.72,62.2,45.2,174.24,0,61.8,54,58,49,105.8,0,0,0,0,0,0,0,0,0,0,0,0,0
2010-08-01,31.2,76.5,72.9,15.3,5.5,11.9,122.5,0,0,29.3,75.36,71.8,23.2,34.6,61.5,35.5,28.9,12.1,25.7,48.9,41,74.88,32.4,36.24,29.1,110.3,37.2,144.72,55.7,6.9,184.8,4.08,110.5,4.1,29.7,31.8,119.9,0,0,0,0,0,0,0,0,0,0,0,0,0
2010-09-01,95.2,124.3,71.1,77.3,29.5,31.7,84.9,0,0,97.7,120,97.5,31.8,32.4,63.6,124.6,72.4,33.4,120.2,128.2,109.12,142.56,95.52,111.12,122.7,83.3,38.4,86.88,63.1,50.4,130.8,39.84,77,16.6,10.6,35.6,65.8,35.9,0,9.9,0,0,0,0,0,0,0,0,0,0
2010-10-01,47.9,17.5,54.9,22.6,14.7,34.7,55.1,0,0,41,72,55.3,11.8,30.3,87.6,125.9,65.1,0,40,38,66.82,54.72,52.56,36,47.9,51.8,66.9,86.88,89.2,11.7,58.62,24,83.8,107.6,33.9,94.1,36.7,24.1,0,22.7,36.1,0,0,0,0,0,0,0,0,0
2010-11-01,120.4,106.9,181.9,93,63,118,155.1,0,0,121.1,243.84,178.6,134,97.4,147.1,175.3,159.7,75.6,91.3,169.8,217.8,176.16,159.36,144.96,160.8,113.4,133.7,155.76,130.1,85,164.68,113.52,143.04,89.5,156.1,154.8,104.5,0,0,104.3,184.2,0,0,0,0,0,0,0,0,0
2010-12-01,85.8,105.7,185.2,88,81.5,150.2,73.2,0,0,128.2,217.44,150.4,0,106.8,237.9,193.9,102.4,99.4,124.2,238.1,207.8,0,270.96,172.8,163,36.7,77.5,101.04,84.5,81.8,131.28,83.28,0,49.4,111,141.4,71.6,186.8,0,129.8,219.3,0,0,0,0,0,0,0,0,0
2011-01-01,61.7,15.9,102.3,77.8,34,139.2,42.1,0,0,51.4,119.8,101.4,75.5,47.8,96.7,71.9,31.9,60.8,87.6,107,138.48,102.48,180,95.28,96,49.3,40.9,87.84,55.3,41.2,53.76,50.64,56.3,50.8,66.8,93.7,51.3,73.9,0,60,133.3,0,4.2,0,0,0,0,0,0,0
2011-02-01,91.6,131.8,120.1,78.5,47,320.2,143,0,0,38.5,284.6,43.5,68.1,104,196.1,183.4,140.2,59.5,114,201.8,219.12,222.96,115.2,131.04,192.8,28.3,14.9,125.52,95.5,74.5,128.32,64.8,125.3,104.5,165.4,237.1,129.7,19,0,160.9,225.3,0,45.4,0,0,0,0,0,0,0
2011-03-01,91.7,163.7,123.9,102.6,48.9,96.4,71.9,0,0,51.4,185.6,122.7,19.4,72.2,149.5,87.5,117.3,92,115.9,114.8,144.72,10.36,196.08,138.24,126.1,56.3,48.2,76.32,117.7,36.3,86.88,74.16,184.8,55.2,133.5,121.3,63.7,113.2,0,116,129.7,0,127.51,0,0,0,0,0,0,0
2011-04-01,260.2,339.5,327.7,238,90,188.2,170.6,0,0,68.8,370.8,285.7,224.5,259.7,239,166,203.3,165,242.8,269.8,302.64,235.06,309.36,305.28,380.8,82.3,117.1,188.16,156,88.8,143.76,118.56,146.5,209.3,4.6,216.5,151.9,330.1,0,127.1,200.1,0,231.8,0,0,0,0,0,0,0
2011-05-01,59.5,59.6,47.3,44.3,16.4,72.8,99.6,0,0,55.1,73.4,67.6,47.2,72.2,96.7,54,53,31,49,62.5,74.64,5.52,60.72,61.2,70.9,144.8,42,179.76,125,23.5,189.6,0,0,67.1,0,66.9,110.6,61.5,0,29,0,0,267.9,0,0,0,0,0,0,0
2011-06-01,40.6,32.8,30.9,28.1,11.1,38.5,88.6,0,0,25.5,22,25.2,19.6,12.2,62.8,30.3,18.1,8.5,45.7,44.4,65.76,36.48,52.08,57.36,52.4,130.4,24.7,135.36,79.7,17.3,144,2.88,114.48,15.5,11.4,52.7,109.2,18.7,0,24.1,0,0,282.1,0,0,0,0,0,0,0
2011-07-01,103.7,108.2,101.7,39.1,38.7,39.5,127.1,0,0,113,105.6,91.9,65.3,34.4,82.4,31.5,45.6,25.9,95.4,39.5,64.08,97.2,115.44,95.76,87.8,175.2,79.4,188.4,146.7,43.3,256.24,50.64,60.72,22.6,42.9,43.9,141.2,52.9,0,40.7,43.1,0,414.1,0,0,0,0,0,0,0
2011-08-01,44.6,58.8,14.5,36,14.9,52.2,73,40.5,0,21.9,65.6,8.5,38.7,36.9,90.8,33.5,39.3,23.5,61.9,42.2,142.8,82.32,52.08,69.84,41.3,82.5,48.2,86.64,52,47.3,143.28,48.24,111.84,69.7,26.9,35.1,81,74.2,0,24.5,49.7,0,188.3,0,0,0,0,0,0,0
2011-09-01,119.6,110.2,47.9,41,21.5,35.4,63,48.8,0,114.7,101,104.4,46.4,47.9,69.3,58.6,31.1,20.2,75.4,112.5,76.08,109.68,78.72,85.68,76.8,40.7,44.8,94.56,66.7,44.9,161.76,16.32,0,75.8,12.1,7,70.5,99.1,0,37.2,70,0,205,0,0,0,0,0,0,0
2011-10-01,58.7,74.3,59.9,74.1,28.8,188.9,74.2,111.6,60.7,60.6,113.6,70.7,17.4,57.9,206,126.8,54.6,32.2,78.4,91.6,198.24,121.68,92.64,93.6,47.9,49.1,60.6,87.6,61.1,23,109.04,54.48,0,129,79,59.1,78.5,95.9,0,43.1,103.4,0,143.1,0,29.28,0,0,0,0,0
2011-11-01,27.1,81.7,31.7,15.9,9.7,86.1,103,124.3,84.1,34.2,79,70.6,36.1,35.4,34.5,67.4,44.2,32.6,24.9,18.3,33.84,63.12,46.08,31.68,27.9,62.5,132.7,81.12,94.4,4.4,178.36,29.52,0,168,76.7,124.2,74,33.9,0,25.6,27.6,0,189.7,0,81.36,0,53.1,0,0,0
2011-12-01,60.4,153.9,32.9,34.9,33,27.2,106.2,2.4,134,71.8,122,108.1,79.6,56.8,166,108.6,56,13,72,103.1,170.4,148.08,94.08,90.96,77.6,89.7,92.1,126.24,162.5,4.3,183.04,62.16,0,125.2,86.9,100.1,84.9,95.8,0,47.6,117.3,0,293.1,0,59.52,2.5,176.7,0,0,0
2012-01-01,161.9,252.2,133.8,80,66.1,153.8,86.2,124.4,125,153.9,228.4,201.4,199.9,72.5,246,212.2,67.5,46.3,160.9,140.4,287.76,236.6,222,192.24,195.8,96.3,84.9,89.28,89.5,0,138.72,81.12,143.52,63.2,96,126.8,95.7,189,0,122.2,239.4,20.3,150,34.1,23.28,86.9,73.3,0,0,0
2012-02-01,57.5,170.3,89.4,77.1,30.1,178.8,62.9,61.2,69.3,73.1,141,113.5,116.6,101.1,194.3,128.5,52.7,28.2,124.3,126.9,166.8,104.2,186.72,150.72,106.1,65.4,57.1,87.12,121.4,0,114.96,66.72,150,35.6,80,83.9,53.5,117,339.6,69,129,58.9,241.6,110.2,211.68,100.1,137.7,0,0,0
2012-03-01,106.5,188.6,130.7,109.7,53.4,126.9,58.7,142.6,166.1,126.7,182.8,164.4,196.3,91.3,216.6,150.2,95.6,88.3,175.4,151.6,177.36,135.2,211.68,220.56,84.1,65.6,32.8,80.16,55.7,30,145.44,54.72,193.68,12.9,38.4,87.7,75.5,141.8,233.8,75.5,56.5,59.2,326.5,73.8,234.72,55.5,38.3,0,0,0
2012-04-01,160.7,244.2,182.5,118.9,65.9,159.4,107.7,252.7,175.9,217.8,233.2,195.7,183.1,100.6,223.7,150.4,105.7,42.5,253.5,240.3,248.64,171.2,243.12,241.2,230.1,64.2,63.8,72.48,125.4,77.1,132.72,103.92,128.64,107.1,124.9,126.3,84.1,178.8,265.5,101.2,149.4,65.7,199.5,97.9,242.16,85.8,0,0,0,0
2012-05-01,56.3,46.5,24,20.5,9.5,53,51.4,82.3,183.4,43.7,33.8,57.2,47.7,14.7,69.2,40,14.1,19.2,61.2,77.8,78.96,53,88.32,87.12,63.9,79.7,28.6,102.24,74.5,3.5,130.08,9.84,217.92,22,7.8,17.1,62.1,49.7,132.1,30.3,24.2,20.5,372,6.5,271.08,102.5,121.9,0,0,0
2012-06-01,35.2,32.6,32.4,3.2,17.4,13.3,90.6,14,178.4,40.8,21.2,33.4,19.6,19.2,12.1,6.7,3.2,11.9,33.6,14.1,19.68,17.8,36.48,41.04,32.4,124.1,16.8,111.6,60.9,11.2,133.44,12,236.16,11.4,6.9,5.5,53.7,19,68.6,12,0,3.1,276.7,3.9,226.68,41.9,105.7,0,0,0
2012-07-01,8.6,4.8,2.4,2.6,2.4,10.8,102,3.3,172.5,7.8,2,6.2,1.2,0.8,27,0.9,1.8,3,3.2,9.2,12,2.4,14.4,15.6,11.6,142.8,44.4,166.56,75.8,4.9,187.2,4.08,272.64,0.1,4.7,1.1,78.7,2.7,38.3,2.7,12.7,2.6,278.3,0,221.76,35.6,0,0,0,0
2012-08-01,5.9,13.3,4.5,2.8,1.8,9.1,91.7,13.3,142.3,5.8,3.8,8,7.5,0.7,23.8,14.5,1.8,3.5,19.8,33.9,44.88,12.6,18,18.48,6.1,112.3,38,125.28,79.5,3.6,174.96,5.04,205.68,2.8,5,2.5,88.6,12.3,9.9,4.3,4.8,1.3,305.1,64.1,198,52.6,254.5,0,0,0
2012-09-01,21.9,21.2,16.5,12.2,5.6,31.4,37.1,38.8,60.5,22.4,17.2,16.2,21.8,13.8,24.9,54.4,42.1,6.7,0.3,5.4,66,31.16,37.68,30.48,14.6,52.3,12.2,87.12,39.1,8.5,91.68,0,89.04,33.8,7.3,16.7,42.1,0,19.1,8.5,13,14.9,133.8,28.9,94.32,14.8,129.1,0,0,0
2012-10-01,118.7,184.8,110.2,61.8,32,154.3,69.1,170.3,86.9,100.3,147.4,139.3,137.2,89.4,181.7,162.8,62.5,59.6,72.2,92,208.32,139.68,97.2,100.8,96.1,36.4,69,84,79.2,40.2,92.88,0,99.36,150.6,88.5,23.4,59,102.6,71.5,52.7,89.4,27.3,121.7,73.5,122.64,54.3,73.8,0,0,0
2012-11-01,90.6,151.3,147.2,71.5,47,138.8,37.1,185.3,47.7,73.6,168.2,51.8,134.5,151.2,141.1,111.5,207.9,58.5,106.3,179.3,221.76,177.36,134.16,115.68,108.7,28.6,32.3,88.8,73.4,54.9,33.36,0,79.44,97.5,79.1,74,81.7,109.5,152.5,72.4,129.3,67.6,77,39.4,86.64,54.5,63.9,108.1,0,0
2012-12-01,34.2,42.9,65.6,24.4,12.4,51,39.9,96.3,54.4,25.4,70.6,73.7,39.8,47.3,34.6,29.9,53.2,10.5,37.7,56.2,47.52,55.92,59.28,29.04,39.2,37.5,24.4,54.48,25.1,20.5,0,0,101.04,47.8,29.2,51.6,29,45.5,29.7,23.5,55.3,13.9,209.6,66.5,149.88,54.6,80.4,53.9,0,0
2013-01-01,20.7,44.3,37,23.7,36.3,110.4,69.9,124.6,100.3,12.2,65.2,66.7,79.8,19.8,42.6,74.3,15,50.7,64.7,63.9,77.28,62.16,79.92,66.48,73,49.3,29.1,93.84,67.7,16,20.88,0,106.56,44,27.5,41.2,54.7,60.2,250.9,49.9,60.8,19.1,325.2,69.7,185.28,100.7,85.14,14.3,0,0
2013-02-01,176.1,196.5,164.5,106.2,67.3,202.5,124.4,191.7,159.1,153.9,264,175.7,276.4,152,239.9,112.7,135.5,59.3,129.7,118.8,178.56,81.6,152.88,160.32,167,80.8,123.3,143.52,123.9,16.3,190.4,81,209.28,128.8,142,138.3,108.1,104.3,299.4,93.4,146.9,16.3,362.9,132.8,324.72,161.2,219,183.8,0,0
2013-03-01,54.3,99.2,61.9,52.6,32.4,74.5,75.6,109.1,94.9,48.4,86,103.6,116.1,83.1,192.9,47.3,68.8,42.7,80.3,103.3,114.96,83.76,111.12,93.6,45.6,25.8,43.8,99.6,84.7,22.9,71.32,33.5,118.32,48.1,49.4,47.5,45.9,97.9,178.6,37.2,79,41.7,214.7,67,179.64,57.8,123.48,0,0,0
2013-04-01,67.7,151.4,101.5,92.3,8,105.2,57.4,133.7,166.6,73.1,142.6,61.9,120.8,118.8,128.7,147,89.8,12.4,115.3,155.8,184.08,172.56,111.84,101.52,125.7,63.7,42.02,93.12,19.8,58.6,95.04,72.5,159.84,121.8,71.9,75.2,41.2,140.7,253.2,44.6,46.2,41.5,261,60.1,228.72,98.8,163.8,0,0,0
2013-05-01,149.3,179.7,90.8,76.1,50.7,86.2,65.1,187.2,231.4,165.7,139.2,192.2,91.9,94.9,282,15,83.2,54,267.1,279.6,281.28,211.44,223.44,242.16,222.9,192.4,99.72,126.72,100.1,68,138.72,28.1,197.76,102.3,58.7,91.18,103.6,217.4,279.1,103.3,179.1,61.1,347.1,100.7,373.56,129.4,223.8,78.5,0,0
2013-06-01,4.2,9.1,0.6,0.5,2.1,2,60.8,4,137.5,5,2.6,4.3,3.4,0.2,15.8,0,0.2,1.7,6.6,15.6,12.24,6.24,21.6,23.52,13.1,125,23.28,98.4,40.3,1.2,125.76,0,190.08,1.5,0.9,2.64,39.9,12.2,49.9,0.7,0.8,1.2,252.88,75.7,191.76,26.6,255.72,0.5,0,0
2013-07-01,1.4,1.4,1.5,5.4,2.9,10,123.5,7.3,128.7,1.2,0.8,1.3,3,7.3,9.8,0.1,3.6,0.9,6.5,17.3,9.12,5.76,24.72,17.28,1,183.9,21.12,174.96,62.8,1.3,221.76,0.7,296.88,13.2,11.7,14.02,102.1,6.7,52,2.9,4.8,5.6,346.18,128.8,244.92,55.5,339,15.1,0,0
2013-08-01,21.8,15.6,26.9,1.2,3.4,114.1,64.7,0.1,122.9,20.3,9.8,21.3,13.7,19.9,51.1,25.1,32.5,10.1,26.7,51.3,73.44,15.6,28.56,28.8,27.6,97.52,33.6,84.48,29.8,5,119.04,6,166.32,43.3,24.7,40.1,44.4,5.6,40.4,0.1,4.1,0,325.76,73.5,197.52,37.5,219.12,39.3,0,0
2013-09-01,37.8,28.7,19.7,15.4,8.2,68.1,69.8,30.7,138,34.7,33,51,23.6,37.8,36,45.4,21,13.5,42.3,54.8,69.84,47.52,58.08,62.4,37.5,97.7,49.2,102.96,27.7,0.5,127.68,10.2,218.64,27.5,12,5.1,65.8,73.7,82.3,5.9,7.2,5.4,367.64,80.6,190.92,45.7,68.28,20.7,0,0
2013-10-01,97.7,101.1,106.4,65.6,59.8,109,106.1,205.5,108.9,51.3,155,150.8,126.9,81.7,186.7,98,67.6,96.8,125.2,199.1,169.2,164.4,135.36,115.68,108.5,81.9,90.96,103.92,55.9,61.3,138.96,2.7,108.72,74.6,58.8,98.3,75.9,125.3,109.1,55.2,89.8,65.1,272.1,88.5,166.44,64.4,148.52,194.8,0,0
2013-11-01,36.6,47.8,49.1,19.3,9.1,110.7,49.6,163.6,88,23,60.4,67.8,35.6,0.1,34.9,51.7,45.3,9.4,15.7,47.5,39.6,54.48,56.64,27.6,24.9,60.4,75.72,37.2,93.5,11.6,157.52,28.6,70.08,67.2,78.2,96.9,57.7,34.2,20.9,5.6,24.5,10.7,127.04,70.3,149.04,48.7,101.16,91.7,0,0
2013-12-01,69,69,54.2,31.2,28.8,117.4,25.6,138.2,33,21.7,98.6,99,53.2,0,73.6,69.1,43.3,30.3,73.7,74.4,83.04,116.64,100.8,90.96,41.6,53.7,42.6,69.84,30.1,11.1,56.4,28.2,87.84,81.9,18.6,100.9,39.5,82.8,123.5,24.4,63.2,36.9,181.08,39.9,138.24,27,58.56,25.5,0,0
2014-01-01,111.9,110.2,98.8,80.9,55.5,185.6,74.2,187.1,0,90.3,206.6,220.1,0,29,137.5,137.3,53.5,66.4,114.6,149.5,224.4,198.72,149.52,141.6,98.2,13.2,80.64,114.72,57.2,30.4,130.32,61.8,85.92,7.9,73.4,116,59.7,84.2,365.7,60.6,168.3,61.6,304.48,92.8,187.2,72.3,18.96,0,0,0
2014-02-01,65.2,89.9,56.6,35,57.2,129,8,142.7,37.7,34.7,68.6,76.6,54.5,32.6,112,99.1,53.1,18,57.8,120.3,154.8,87.6,121.92,107.04,74.7,19.2,17.52,24.72,21.5,9.8,32.16,46.5,24,4.3,41.7,64.1,23.5,73.5,105.5,149.8,72.3,44.4,120.6,20.1,86.88,9.7,115.8,0,0,0
2014-03-01,134.5,184.2,162.5,44.3,116.8,242.3,81.7,183,174.2,86,225.6,146.9,99.1,150.6,212.6,145.3,118.4,73.1,140.8,167.1,342.44,223.2,223.68,198,156.7,96.4,134.04,129.12,92.4,66,128.16,49.9,70.32,62.9,107.5,216,87,247.2,133.9,264.4,66.3,95.9,424.92,102.2,289.2,133.8,223.92,85.8,0,0
2014-04-01,107.2,132.4,53,51.8,23.5,91.8,77.6,92.3,192.8,76.7,106.8,104.3,87.1,22,119,81.4,30.2,17.7,126.2,133.7,280.5,95.76,152.4,177.36,73.1,146.9,114.22,110.88,43.1,25.5,174.72,54.4,87.36,53.1,25.7,38,66.5,110.8,223.9,29.1,49.2,36.3,413.04,72.7,255.84,97,326.4,49.1,0,0
2014-05-01,131.4,221.6,142.3,37,42.6,201.1,100.6,183.4,180.3,93.6,229.4,13.4,113.8,118.6,100.2,86.4,1.4,26.2,151.9,145.6,237.6,174.48,160.32,176.4,148.3,194.9,135.6,135.84,66,51.3,160.32,41.4,54.72,182.3,55.4,126.2,97.6,89.8,239.5,65.2,40.6,47.2,364.32,113.5,240.24,103.2,279.24,92.5,0,0
2014-06-01,32.8,26.1,7.6,2.5,12,28,199.4,19.3,222.4,29,20.8,20.3,26.4,6.7,35.9,0.7,0,7,29.4,57.4,47.6,27.36,40.08,12,41.6,211.8,159,201.84,75.4,8.5,244.8,15.4,128.4,10.7,21.5,32.2,131.8,0,111.6,10.9,32.6,18.3,660.2,174.5,362.28,191.3,507.6,13.8,0,0
2014-07-01,5.8,1.8,0,1.3,34.4,0.1,104.1,9.9,129.4,4.9,1.8,1.2,0.9,0.4,8.6,0.5,0,2.8,11.1,34,18,5.76,12.96,4.32,5.9,89.7,67.08,147.6,25.2,0.9,189.6,1.5,95.28,0,11.5,3,83.9,19.6,75.2,2,6.7,7.5,463.6,122,308.88,59.6,131.28,8.3,0,0
2014-08-01,14.2,2.7,0,0.1,23.6,6.7,89.9,2.2,143.4,15.4,3.6,2.5,6.9,0.3,31.4,4.7,0.1,2.3,6.5,19.4,26.7,13.68,20.4,16.56,19,123.8,63.36,131.76,4,3.7,152.88,1,0,0,0,4,67.4,10.8,17.2,5.6,3.7,1.9,391.2,102.4,232.2,48.4,0,0.3,0,0
2014-09-01,68.2,64,68.5,5.6,19.9,27.5,69.9,66.1,127.3,78.6,60.8,0,40.7,90.4,53.4,62.3,39.4,42.7,48.5,114.1,16.2,72.96,63.6,50.16,46.4,84.9,78.24,109.68,43.6,22,156.72,50.7,0,32.1,11.2,41.8,71.2,89,70.1,35.9,68.8,35.5,271.56,76.9,208.68,51.3,41.64,45.2,0,0
2014-10-01,178,185.8,172,11.8,53.5,59.7,118.6,141.4,139.6,80.5,155.4,8,138.4,102,92.3,12.5,114.8,66,128.1,138.8,109,167.52,160.56,0,149.6,68.1,106.32,141.6,66.2,53.8,169.2,57,0,104.7,24.2,78.8,103,13.2,0,62.9,119.5,66.6,269.64,109.9,195.84,99.9,179.04,129.8,0,0
2014-11-01,66.2,120,59.4,58,21.3,77.1,44,165.3,66.5,53.7,111.8,4.7,85.8,54.3,72.3,9.1,39,0,37.2,67.6,71.1,125.52,121.68,87.36,71.3,41.4,50.4,87.6,74,8.8,119.76,18.1,0,46.6,55.8,102.2,52.5,45.6,82.3,36.1,64.3,23.5,157.08,81.8,172.8,24.3,63.48,97.5,0,0
2014-12-01,36.2,38.1,16.7,14.8,6.2,132.1,59.2,128.6,71.6,20.5,25.6,37.9,42.6,23.7,60.1,47.1,41,22.9,24.1,77.6,97.9,31.2,52.56,41.28,31.1,54.2,57.36,71.04,48.4,5.2,109.68,9.6,0,117.1,33,58.6,83,29.4,82.2,14.2,70.8,0,288.36,78.3,188.88,58.8,144.24,69.1,0,0
2015-01-01,77.6,93.8,56.5,1.6,13.2,28.3,62.2,72.7,85.5,87.2,66.32,51.6,60.7,44.9,71.5,13.5,44.3,1.9,51.3,73.5,71.6,89.76,94.8,63.12,95.2,69.4,76.32,93.8,10,4.2,107.52,16.3,48.96,56.4,34.6,46.2,62.7,46.9,199.1,26,12.3,33.6,366.12,102,218.4,60.6,202.08,54.9,0,0
2015-02-01,79.4,186.9,81.5,68.9,28.5,73.3,41.4,93.5,69.5,121.4,67.68,95.7,91.3,78.5,55.7,67.2,63.9,8.5,64.2,79.3,59.7,109.44,148.56,132.96,116.9,55.2,51.24,59.2,48.6,4.7,70.08,22.4,138.48,99.9,34.5,76.4,28.3,0,185.7,47.5,0.2,35.1,213.12,89.1,169.92,25.9,146.76,73,0,0
2015-03-01,154.7,297.1,114.2,103,33.8,202.1,99.7,221.1,203.5,193.7,131.76,97.9,234.4,116.7,161.4,93.2,102.8,64.8,125.9,195.8,326.5,266.88,195.6,203.28,201.5,71.9,104.4,96.6,63.1,60,151.68,51.7,142.56,74.8,79.3,179.3,85.4,65.1,249.2,60.8,109.3,39.3,385.44,88,240,80.3,213.48,129.7,0,0
2015-04-01,111,116.3,54.5,66.5,2.2,72.4,94.1,62.6,148.4,145.7,9.84,43.1,40,56.5,118.8,74,51.3,48.8,58.8,137.7,171.6,131.76,109.44,114.96,120.7,78.8,78.12,97.2,53.7,17.5,204.96,43,171.12,62.7,54.2,26.2,72.3,59.5,161.8,43.2,55,18.4,419.28,90.5,270.36,89.2,255,49,0,0
2015-05-01,30.9,38.6,25.4,34.4,6.9,38.1,84.3,66.9,124.4,59.9,17.28,0,54,48.2,70.2,121.9,50.7,32.3,37.3,85.5,94.9,66.72,48.96,51.84,39.1,77.1,105.72,96.8,18.8,22.3,169.44,24.6,173.28,4.3,6,12.3,63.7,31.2,123.8,17.2,14.8,11.3,483,98.7,154.44,129.5,264.24,31,0,0
2015-06-01,7.7,3.5,2.2,5.4,1.5,2.5,193.2,26.2,274.1,12.3,3.6,0.4,7.1,15,7.5,0.2,34.4,1.3,16.8,33.2,9,15.36,20.88,17.04,7.8,262.8,142.44,244,0,1.5,373.44,2.2,454.56,2.5,10.8,7.9,153.5,30,40.8,1.7,4.5,2.4,696.96,166,441.84,128,671.4,3.8,0,0
2015-07-01,46.2,44.2,13.6,18.8,14.1,14.1,168.4,28.3,268.1,51.4,41.28,55.4,32.8,32.9,21.8,26.4,41.5,14.8,45.5,79.8,55.2,45.12,39.12,55.68,64,168.3,124.08,192.2,76.1,15.4,338.16,9,155.04,12.8,17.4,25.2,136.5,7.1,137.2,30.2,25.5,9.1,693,6.4,409.44,101.7,559.68,20.3,0,0
2015-08-01,7.1,0.4,2.2,0.9,0.4,0.6,80.9,0,112.3,6.5,0.96,3.2,1.2,0.1,4.8,0.9,3.4,0.2,2.8,8.1,2.1,4.8,12.96,8.64,7.8,117.3,52.32,111.8,3.4,0.3,193.2,1.1,0,1.5,3.3,2.2,67.1,0,13,0.9,2,0.5,252.24,120.6,212.64,37.6,274.32,2.2,0,0
2015-09-01,1.4,16.2,1.8,4,2.9,7.4,29.1,0,80.2,1.5,11.28,17.3,10.2,1.2,15.4,8.3,52,0.6,7.7,17.2,11.5,22.8,19.2,15.36,3.4,53.8,28.68,43.8,0,1.9,23.76,3.1,0,28.8,13,15.5,24,38.9,17.9,0,3.7,0,196.2,31.1,103.44,28.9,84.12,14.4,0,0
2015-10-01,128.4,117.2,96.9,92.8,37.2,0,56.6,0,106.7,132.1,90.72,133.8,100.1,110.9,82.1,65.9,6.6,0.3,77,99.1,130,131.04,130.8,130.08,120.9,64.8,63.96,79.6,0,38.2,133.68,80.3,0,161.8,44.1,81.3,57.4,0.9,55.8,31.7,79.4,33.8,325.92,0,163.8,42,22.92,131.4,0,0
2015-11-01,115.1,111.9,59.3,61.6,25.4,0,81.7,0,94.5,99.7,148.08,48.9,54.9,37.6,151.7,0,36.5,24.6,88.3,153.3,178.6,113.52,96,124.32,93.5,83.7,87.12,84.6,0,15.7,132.72,27.2,22.56,76.6,79.8,84.4,70.4,7.7,112.2,8.4,87,29,226.08,24.7,93.24,78.3,183.24,89.5,0,0
2015-12-01,30.3,19.5,27.4,3.7,5.4,0,34.4,0,121,28.9,27.36,24.9,19.7,2.9,35.7,0,18.3,2.8,38.1,50.2,94.1,57.12,50.88,48.96,24.4,40.4,38.76,45.4,0,3.7,95.04,1.7,137.52,18.2,0.4,3.6,29.1,25,89.4,2.5,7.7,12.4,254.7,69.4,212.04,27.8,35.88,8,13.8,0
2016-01-01,100.2,193.1,42.9,32.6,30.6,0,5.2,0,30.3,87.3,136.8,158.7,163.1,80.7,121.6,99.9,10.8,27.6,124.1,138.5,191.1,18.72,264.72,196.08,202.9,26.1,29.04,75.36,0,42.7,21.36,23.3,35.76,142.6,24.7,98.3,38.4,63.1,399.9,96.1,101.4,108.5,52.8,42.3,45,15.1,33.24,67.6,151.9,0
2016-02-01,37.5,35.9,21.1,12.1,20.1,0,73.3,0,27.9,55.5,17.28,38.3,18.5,30.3,73.4,62.6,5.8,27,29.1,61.2,56.9,0,62.64,46.32,53.5,45.2,84,117.84,0,6.6,154.08,1.4,179.04,0.6,5.1,24.4,48.5,42.2,234.6,17.2,12.3,5.9,491.8,100.8,292.56,137.3,19.2,11.4,16.7,0
2016-03-01,147.4,164.1,91.7,46.2,79,0,105.9,0,0,116.2,158.64,127.5,71.3,126,141.2,131.2,30.5,32.3,106.4,155,250.8,36.8,160.08,163.68,157.1,91.6,124.68,128.88,41.3,114.6,198.96,26.6,28.32,22.7,25.2,63.5,80.9,297.5,311.6,76.6,164.4,75.3,345,108.9,297.48,86.1,105.84,101.8,96.5,25.2
2016-04-01,276,233.3,180,122.9,59.8,0,124.8,66.4,0,239.5,315.84,116.2,223.4,167.3,255.3,155,61.7,104.6,201.7,282.6,353.9,212.2,206.16,241.44,210.1,113.8,180.36,159.6,84.6,90.2,224.16,42.9,0,151,59.4,152.4,160.5,282.6,264.3,72.8,200.7,85.2,315.5,145.4,345.6,132.6,0,139.9,264.7,198.9
2016-05-01,137.6,71.3,65.3,38.7,82.4,0,83.4,110.9,0,150.1,94.08,35.2,77.9,113.3,112.8,47.8,12.6,13,119.3,158.9,123.2,107.8,128.64,166.08,116.5,82.7,84,91.44,43.5,52.1,155.04,23.8,0,82.6,8.4,55.9,50,124.9,170.8,52.7,86.3,40.2,345,86.4,309.7,60.9,0,70.7,35.9,115.3
2016-06-01,45,42.1,29.2,25.6,15.9,0,149.3,44,0,48.7,62.4,8.8,31.1,28.6,37.4,10.4,11,3,18.3,63.1,36.7,34.1,59.52,42,40.1,239.7,126.96,225.12,0,25.9,342,13.3,0,4.6,6.5,31.7,136.2,22.3,26.5,27,57.3,26.9,512.2,133.6,343.1,85.3,0,30.6,0,25.1
2016-07-01,11.6,4.2,1.2,0.6,1.6,0,94.2,8.6,0,11.3,3.84,0,10.1,2,15.2,1.5,0,2.3,10.4,31.6,15.2,6.1,22.56,18.72,3.7,123.8,75.12,132.96,0,0.4,233.52,1.5,0,3.8,3.2,2.9,97.7,4.4,27.2,0.9,14.4,9.5,342.6,78.6,240,52.6,0,1.8,0,3.6
2016-08-01,23.7,9.8,20.9,3.6,0.7,7.2,41.3,4.6,0,27.3,15.36,24.3,3.9,0,9.3,2.2,0,4.2,3.3,29.2,5.6,6.6,11.28,5.28,0,59.1,44.28,65.28,6.2,1,114.96,0.5,0,12.1,4.1,10.4,37.4,0.4,22.5,0.2,0.5,5.2,240.1,60.3,139.5,19.1,0,9.2,0.4,17
2016-09-01,120.1,68.4,50.1,39.5,24.3,34.6,86.6,38.6,0,64.6,66.72,94.6,49.6,33.7,83.3,72.7,0,32.6,71.6,112.3,122.2,81.5,93.6,98.4,72.3,116.9,99.24,138.96,84.7,23.6,215.52,23.3,0,55,19.5,25.7,100.2,56.6,63.5,16.1,42.3,22.4,311.4,97.8,211.22,47.3,0,41,14,67.3
2016-10-01,161.3,89.7,77.4,64.8,24.9,109.4,43.4,106.5,0.2,88.9,109.92,130.5,128.4,54.2,100.5,126.8,0,16.3,61.4,91.5,168.3,109.7,82.08,78,109.1,38.8,66.6,68.16,42.7,7.6,154.32,6.1,0,121.4,19.6,93.2,63.5,39.1,31.3,8.3,49.2,14.7,103.9,36.2,128.64,53.6,0,80.7,151.1,121.3
2016-11-01,40.8,18.6,19.7,13.5,3.6,36.7,30.9,82.5,28.9,5.2,56.64,42.8,26.5,18.8,23.4,28.7,0,4.9,36,39.8,55.1,40.6,45.6,49.2,29.5,46.9,43.2,52.32,27.5,10.6,108.48,11.8,0,49,13.6,43.5,58.3,3.1,105.2,15.9,38.3,26,98.7,39.7,106.16,16.5,0,27.3,38.2,12.9
2016-12-01,78.2,117.9,66.7,57.8,27.8,114.4,52,110.3,7.2,0,130.32,142.4,113.8,59,183.3,48.1,0,36.2,84.5,64.4,112.5,76,71.76,85.44,81.4,36.8,49.56,0,0,26,61.44,50.7,0,117.6,72.9,95.5,54.5,66.8,84,22.9,74.9,40.1,74.4,46.5,81.1,39,0,127.1,75.8,45
2017-01-01,135.6,225.8,183.7,105.3,77.7,139.7,89.2,184.44,135.8,144.6,214.08,177.2,140,106.3,155.9,143.6,165,50.5,138.4,179.6,181.5,232.2,238.08,198,211.7,90.7,101.04,0,0,65.4,129.36,54.1,18.24,126.6,46.9,51.8,87,28.6,322.2,53.8,196.8,101,256.68,121.2,218.6,91.4,0,99.7,180.1,125
2017-02-01,95.9,161.9,132.8,79.4,51.7,101.3,49.8,167.64,68.2,64.7,117.36,141.4,117.6,51.9,153.2,110.2,71.1,22.6,76.8,105.6,214,10.5,150,127.2,123.2,30.5,62.4,0,0,35,78.72,35.4,54.24,8.8,6.3,128.4,73.7,87.1,370.2,64.4,162,85.9,155.4,30.4,124.3,49.1,0,113.8,196,65.7
2017-03-01,298.3,438.9,302.1,164.1,95.5,259,116.6,263.4,174.6,130.4,405.84,458.7,276.3,163.2,329.2,144.3,204.8,155.3,327.3,369.9,319.1,299.5,330.96,336,280.8,97.4,130.78,0,0,125.1,173.76,204.5,135.6,138.8,2.6,237,133.9,267.2,507.9,113.5,241.4,130.3,246.48,0,182.6,137.1,0,83,365.3,268
2017-04-01,152.6,204.2,114.5,156,56.8,3,65.9,200.04,148.1,105.3,175.86,224.2,168,139.9,163.4,151.5,98.2,104.9,300.5,231.5,222.4,178.8,219.84,129.6,171.8,77.5,61.66,0,87.7,49.6,161.76,116.7,96.72,122.4,50.6,65.9,52.7,191.8,326.1,60,142.9,63,328.92,0,118.9,88,97.2,23.4,126.2,122.4
2017-05-01,182.7,180.4,151.8,79.7,39.9,53,94,227.4,238.5,184.9,204.5,222.3,210.4,124.8,231.2,154.5,137.8,90.8,148.9,222.4,244.3,216.3,202.8,216.96,157.8,153.5,102.3,0,0,70.7,204.48,69.9,156.96,88.2,92,99.6,85.7,211.2,318.6,66.5,130.5,62.9,382.68,0,81.7,118.3,273.72,111.6,176.7,155.3
2017-06-01,108.7,143.2,57.6,65.3,42.9,64,132.5,112.9,240.4,106.7,142.5,182.3,131.6,87.7,153.9,62.6,74.7,46.1,125.4,149.8,46.1,134.8,107.04,132.48,88.5,207.4,127,9.36,80.6,50.9,194.16,78.5,157.92,43.9,47.6,68,104.7,86,209,56.5,58.4,36.4,416.76,10,279.2,109.8,272.88,68.7,95.8,78.6
2017-07-01,2.6,1.3,0,1.2,0.8,0,111.6,5.8,165.2,3.2,1,2.6,1.5,0.7,4.7,1.2,22.5,2.2,2,7.2,17.4,3.5,5.52,2.88,5.7,202.6,48.8,191.52,74.5,0,253.44,0.8,249.12,0.5,8.1,0.4,104.9,0.4,14.7,1.8,2.7,3,302.54,176.4,216.8,37.6,4.56,1.1,1.2,2
2017-08-01,43.6,45.7,51.2,22.6,30.6,0,104.1,33.6,144.1,37.9,42.1,55.5,44.3,40.4,37.8,39,47.1,51.3,15.5,46.4,32.1,48.9,31.68,57.36,45.9,75.1,60.1,144.96,51.1,6.8,163.2,27,162.96,16.8,6.9,23.9,88,41.9,25.5,21.1,29.5,2.9,287.8,102.3,185.8,68.4,166.68,17.2,38.4,38.9
2017-09-01,24.3,22.2,17.8,44.3,4.5,0,60.5,29.7,157.9,22.8,13,0,18.8,28.1,48.6,67.3,39.4,15.6,27.4,40.1,19.5,34.8,22.08,25.2,22,93.5,63.5,140.64,40.1,6.5,138.96,14.5,116.16,27.1,11.5,26.7,63.7,29.1,53.7,7.4,10.6,3.7,232,60.3,172.5,33.6,118.76,24.3,19.2,19.3
2017-10-01,141.3,156.8,162.6,139.9,67,118.6,47.2,151.8,120,159.7,173.9,55.7,125.3,66.1,106.2,134.3,103.5,88.1,192.7,182.1,161.3,136.5,116.88,148.32,173.6,61.7,49.3,121.92,0,55.2,128.64,122.5,107.52,130.2,60.6,60.3,42.3,86.8,210.3,60.4,102.3,54,222.9,85.2,186.2,44.3,169.3,112.2,171.1,104.7
2017-11-01,51.5,44.6,40.5,35.3,19.8,99.7,42.2,161.8,28.6,55.1,63.4,76.3,36.2,38.4,84.4,31.9,15.3,13.7,49.8,92.5,102.1,53.6,30.96,39.84,33.3,70.7,70,178.08,0,2,90.96,39.8,82.08,100.5,39.7,103.3,91.9,65.6,36.3,26.7,27.4,0,134.6,69,144.4,63.3,46.1,52.4,42.2,24.9
2017-12-01,169.9,234.6,133.6,66.2,57.9,234.4,77.2,263.1,128,199.3,189,283.7,138.8,88.3,105,47.7,121.7,41.6,91.2,103.9,153.3,165.9,103.92,108.24,97.8,98.5,86,140.16,2.4,32.7,132.24,87.8,115.92,170.6,116,86.1,64.6,56.1,255.4,109.7,106.6,0,179.3,122.6,193.7,65.5,117,164.6,195.2,85.2
2018-01-01,91.8,143.3,116.5,78.4,36.7,121.9,104.7,114.1,178.8,77.1,142.4,169.1,90.2,118.6,99.7,88.1,81.5,53.3,97.6,122.2,136.8,144.2,90.48,99.84,123.3,103.8,129.1,153.84,1.7,47.9,91.26,83.5,89.18,75.5,58.7,3,86.1,101.8,127.1,53.5,95.8,0,93.4,17.9,250.2,137.8,99.9,83.4,122,26.6
2018-02-01,154.3,122.8,125.6,59.1,55.9,157.9,44.5,205.4,70,140.8,166.3,202.2,142.6,134.1,170.9,111.1,94.7,73.4,130.8,190.6,149.3,117.6,199.44,141.36,199.5,10.7,44.8,67.68,34.8,63.6,26.2,58.1,13.3,104.5,110.9,122,62,121.2,327.4,67.3,98.5,49.4,12.3,1.8,65.4,59.7,0,136.5,188.4,53.1
2018-03-01,108.6,89.9,110,82.8,8.2,149.7,33.3,177,155,106.4,72.6,102.3,112.7,75.2,203.8,117.1,103,54.1,136.6,196.7,163.9,77.6,116.16,24,112.3,47.1,49.8,54.72,12.9,24.7,14.1,82.2,42.4,173.5,63.3,115.1,54.7,52.6,172.7,60,72,30.5,268.4,25.8,87.8,40.4,25.8,103.7,89.5,71.7
2018-04-01,120.4,127.2,111.9,42.8,16.3,135.4,103.8,144,182.2,127.6,145.9,170.8,120.5,103.8,174.8,148.5,77.7,92.2,140.4,198,132.2,117.5,111.6,0,152.8,42.2,100.7,115.9,298,51.4,46.7,76.9,46.6,137.9,74.2,70.6,112.9,0,99.9,0,82.4,56.3,231.3,74.1,237.2,61.6,74.1,99.4,164,158.9
2018-05-01,196.5,265.9,125.7,81.9,50.6,145.5,138.8,189.9,106.7,169,174,232,185,109.8,168.7,62.8,63.5,108.7,210.5,253.6,158.5,257.6,165.84,74.8,232.6,156.8,129.3,88.6,163,70.1,114.9,121.8,77.5,90.3,42.6,83.3,64.3,131.4,195.4,31,139.7,35.5,384.7,132.2,299.9,81.6,132.2,93.2,168.9,125.1
2018-06-01,4.4,21.7,18.7,8.6,3.9,46.9,106.1,29.6,0,13.7,10.8,16.6,15,28.1,21.5,4.7,15.5,4.7,34.4,24.8,38.8,37.2,36,21.4,27.3,139,93,60.9,69,8.8,73.9,11.5,95.9,5.4,9.8,16.5,67.3,21.3,68.4,9.9,23.1,16.6,374,176,315.1,62.4,176,36.9,13.5,14.3
2018-07-01,39.2,53.4,18.5,19.2,6.5,25.9,57.8,53,0,38.4,27.1,53.8,18.6,20.5,8.5,17.3,15.7,0,20.5,28.2,29.8,34.7,54.24,6.3,43,88.5,73.9,46,48.6,17.7,76.1,23,79.7,17.9,20.3,12.5,65.1,29,6.4,15.7,22.2,13.6,315.6,152.8,277.8,75.4,138.2,18.2,34.5,19.3
2018-08-01,16.8,22.4,13.9,19.8,14.5,22.1,81.6,25,1.1,16.7,15.3,0,20,16.6,0,22,16.5,0,51.3,11.4,24.9,23.8,0.8,2.6,19.7,117.4,66.7,63.7,45.3,13.9,80.9,23.6,92.1,22.2,27.4,21.8,77.6,32.8,5.8,8.8,19.8,0,295.8,47.5,207.4,51,278,29,0,13
2018-09-01,72.5,0.9,24.9,33.6,34.7,49.1,80.1,25,0.2,91.5,31.6,63.3,31.4,31.6,0,26.3,18.7,42.5,6.9,0,36,28.1,0,0,0,88.3,42.7,46.3,53.2,29,63.2,55.6,83.3,6.7,0,41.5,86.1,32.3,27.9,19.7,30,14.4,128.8,64.2,123,42,147.9,0.4,35.7,42.5
2018-10-01,21.9,6.3,4,31,4.3,86.3,35.5,124.8,2,30.4,21,21.8,13.8,22.6,62.2,105.3,90.6,7.5,26.1,0,27.3,22.3,1.9,12.5,28.1,23.8,32.4,58.32,68.9,25.1,39.8,15.2,69,201.6,0,127.3,103.1,68.8,24.8,1,15.3,4.3,90.1,0,61.6,31.6,38.9,16.2,5.3,27.8
2018-11-01,206,135.5,69.3,154.6,65.4,230.9,9.9,29.5,3,289.8,79.6,0,209.7,152,327.9,229.2,189.8,111.9,162.2,0,187.5,304.8,125.8,154.9,164.8,54.1,80.1,0,131.5,60.7,52.8,90.8,72.7,282.8,0,38,149.3,166.7,67.6,0,180.4,102.8,95.1,0,120.1,70.6,0,162.6,213.2,140.9
2018-12-01,5,0,4.8,6.2,2.5,115.7,51.9,0,1,3.8,13.3,11.2,31.3,1.8,58.8,39.5,3.7,8.3,64,0,32.7,45.4,40.2,55.8,20.3,93.8,84.1,13.2,142.7,3.9,54.6,9.9,140.3,51.9,1.4,6.5,74.2,29.3,0,1.6,20.6,13.2,412.2,61.9,273.8,82.1,0,3.7,3.3,5.9
2019-01-01,71.2,118.3,48.8,71.5,27.8,108.7,62.6,0,99.6,72.8,117.5,115.1,137.4,31.6,135.2,117.7,75.3,72.4,77.2,35.2,81.3,145.9,113.9,85.7,147.2,87.9,44.7,43.3,78.4,64.7,36.9,69.7,124.5,37.1,36,198.4,67.7,114,0,49.3,188.1,119.4,272.6,114.9,196.2,12.7,0,49.7,102.1,66.9
2019-02-01,161.3,160.8,95.8,125.7,40.5,195.9,62.5,164.6,149.8,213.8,209.8,216.9,130.7,104.2,242.1,176.9,158.1,106.2,137.5,120.1,151.5,142,144.3,123.2,190.3,71.3,69.6,56.2,120,61.8,42.6,78.1,95.6,154.8,96.6,215.7,85.6,154.1,188.1,89.4,118,44.1,344.4,104.7,205.6,0,45,148.1,160.4,113.6
2019-03-01,150.3,187.8,103.8,97.2,56.4,250.5,63.9,261.3,100.1,208.9,295.6,330,262.4,147.8,320.9,266.4,192.3,79.4,217.4,44.9,228.3,173.1,157,178,207,44.9,50.5,40.7,59.6,66.6,36.6,108.2,94.8,143.3,107.3,46.3,96.3,219.7,250.4,67.9,194.8,82.8,158.6,87.4,123.8,11.7,120.3,173.9,60.1,111.3
2019-04-01,170.4,237.5,97.9,124.9,14,169.8,87,277,114.7,196.9,20.1,206.3,222.3,39.9,197.3,279.8,103.8,115.5,181.9,11.9,230.6,307.3,120.8,0,198.9,75.7,102.8,0,0,68.7,52.1,133.9,132,190.9,99.3,99.8,64.2,173.6,335.2,69.4,163.4,85.1,289.1,108.1,206.4,94.6,153.4,139.9,165.9,116.1
2019-05-01,48.6,59.1,21.1,28.3,0,68.5,147,113.9,256.9,51.1,64.5,34.7,48.7,11.5,89.4,33.8,4.4,21.5,55.7,116,79.5,5.8,61.5,64.7,69.3,190.8,113.5,0,0,38.5,17,0,268.8,42.2,42.7,79.4,0,10.9,200.2,41.1,2.3,0.6,539.2,74.4,6.4,215,176.5,0.9,23.5,56.2
2019-06-01,24.6,29.6,11.6,12.5,0,13.7,154.2,68.7,221.2,14.5,19.8,38.1,31,14.6,80.1,9.2,11.9,4.5,42.4,48.2,24.4,38.2,38.6,33.4,33.4,131.2,96.4,0,0,15.4,0,11.7,408,6.9,10.1,74.2,0,19.2,177.7,3.9,0,0,98.7,0,0,101.7,0,0.3,10.2,9.9
2019-07-01,0,17.6,0,0,0,0,107.8,3,94.3,0,10.7,24.3,0,0,1.2,0,0,0,0.4,30.4,0.3,0.7,21.4,0,2.9,180.5,8.7,0,0,0,0,0,200.5,0,2.5,0.6,0,0.1,3.3,0,17.9,9.8,0,0,0,61.8,0,4.4,10.7,0.1
2019-08-01,0,0,0,0,0,0,0,0,0,0,0,0.1,0,0,0,0,0,0,0,0.1,0,0,0,0,0,0,0,0,0,0,0,0,0,0,0,0,0,0,0,0,0,0,0,0,0,0,0,0,0,0
