DPA_PROVIN,DPA_CANTON,provincia,canton,lum_mean_2022,lum_sum_2022,vabPetrolero_2022,vabNoPetrolero_2022,vabPetrolero_2023,vabNoPetrolero_2023,vabPetrolero_2024,vabNoPetrolero_2024,ventas_2022,exportaciones_2022,ventas_2023,exportaciones_2023,ventas_2024,exportaciones_2024,ventas_2025,exportaciones_2025
02,0201,BOLIVAR,GUARANDA,0.378068559078847,3345.9067478478,10.21,215465.10999999996,12.35,216296.77000000005,16.15,221435.65999999997,147675.07697,1307.8729999999923,161695.28891,4729.338799999998,200357.82984000002,17582.345359999978,218042.60940000002,12488.49490999998
02,0202,BOLIVAR,CHILLANES,0.103345029532255,320.162901490927,6.16,48659.01999999999,10.05,47144.3,8.73,62577.57000000002,14323.85963,96.12328999999954,14610.631929999998,62.930380000003424,19345.25488,148.49099999999817,23069.35386,221.18577000000005
02,0203,BOLIVAR,CHIMBO,0.621787560519164,764.798699438572,0.0,36415.01999999999,0.0,37653.32,0.0,48080.22000000001,49020.434969999995,4.172680000003311,51717.30752,1.1371500000022934,53088.38864,10.559220000002824,58005.22651,222.08181999999942
02,0204,BOLIVAR,ECHEANDIA,0.152675309430721,164.125957638025,0.0,22450.75,0.0,22652.71,0.0,31935.300000000003,26658.843399999998,16.635080000003654,36684.12709,156.60611000000063,43633.10125,29.00843000000168,50597.040850000005,93.10808999999426
02,0205,BOLIVAR,SAN MIGUEL,0.391247474224265,1048.54323092103,166.27,65214.42999999999,207.17,71236.23,251.85,103928.06,32850.48831,22.16371000000072,43550.42699,11.659769999998389,31238.277130000002,1399.7436300000008,32981.10437,1937.3348800000022
02,0206,BOLIVAR,CALUMA,0.201352930779061,167.3242854774,0.0,39148.64,0.0,41933.329999999994,0.0,52652.33000000001,52401.09405,168.58583000000363,60665.60471,103.90458000000217,76242.76861,1689.0983799999958,86023.84998,1527.211129999996
02,0207,BOLIVAR,LAS NAVES,0.19301753834872,134.726241767406,757.38,45825.24,830.53,61326.87999999999,734.37,104740.64,17862.198350000002,15.817289999999048,26997.811599999997,0.9039599999996426,52833.328380000006,13.586589999991702,46728.661,46.20289999999659
04,0401,CARCHI,TULCAN,0.494035310468259,4212.14505705237,10.84,321576.64,105.26,289957.15,289.22,311930.75,451751.04462000006,5673.433269999921,493190.72926,5889.265119999996,516422.69507,16591.125809999998,584940.4537500001,25608.295449999976
04,0402,CARCHI,BOLIVAR,0.686169557981686,1140.41380536556,52.12,69623.29000000001,340.31,54014.06,730.53,58686.31000000001,15134.450509999999,9328.06412,16779.03186,10862.318930000001,16510.97537,15844.22699,18549.71224,18742.819649999998
04,0403,CARCHI,ESPEJO,0.400130556877831,1047.54179790616,0.0,48884.049999999996,0.0,43319.52999999999,0.39,51954.149999999994,24539.351749999998,10430.916240000002,27773.272220000003,11966.583829999992,28224.755409999998,13680.577830000002,30248.18948,16135.021629999996
04,0404,CARCHI,MIRA,0.403306479156893,1098.60684922338,0.0,30221.590000000004,4.04,28486.939999999995,8.41,31133.600000000002,12397.94038,5448.608069999998,12157.6125,7632.86925,17448.09146,9692.551020000003,13952.349839999999,11041.1473
04,0405,CARCHI,MONTUFAR,1.04434700083456,1887.13503050804,0.0,112626.34999999999,0.0,106713.37000000001,0.0,106737.55,102486.61489,370.30623000000196,105679.10628,490.1640299999999,113123.76638,722.1071200000006,126964.66633,1129.8593100000144
04,0406,CARCHI,SAN PEDRO DE HUACA,1.62706593880287,528.796430110931,0.0,17058.100000000002,0.0,18712.85,0.0,19183.190000000002,30942.381690000002,31.07832000000053,31377.378660000002,0.0010499999989406206,38512.20709,29.798659999993106,43587.574140000004,56.05980999999883
05,0501,COTOPAXI,LATACUNGA,1.52064224887919,9865.92691072822,1165.17,1103927.76,1489.23,1187736.2300000002,1961.13,1218816.08,1240400.97695,275548.0494199998,1323217.62865,285751.3968499999,1316787.52441,341634.2557600001,1481279.1467499998,378844.4657000003
05,0502,COTOPAXI,LA MANA,0.153870725882251,472.22925773263,324.73,170354.35,516.36,178144.86999999997,972.98,206509.68999999997,205163.79364,2716.359519999998,233832.87036,1752.049950000015,263976.00331,4588.980029999977,290124.92815,7215.459210000001
05,0503,COTOPAXI,PANGUA,0.0463260323091873,156.304033011198,0.0,58758.29000000001,0.27,53856.53999999999,0.31,62263.03,31829.002449999996,60.76673000000301,38508.39958,19.282130000006873,53195.32065,292.50016999999934,62574.711240000004,384.00996999999916
05,0504,COTOPAXI,PUJILI,0.383770338074168,2337.54512920976,0.0,122971.95000000001,0.0,111360.68,0.0,108708.89000000001,74262.91466000001,2419.1871199999878,77247.4566,3069.4465199999977,85607.81794000001,4553.241139999984,91511.46695,7547.458129999999
05,0505,COTOPAXI,SALCEDO,1.20746093635946,2736.10648179054,45.47,150912.00000000003,66.31,164924.0,103.27,174665.23000000004,274585.25801,12767.65704000002,309905.05306,13879.137359999993,321136.49002,18277.49491999997,355221.42000000004,25024.471769999946
05,0506,COTOPAXI,SAQUISILI,0.985476580696801,946.057517468929,0.0,45755.93,0.0,44008.25000000001,0.0,50645.91,67846.21367000001,1960.2041699999972,72569.32285,2058.1659100000106,72754.21965000001,3587.6968799999886,80820.30903,4953.009159999987
05,0507,COTOPAXI,SIGCHOS,0.0911567004185311,576.110346645117,126.47,25841.929999999997,162.67,24028.190000000002,248.03,27044.129999999997,16823.41741,94.4202800000021,22360.751780000002,30.110689999997703,22070.54725,35.800139999999374,22665.95332,160.37378000000172
06,0601,CHIMBORAZO,RIOBAMBA,1.97296148661874,9061.81210803986,1514.99,970304.1900000001,1743.71,962801.7900000002,1530.15,921144.2499999998,1420733.11281,8878.56811000011,1504333.15106,8564.59748999984,1355685.32242,151793.93753,1464381.63943,218946.68651000015
06,0602,CHIMBORAZO,ALAUSI,0.190891272652691,1481.88894960284,19.4,61041.97,22.61,54546.72000000001,16.09,62296.75000000001,33316.5826,134.13152000000264,34719.612649999995,42.85610000000452,35430.60101,840.9613000000027,44047.977609999994,1615.5901800000065
06,0603,CHIMBORAZO,COLTA,0.406275374392059,1589.34926462173,30.31,58216.71000000001,36.34,55451.770000000004,23.54,59421.14999999999,16273.559009999997,120.82281000000148,18930.709029999998,140.4509100000032,21872.257680000002,332.3948599999967,27624.19328,536.3986199999999
06,0604,CHIMBORAZO,CHAMBO,0.9333180275168,717.721563160419,19.14,30894.44,21.7,30715.55,13.3,35291.13999999999,26153.054959999998,29.508050000004005,28700.701670000002,12.927139999996143,29297.6722,642.4794299999994,37765.965339999995,725.0965300000025
06,0605,CHIMBORAZO,CHUNCHI,0.636818953786124,813.21780398488,0.0,21922.65,0.0,18973.43,8.79,21054.260000000002,11180.697199999999,2.5098700000016834,11385.304269999999,47.50047000000086,11452.56805,485.18553000000065,12186.230880000001,722.4345099999991
06,0606,CHIMBORAZO,GUAMOTE,0.240500033094913,1373.01468893886,0.0,53637.38,1.53,50043.10999999999,4.08,58566.38,24826.615609999997,83.85487000000285,28966.67005,159.28503999999884,33114.41401,2042.020749999996,37916.97795,3504.7213399999964
06,0607,CHIMBORAZO,GUANO,1.30391657553253,2806.02847054601,398.57,91441.93,433.18,78275.68000000001,283.52,82767.51,60196.34216,426.10697000000073,67313.98260999999,346.9385800000018,64795.13301,1499.7151000000085,78539.98143000001,1727.89436999998
06,0608,CHIMBORAZO,PALLATANGA,0.219729064925084,391.557193696499,0.0,36961.68,0.0,34701.77,0.0,32868.39,20679.19768,59.42646999999852,24024.447450000003,55.37981999999465,22462.62474,425.92800999999963,27979.3477,662.5339600000007
06,0609,CHIMBORAZO,PENIPE,0.256428605941839,441.057202219963,63.5,29204.1,67.62,24495.350000000002,43.74,30608.84,12369.37068,8.424109999999928,16083.099020000001,0.1660699999974895,16890.77837,1223.47955,19804.15476,2004.2872599999973
06,0610,CHIMBORAZO,CUMANDA,0.262597366383201,194.584648489952,29.82,31795.220000000005,31.28,32068.249999999996,20.23,33359.45,55508.63902,38.36577999999281,55875.018650000005,79.27152999999089,63430.075209999995,893.5332400000043,65132.65313,1244.2113000000027
08,0801,ESMERALDAS,ESMERALDAS,1.59320925119316,9984.64237722754,71.55,1134095.7899999998,52.65,1030907.85,58.69,1091202.6,1367201.8341800002,16461.092809999827,1774777.37423,14391.527690000134,1579927.98856,26894.861650000094,1379218.6524000003,36656.37164999964
08,0802,ESMERALDAS,ELOY ALFARO,0.0197673057894669,394.555423557758,0.0,65381.969999999994,0.0,76614.01999999999,0.0,94221.83,49892.237420000005,73.68244999999297,54309.172719999995,65.47066000000632,79737.22219999999,1095.9548500000092,99048.11910000001,1508.494859999977
08,0803,ESMERALDAS,MUISNE,0.0568035615946031,330.312710672617,0.0,53118.71,0.0,57326.350000000006,0.0,71345.51,29778.656619999994,68.13513000000603,30092.147599999997,121.24163000000408,42966.43921,264.37942000000476,63529.78082000001,424.91575999998895
08,0804,ESMERALDAS,QUININDE,0.170422128089611,3088.04896098375,442.99,313532.45,540.82,367514.3499999999,594.15,466442.95999999996,448211.60858999996,25744.371900000027,502209.99486,22751.364560000016,962847.73198,29911.814949999913,1109695.98856,77231.05578000005
08,0805,ESMERALDAS,SAN LORENZO,0.0673317338034824,949.983432233334,30.34,134190.72,32.8,164953.88,28.39,218213.43999999994,92335.35457,11604.625520000001,89244.45561,7409.493159999998,97526.39424000001,17814.928149999992,103740.57605,14419.355389999997
08,0806,ESMERALDAS,ATACAMES,1.35544474460561,3220.53671318293,0.0,85339.01000000001,0.0,88068.38,0.0,85032.81000000001,69689.41828,1407.884739999994,67477.05801,784.7539200000174,77683.14753999999,3129.7313300000096,101014.74786,3839.958400000003
08,0807,ESMERALDAS,RIOVERDE,0.118325675110281,834.432660877705,0.0,39515.759999999995,0.0,46757.810000000005,0.0,59425.530000000006,51465.85979,3321.090479999999,47997.00625,1704.6479400000026,98573.97131,4302.385310000012,118286.17258,1521.4264600000024
10,1001,IMBABURA,IBARRA,2.1240649575453,10975.0436356366,2252.3,838565.17,2834.71,907896.92,2271.75,910891.45,1339122.4126600001,8610.387409999734,1436370.77562,10189.72183000017,1354899.76474,29388.644020000007,1466673.0128499998,41385.4442800004
10,1002,IMBABURA,ANTONIO ANTE,6.98702905752272,2669.04509997368,25.65,122932.17,38.4,131972.99000000002,45.19,122181.67000000001,207127.04263,4069.160990000004,212994.93834,4900.039490000025,195885.57579,11133.36189,203385.17659000002,15312.600079999975
10,1003,IMBABURA,COTACACHI,0.320532764203965,2524.19551810622,3589.7,146113.83,3843.96,154136.53000000003,2605.33,147290.44,73243.3202,46822.03440999999,80108.62313000002,50420.64625999998,92067.61262999999,57092.48709000001,106012.88581,62363.39408999999
10,1004,IMBABURA,OTAVALO,2.54041171793368,5914.07847934961,10959.58,337258.3999999999,13697.24,354258.12999999995,11359.19,357715.94,332916.75522,12626.231580000021,370086.18494,10674.15247000003,323158.04120000004,31261.239039999957,356395.06161000003,38707.30547999992
10,1005,IMBABURA,PIMAMPIRO,0.475333258941971,982.989179491997,0.0,21792.18,0.0,19371.750000000004,0.0,20075.53,13887.860200000001,85.13869999999952,18262.45133,8.421720000002097,21792.57906,18.44166000000041,23447.65783,137.37557000000015
10,1006,IMBABURA,SAN MIGUEL DE URCUQUI,0.444647428560177,1596.7289159596,134.47,46442.31999999999,162.69,43103.35999999999,117.57,31856.030000000002,27096.26428,4784.798780000001,29646.79261,6550.019119999994,28665.44546,9045.433800000003,40374.9286,8193.710600000006
15,1501,NAPO,TENA,0.208760861490007,3824.08146077394,76886.66,203728.36000000002,61602.02,204972.39000000004,58672.34,274238.81000000006,168676.53635,1446.8828600000124,183833.77602999998,1151.7679000000353,194987.03806,2133.00046000001,228672.67961,3507.488890000008
15,1503,NAPO,ARCHIDONA,0.102560835939433,1451.44095021486,312.02,46373.63,314.13,48186.909999999996,470.89,76257.15000000001,34785.048950000004,102.09762999999657,35931.324759999996,73.56818000000203,40806.96589,2621.4179700000022,54343.030159999995,843.371490000005
15,1504,NAPO,EL CHACO,0.043635650647462,713.704701989889,0.0,140611.13,0.0,131707.69000000003,0.0,73101.37999999999,32040.927879999996,22.54537000000346,32211.08543,137.27985000000263,33484.340070000006,766.8700299999982,35272.97152,979.5902600000045
15,1507,NAPO,QUIJOS,0.126896488962387,940.810569167137,0.75,31111.829999999994,0.53,32526.22,0.35,85427.11,33041.83985,64.29787000000215,35512.69796,582.0182400000049,36569.6997,937.0098200000066,40414.66218,1119.8772800000006
15,1509,NAPO,CARLOS JULIO AROSEMENA TOLA,0.144182854724544,335.946051508188,30.84,13359.2,21.72,15365.239999999998,25.72,20688.51,7071.04583,8.020070000000487,8740.78762,6.320520000001125,8579.52917,9.357640000000174,8831.41085,736.1954100000003
16,1601,PASTAZA,PASTAZA,0.0322979387893651,2999.67106506228,794148.91,254358.80999999994,668388.99,265323.08999999985,550429.94,268080.92999999993,270105.40032,2775.369470000034,297044.21349,2695.556440000015,280818.42637,7641.493360000022,309895.88061,13258.331659999967
16,1602,PASTAZA,MERA,0.319076225882088,785.246591895819,10.53,31240.54,8.77,31638.100000000002,17.0,29824.319999999996,24410.248050000002,132.27130000000034,27047.67518,81.74963000000207,28447.82668,906.6308200000021,32055.25125,2031.8259099999923
16,1603,PASTAZA,SANTA CLARA,0.157765244440821,231.126083105803,14.49,12189.000000000002,10.54,12649.17,5.8,16320.36,5603.8387999999995,25.70825000000059,7201.1709900000005,11.022289999999884,6851.56093,41.387470000000576,13551.697510000002,20.452919999997903
16,1604,PASTAZA,ARAJUNO,0.0056278307626359,232.384387850761,0.0,23552.07,0.0,28423.549999999996,0.0,28567.190000000002,2547.1136300000003,3.621389999999792,4177.84567,0.030120000000351865,5327.392760000001,6.412999999999556,5702.293460000001,77.89949999999953
17,1702,PICHINCHA,CAYAMBE,1.38908693409094,7751.10509222746,0.0,541634.2100000001,0.0,609787.47,2.71,624336.0000000001,528099.14152,281404.5645500001,571974.8008399999,322656.54153000005,584288.05638,370116.45801000006,629180.94323,424186.2541599999
17,1703,PICHINCHA,MEJIA,0.895672551006624,6215.07183143497,0.0,632948.4599999998,0.0,611099.8500000001,0.0,610444.9299999999,771416.9832199999,118789.55881000008,1058572.91958,132161.02188999997,1118930.9663299997,114235.70743000018,1019931.41682,133075.5782
17,1704,PICHINCHA,PEDRO MONCAYO,3.53751069955368,5596.34192669392,26.53,319958.67,41.06,338451.91,52.14,345147.24,232369.99007,243777.49172000005,269766.1326,285243.53116,283854.89504,330955.26321,315339.42383000004,345532.4237199999
17,1705,PICHINCHA,RUMINAHUI,8.44827914177723,5432.24348816276,364.58,1187908.0499999998,491.79,1209999.9,468.65,1158853.6400000001,4400731.985,58021.03488999978,4650334.92449,53489.913440000266,4740141.653,90115.8537100004,4999988.13103,86774.6482700007
17,1707,PICHINCHA,SAN MIGUEL DE LOS BANCOS,0.0740782291237321,294.238726079464,0.0,35606.659999999996,0.0,38505.090000000004,0.0,37061.94000000001,84703.63029999999,998.8741500000178,104173.42082,557.6126499999955,118179.50987,1502.5103700000036,140690.33166000003,1696.9042799999588
17,1708,PICHINCHA,PEDRO VICENTE MALDONADO,0.062101529747146,181.957482159138,0.0,66196.19,0.0,44738.159999999996,23.64,47853.58,82847.02307,8875.014809999993,86168.62655999999,8765.234730000011,89581.12504999999,10578.064100000018,100834.27994,12027.233370000016
17,1709,PICHINCHA,PUERTO QUITO,0.0956246846650684,311.353973269463,0.0,51510.23,0.0,52147.63000000001,0.0,59023.090000000004,61420.00550000001,932.3834399999905,78693.44272,14.793219999992289,133207.00563,2986.7693799999834,149867.33689,2131.442880000017
18,1801,TUNGURAHUA,AMBATO,3.77810711078854,18002.6803829074,553.67,1999309.4400000002,650.34,2104673.8200000003,542.79,2003182.7899999998,4049923.9486500006,79489.71440999955,4149398.6400099997,64823.12400999991,3939505.56256,104163.51804,4392075.1969,137600.68984000012
18,1802,TUNGURAHUA,BANOS DE AGUA SANTA,0.302805330463907,1510.39298835397,29.41,160803.0,32.37,164697.43000000002,24.26,125358.95,148280.83296,1086.7805600000138,167639.19183,955.343200000003,169198.09444,2132.4705300000205,192921.07576,4096.451230000006
18,1803,TUNGURAHUA,CEVALLOS,9.4942574988712,835.494659900665,0.0,26484.969999999998,0.0,28761.159999999996,0.0,28736.47,57106.29500999999,327.22919000001275,62677.50808,454.79439000000275,61799.25591,1163.636989999999,73017.1091,1325.937300000005
18,1804,TUNGURAHUA,MOCHA,2.02753403287372,817.096215248108,0.0,14526.140000000001,0.0,14285.509999999998,0.0,13742.230000000001,23909.4077,148.4139200000027,28281.354779999998,228.07439000000522,28865.043410000002,321.25108999999793,34984.21212999999,1916.6828700000042
18,1805,TUNGURAHUA,PATATE,0.822547801949467,1214.08055567741,0.0,37625.659999999996,0.0,33508.13,0.0,27937.760000000002,53282.955460000005,15.749549999993178,57852.83927,82.84339000000182,59875.95881,929.8805199999988,67003.75155,757.3489499999996
18,1806,TUNGURAHUA,QUERO,1.99894610601546,1623.14423808455,0.0,39085.39000000001,1.49,36868.38000000001,1.1,38455.89000000001,38536.477080000004,21.377239999994345,39047.29176,64.20564999999624,37897.782139999996,433.56631000000925,45343.668260000006,500.67954999999347
18,1807,TUNGURAHUA,SAN PEDRO DE PELILEO,4.40825379261021,4161.39158022404,51.43,194966.72000000003,57.29,202250.65000000002,46.49,195124.55999999997,400752.21378000005,20663.308579999954,410390.97841000004,22577.46630999999,424240.20286,17796.854849999945,506749.54270999995,20051.44642000005
18,1808,TUNGURAHUA,SANTIAGO DE PILLARO,1.53615208142381,3202.87708976865,12.1,71518.81,15.14,82807.23,14.69,79275.58,123218.07787000001,1064.730429999996,145316.98618,1418.8819499999809,142495.95881,2215.443009999988,156572.91475,3101.0479499999783
18,1809,TUNGURAHUA,TISALEO,3.99219984852749,1101.84715819359,0.0,43609.28999999999,0.0,47309.03999999999,0.0,45174.079999999994,39399.15901,453.5797999999995,46718.5728,537.1801199999973,45314.7095,3445.6348700000017,49313.311480000004,7466.562999999995
21,2101,SUCUMBIOS,LAGO AGRIO,1.11596486032969,16419.1909900308,604425.78,457357.72000000044,509175.84,480753.48000000016,460641.97,585993.0299999999,579094.3500099999,920.1728900000453,582208.62516,1853.930999999866,634813.25426,12844.664070000057,770501.35745,26920.39127999998
21,2102,SUCUMBIOS,GONZALO PIZARRO,0.0403531281138107,420.479594945908,97.69,29672.27,71.29,33219.79,51.83,31332.399999999998,12984.36978,38.67106999999851,14221.27499,3.383350000000064,16375.84588,339.56452999999965,19762.86141,466.82738999999856
21,2103,SUCUMBIOS,PUTUMAYO,0.383323428529379,6319.47004273534,272207.64,27221.660000000033,229101.38,30181.73000000004,121073.35,32155.860000000044,16456.2982,17.342499999998836,17160.09367,7.821850000000268,22066.748540000004,73.32465999999476,23951.619319999998,344.003690000005
21,2104,SUCUMBIOS,SHUSHUFINDI,2.81924849824749,33216.3858063519,1807690.7,227459.26999999955,1533536.05,224322.8300000003,1384950.93,282396.35999999987,217145.35152999996,321.8832500000426,232271.18597000002,3143.082999999984,266012.92685,3923.2351200000267,293990.95358,10580.036920000042
21,2105,SUCUMBIOS,SUCUMBIOS,0.0247452653304791,175.518166989088,0.0,12942.41,0.0,12507.24,0.0,12767.77,2707.91472,0.2804999999998472,2682.926,12.090410000000247,2578.2678,8.167539999999917,4065.33171,0.841019999999844
21,2106,SUCUMBIOS,CASCALES,0.114536446089294,669.6946002841,262.09,27510.990000000005,256.83,31564.039999999997,199.86,34058.34,11913.91347,800.5982999999997,15130.484439999998,609.1665500000017,17224.57493,624.8760199999997,24635.798459999998,1078.081760000001
21,2107,SUCUMBIOS,CUYABENO,0.0857916497941954,1553.60098612309,330133.5,36756.53000000003,270405.66,40219.50999999989,208735.0,37585.50000000003,34287.88682,17.153259999999136,34027.19371,77.7274000000034,38963.15664,256.9890199999936,49372.952280000005,495.8764399999927
22,2201,ORELLANA,ORELLANA,1.00797425286505,33228.8792199492,3673888.79,438045.36000000034,2655236.24,468407.5800000001,2026473.99,506204.3699999994,670638.1837299999,6095.289420000045,758230.88365,3056.2466299999505,859006.94293,25205.871700000018,940324.0016900001,16143.390249999939
22,2202,ORELLANA,AGUARICO,0.0143220654419938,748.098766297102,1213916.88,32050.519999999786,886267.31,38274.359999999986,815734.27,28160.649999999907,12071.22305,146.54239999999845,18031.50389,3.300999999999476,18204.98282,1.3500199999980396,29357.772279999997,144.436740000001
22,2203,ORELLANA,LA JOYA DE LOS SACHAS,8.54276155639861,47865.0930005014,1647661.48,175779.0699999996,1092620.42,188653.04000000004,2364673.07,235531.00000000093,277065.62482,3284.2260999999708,307739.06547,1966.4297600000282,360604.72870000004,3294.1815999999526,394985.09848,6066.053769999999
22,2204,ORELLANA,LORETO,0.139807260512521,1402.12701568007,64.8,45301.869999999995,27.72,50073.13000000001,57.12,68202.97,35908.08821,19.70154000000184,40048.13891,65.38408000000345,45700.08064,1423.2406699999992,56881.66906,2365.493629999997
23,2301,SANTO DOMINGO DE LOS TSACHILAS,SANTO DOMINGO,0.481480309430849,7752.79594245553,3494.53,1729404.8599999996,4925.05,1816443.17,6017.96,1838481.2900000003,2970905.74654,173651.91386999981,3152164.77179,201138.58808999974,3499247.6986,308749.7437900002,4227320.04439,385790.85592
17,1701,PICHINCHA,QUITO,4.56610239776471,89947.6511335671,22234.34,25161438.110000003,26791.66,27113764.209999997,22634.36,26853287.779999997,72165765.12198,12025576.385320008,75409504.48538,10230356.222340003,74136753.165,11423750.185210004,78489639.48474,10409674.731989995
23,2302,SANTO DOMINGO DE LOS TSACHILAS,LA CONCORDIA,1.11046656500793,1692.35104507208,14.52,169701.64,17.1,192119.24,15.57,198239.41,200312.29683,12549.616139999998,220970.85903999998,21225.12997000002,285251.6065,33453.11118999999,344504.97353,41595.03383000003
01,0101,AZUAY,CUENCA,2.01019705121291,30046.4153244793,36300.81,4138170.0799999996,33940.91,4105134.02,22902.63,4534504.999999999,8717612.35645,198679.97535999864,8670808.47909,202302.3187500015,8481375.40717,310707.2095100004,9596772.43061,380850.07284000143
01,0102,AZUAY,GIRON,0.856309124065932,1400.92172697186,181.33,24177.629999999997,189.55,20297.95,172.07,24907.88,18328.34752,50.878600000000006,18649.52691,49.23400000000038,17723.556839999997,1813.8070399999997,15371.49047,973.5472999999984
01,0103,AZUAY,GUALACEO,1.5942610495709,2617.77664339542,306.13,120582.54000000002,534.3,113334.17999999998,418.67,132820.61999999997,111549.41731999998,15373.183620000025,113033.02549,13260.040160000004,108788.67358,10336.184239999988,116641.44444,13792.063930000004
01,0105,AZUAY,PAUTE,1.73674616810835,2198.72064882517,794.95,73808.14,763.38,61874.48000000001,649.1,78483.76000000001,87570.38146,2966.406529999993,90079.71578000001,3347.5585799999826,92401.76477999998,2651.5470800000185,99847.76646000001,2993.8001399999775
01,0106,AZUAY,PUCARA,0.206229527527348,566.512512117624,38.08,23918.09,4.91,28262.150000000005,13.41,17144.02,12020.66991,1.0730000000003201,14872.49202,0.09462000000166881,16649.02925,235.91128000000026,17941.81549,3915.8024799999985
01,0107,AZUAY,SAN FERNANDO,0.503204921268879,334.631272643805,0.0,7843.1900000000005,0.0,5832.020000000001,0.0,8377.49,3267.9471999999996,3.028150000000551,3705.4047899999996,0.2790200000004006,2797.03111,62.32868000000008,3492.8787599999996,83.56688000000031
01,0108,AZUAY,SANTA ISABEL,0.67079831652956,1900.37163072824,5601.45,51219.9,6649.65,43521.86000000001,7072.87,57625.6,67439.32021,45.12863999999536,66540.48144,1223.6546099999978,61388.80186,5685.073020000003,65026.300440000006,6088.809290000005
01,0109,AZUAY,SIGSIG,0.574118639181042,1818.23373028636,0.0,38010.369999999995,0.0,32964.14,0.0,42150.06999999999,25041.074889999996,288.6971100000046,22965.01303,281.90511000000333,26021.588900000002,729.3045499999971,32111.974930000004,1014.7011700000003
01,0110,AZUAY,ONA,0.440404423503751,608.198508858681,0.0,7722.74,0.0,6123.709999999999,0.0,7968.39,3582.40036,0.0,5517.96674,0.4400000000005093,5202.371120000001,462.19328999999925,7516.39083,350.4231399999999
01,0111,AZUAY,CHORDELEG,1.28040505329606,628.678881168365,0.0,23060.589999999997,0.0,17862.350000000002,0.0,25345.42,20301.80854,18.75923999999941,23998.52087,9.999999747378752e-06,21202.74964,106.94785999999658,24909.15191,134.24203000000125
01,0112,AZUAY,EL PAN,0.474905711307189,295.866258144379,2.1,5626.98,1.81,4003.7499999999995,1.25,5740.349999999999,1379.2426800000003,0.0,1252.5492399999998,9.343540000000303,1087.38269,38.14526999999998,2335.3583500000004,57.42137999999977
01,0113,AZUAY,SEVILLA DE ORO,0.431034247587327,633.620343953371,0.0,159802.33999999997,0.0,147423.11000000004,0.0,10316.74,11808.575189999998,0.0010000000020227162,11083.65886,9.999999747378752e-06,9064.99778,28.649270000001707,12894.297820000002,214.75846999999703
01,0114,AZUAY,GUACHAPALA,1.89580430187609,348.8279915452,0.0,6532.420000000001,0.0,5045.31,0.0,7232.819999999999,1574.573,1.474999999999909,2446.6791099999996,0.4251200000003337,2327.4388200000003,0.9830199999996694,2860.37512,0.7002999999999702
01,0115,AZUAY,CAMILO PONCE ENRIQUEZ,0.259206680618376,774.509561687708,261161.08,73523.94999999998,249044.82,62943.20999999996,223542.84,92509.69000000009,151010.69003,33819.873770000006,113033.41606,30040.334560000003,139339.10645,38165.77689000001,175286.19730000003,60087.80481999999
03,0301,CANAR,AZOGUES,2.02817392813506,5806.66195625067,517.06,280567.34,537.99,291862.81000000006,595.0,298023.81999999995,374374.69899000006,2027.836079999921,418412.05032999994,892.4930000000168,430034.57868,16935.216680000012,456617.63362000004,24472.611979999987
03,0302,CANAR,BIBLIAN,1.38936112341234,1475.50151306391,90.31,44401.64,131.28,39011.10999999999,118.53,45737.24999999999,91028.37519999998,2273.237090000024,103149.06341,105.74650999999722,105859.29542,1149.7904700000072,115644.27264,2147.8343199999945
03,0303,CANAR,CANAR,0.40390231908005,3400.04972201586,22.61,122101.64,21.28,109414.14,25.0,123464.20000000001,135318.37034000002,315.8701899999869,151897.95002,92.7846600000048,159909.92113,1727.4552100000146,187030.29247,3080.227370000008
03,0304,CANAR,LA TRONCAL,1.03567898456867,1548.34008193016,6.84,320721.68999999994,55.49,303680.10000000003,94.74,339838.29000000004,299578.97427,11810.982239999983,330903.2205,3741.738560000027,416983.39641000004,9256.358009999967,418415.03014000005,10349.244879999955
03,0305,CANAR,EL TAMBO,2.50605616833343,764.347131341696,6.92,25333.2,0.0,23344.74,0.0,28446.5,38933.45529,286.7358699999968,46623.57428,20.833699999995588,58565.750609999996,717.3843500000075,83728.19121000002,1001.0956099999748
03,0306,CANAR,DELEG,1.93170923429928,687.688487410545,0.0,12096.259999999998,0.0,8303.72,0.0,10611.179999999998,6778.695659999999,445.13532000000123,6393.214610000001,255.57576999999856,6810.179000000001,286.12144999999964,7647.8169,432.5845900000004
03,0307,CANAR,SUSCAL,1.59507125383848,368.461459636688,0.0,9979.160000000002,0.0,8234.67,0.0,10496.979999999998,10051.145359999999,39.56550000000061,10623.11557,0.6850600000016129,10803.752290000002,10.538719999996829,14770.89227,122.64442999999847
07,0701,EL ORO,MACHALA,5.61973412813468,8609.43268430233,56541.69,2148180.4500000007,73200.74,2187223.2499999995,63401.07,2231835.8800000004,3357788.66561,877160.7980499999,3416558.52666,1047988.2563199997,3308222.70291,941346.6498700003,3878880.54144,1099957.5450999998
07,0703,EL ORO,ATAHUALPA,0.325138992560614,423.65610730648,1900.76,10795.96,2566.7,11486.630000000001,2867.37,10356.380000000001,8549.880860000001,39.23957999999766,8956.36788,0.0,11002.43717,159.63045000000056,12186.14523,152.6631099999995
07,0704,EL ORO,BALSAS,0.715111240378918,233.126264363527,35.8,25144.16,36.8,26411.280000000002,23.58,26979.149999999998,105424.68883999999,13.049890000009327,115806.43051,589.0760399999854,135991.23992,1234.3000500000198,156125.47733000002,2127.3915199999756
07,0705,EL ORO,CHILLA,0.142220163606323,220.86791408062,2.58,5784.67,2.64,5748.08,3.05,5406.84,828.88068,0.005000000000109139,1045.55301,0.01999999999998181,901.8802800000001,3.0992999999998574,1145.9637400000001,34.36918999999989
07,0706,EL ORO,EL GUABO,0.460750595925132,1303.92418646812,451.66,317632.78,507.39,345280.24999999994,427.16,280196.25999999995,438793.07135,62684.640729999985,472545.42982,60760.60154,488035.99747999996,67340.4102300001,580091.3854799999,74358.29604000004
07,0708,EL ORO,MARCABELI,0.43658335112099,306.481512486935,786.38,11089.98,968.64,11223.28,782.56,11647.689999999999,36435.98289,5.2700000000040745,43165.291419999994,0.005000000004656613,55828.70018,519.2596699999995,62427.39672,595.2569000000003
07,0709,EL ORO,PASAJE,0.798219750111048,1705.79560598731,47427.53,202219.90000000002,62241.0,219552.30000000005,55136.38,212465.63,349122.66274000006,44583.31125999993,406612.47485999996,44286.28350000008,429225.92735,53707.12174999999,454965.71541,71236.24484
07,0710,EL ORO,PINAS,0.455685808511137,1315.10924336314,3778.42,96375.2,4466.7,98435.61000000002,3617.87,101474.53,199050.70285,26680.974359999993,219152.84833000004,31941.634929999942,233623.99508000002,38705.460710000014,267453.53086,53913.720360000036
07,0711,EL ORO,PORTOVELO,0.462148283031725,621.127292394638,82574.76,46533.729999999996,96505.2,46230.12000000001,91901.42,47950.06999999999,71750.55143,44153.80670999999,79945.27316000001,38519.554889999985,79031.43414,46979.831269999995,97768.71922,82679.75321
07,0712,EL ORO,SANTA ROSA,0.528068392122036,2009.82830041647,19371.11,320324.43,24182.21,329553.14999999997,22846.7,315557.59,486395.32301999995,203738.62706000014,560433.37297,70211.18712999998,453235.0868,46056.29352000001,418756.30522000004,59594.428329999966
07,0713,EL ORO,ZARUMA,0.360736323087707,1105.29609394073,100090.8,48397.229999999996,118466.65,47244.119999999995,98608.68,54026.32999999999,108566.21592999999,56653.33798,97274.6572,75902.21009,121378.50803000001,82641.18058,125020.79508,119129.09882
07,0714,EL ORO,LAS LAJAS,0.208879782195602,292.431695073843,0.0,12359.659999999998,0.0,13226.58,0.0,11152.06,8324.41919,6137.04112,8838.02751,9799.876389999998,12011.98962,9418.030899999998,10719.293199999998,9484.922420000004
09,0901,GUAYAS,GUAYAQUIL,4.0799070796526,78668.7683098614,99421.87,25952805.03,117178.46,27061693.48,91449.15,26186433.169999998,51900591.2284,8997011.57525,54321156.65556,9222623.16809,53171343.77646,10652624.59104,57892919.5946,12486557.808590002
09,0902,GUAYAS,ALFREDO BAQUERIZO MORENO,0.356797256047213,366.430781960487,0.0,59782.47,0.0,65975.34000000001,0.0,76166.73,62322.1792,189.2236499999999,72358.83388,47.00272999999288,82006.37164,313.9077200000029,79585.23560000001,883.4234799999831
09,0903,GUAYAS,BALAO,0.0951097463975698,181.944944858551,19.89,75589.06999999999,16.94,80654.46,15.71,93057.91999999998,70635.40058,8015.684269999998,65973.92152999999,10515.831390000007,88496.10785,11168.582479999997,105570.46502999999,9911.904720000006
09,0904,GUAYAS,BALZAR,0.239694941584255,1335.1008246243,0.0,109872.81999999998,0.0,123749.96000000002,0.0,138200.85000000003,133001.85342000003,22476.64829999997,145261.70821,7467.996169999969,183800.87794,17236.011830000003,178339.03261999998,19827.121990000043
09,0905,GUAYAS,COLIMES,0.147942444142169,525.047734260559,187.29,45421.16000000001,155.42,51683.78,112.93,57006.62,58403.83626,722.6302400000059,70168.11004,60.52702000000863,80641.72625,625.5211899999849,76319.15143,704.9127200000075
09,0906,GUAYAS,DAULE,5.72312043607235,12522.1875141263,984.68,830157.2299999997,802.76,911785.9600000001,2264.49,871890.14,1654360.11486,65206.538599999854,1807332.57004,67196.27097000019,1777615.36934,132570.74527999992,2037221.52733,208149.97212000005
09,0907,GUAYAS,DURAN,9.58109824608473,13528.5107234716,5165.23,2642676.2099999995,4817.23,2843610.33,2963.21,3197569.99,5846537.11994,1893648.7171299998,5693233.565540001,2352677.2240899997,5607303.40776,3453757.9351999983,5712332.60708,3887902.454069999
09,0908,GUAYAS,EMPALME,0.473051584682562,1582.83060234785,46.52,187514.30000000002,39.05,217200.66999999995,58.84,212677.77,237940.11926,10935.29058,266841.65229,9516.89221999998,385499.49125,9784.01059999998,459879.20649,20769.603329999954
09,0909,GUAYAS,EL TRIUNFO,0.50742883620257,936.713631629944,83.28,176666.14999999997,82.62,219852.34999999998,98.54,222515.78999999995,281754.00870999997,10306.468120000034,312941.19947999995,14569.917430000089,437960.07152999996,13865.353110000025,531337.30894,20232.536390000023
09,0910,GUAYAS,MILAGRO,3.63175370085214,6885.80501681566,145.24,684299.93,122.19,681777.54,88.79,633947.27,950252.3554100001,33524.5769499999,961308.71268,24157.27476000006,1047811.67539,52201.518309999956,1067690.31564,62269.061419999925
09,0911,GUAYAS,NARANJAL,0.146165317628486,1185.25456064939,93.08,337110.41,94.2,354941.66000000003,94.48,373795.0900000001,381400.01944999996,1452.8521200000541,441028.22682,38935.62435000006,604146.6076300001,64692.354129999876,649612.86953,78500.55077999993
09,0912,GUAYAS,NARANJITO,0.738881123269919,777.302941679955,0.0,85909.61000000002,0.0,87278.79,0.0,95020.74999999999,121585.21969999999,450.7212200000213,130049.21114999997,102.2473800000298,162311.31098999997,367.52281000005314,173086.22707000002,306.3099799999909
09,0913,GUAYAS,PALESTINA,0.559247370408132,508.9151070714,0.0,26766.849999999995,0.0,29949.110000000004,0.0,36480.030000000006,53385.9348,752.3358700000026,61312.87623000001,146.8247399999891,79676.99518999999,1079.3725500000146,85788.44038,1834.8071000000054
09,0914,GUAYAS,PEDRO CARBO,0.345593670196916,1514.39146280289,0.0,73870.28,0.0,79006.57,0.0,79455.07000000002,88599.21453,652.7572199999995,86486.20805,189.7300099999993,86627.54499,484.20419000001857,90038.91563,291.1962099999946
09,0916,GUAYAS,SAMBORONDON,5.92216142199579,9949.23118895292,1095.25,1533914.8200000003,1112.34,1629734.3399999999,1074.6,1597349.7999999998,3938321.7852600003,867114.0606799992,4247659.048839999,832227.3324500006,4560172.923029999,967458.0573700005,5151465.48109,1130853.8435399998
09,0918,GUAYAS,SANTA LUCIA,0.895765428792366,1495.03250065446,73.9,79894.39000000001,61.32,95729.37999999998,44.56,101544.57000000002,229095.86034,3432.9813499999873,272238.6178,417.2402000000002,303568.4496,1935.8425799999968,280124.9441,3183.5996399999713
09,0919,GUAYAS,SALITRE,0.701914793035552,1289.41747480631,0.0,87508.51000000001,0.0,98519.2,0.0,104515.33,72045.89201,161.42922000000544,91711.59495,82.82262999999512,101333.38251999998,1398.046210000015,105245.90106,1462.8111299999873
09,0920,GUAYAS,SAN JACINTO DE YAGUACHI,1.80108270953631,4308.18984121084,5341.02,443815.67999999993,4894.33,482550.2499999999,4465.02,517901.07999999996,643582.0899400001,437133.5419099999,658396.24516,427147.4247500001,766655.66871,482446.3744200001,863092.19476,620237.43351
09,0921,GUAYAS,PLAYAS,1.26744027892812,1586.83522921801,733.51,99759.70000000001,672.3,109909.22,499.75,96658.79,149395.28669000004,121815.81468999997,154012.3314,42805.60593000002,133166.19575,47017.10131999999,152241.56163,73875.82055
09,0922,GUAYAS,SIMON BOLIVAR,0.291399410617194,395.720399618149,0.0,60620.770000000004,0.0,60566.72999999999,0.0,65003.62,80446.47905000001,9907.035719999985,101367.0955,7547.946410000004,157394.14096000002,5010.50251999998,190870.88812999998,3138.2839100000274
09,0923,GUAYAS,CRNEL. MARCELINO MARIDUENA,0.231589020395877,276.748879373074,0.0,215981.36000000002,0.0,218000.02000000002,21.25,173843.60000000003,273235.96656,55627.317560000054,243876.6208,27868.40612000003,241004.34844000003,26418.929079999973,250166.33015,25803.348230000003
09,0924,GUAYAS,LOMAS DE SARGENTILLO,4.11223232383147,1283.01648503542,0.0,34699.27999999999,0.0,37339.079999999994,0.0,40400.75000000001,53089.720389999995,180.12368000000424,51959.83088,114.14396000000124,58467.73835,274.19054999999935,59945.29198,1328.5889999999927
09,0925,GUAYAS,NOBOL,2.32590049606728,1502.53172045946,123.13,75288.76,147.75,85900.98000000001,197.29,88140.56000000001,123077.75274999999,81951.82640000002,130707.38525,58432.86518000001,130946.49367999999,66533.27655000001,145784.22774,56277.82004999998
09,0927,GUAYAS,GNRAL. ANTONIO ELIZALDE,0.116266679317997,83.9445424675941,0.0,41689.07,0.0,43495.58,0.0,45232.59,55258.43149,74.46391999999469,63275.46168,295.73187999999936,82291.22774,2819.56955,99976.59339,5051.084370000011
09,0928,GUAYAS,ISIDRO AYORA,0.545396496808821,1247.86718469858,191.65,33272.19,163.58,32715.879999999997,132.59,31947.579999999998,276778.4357,575.118150000053,285001.83655999997,1964.1236300000455,299596.35506000003,6181.403749999998,306665.21106999996,7754.730240000063
11,1101,LOJA,LOJA,0.807730228453372,7177.49081003666,3251.86,1316301.01,4092.73,1380943.57,5734.64,1292607.45,1549417.10966,9576.535599999828,1626676.98776,7789.40251000016,1628407.6204499998,28230.629720000317,1796368.90532,39554.30952999997
11,1102,LOJA,CALVAS,0.179419146475157,708.346790283918,52.19,54064.55999999999,76.93,54375.04,90.09,46737.060000000005,46911.95486,6.2386700000060955,52707.21763000001,25.485449999992852,52811.605079999994,838.6596900000077,55239.91498,794.4718600000051
11,1103,LOJA,CATAMAYO,0.646439702339701,1981.33768767118,616.51,86928.31000000001,697.48,94154.82,539.5,94813.69,123642.48478,2589.84822,137324.79194999998,2688.6256799999974,128859.87103,6607.845210000014,138601.80353,9464.501580000011
11,1104,LOJA,CELICA,0.238368809308325,584.003582805395,84.87,29842.52,105.84,29686.180000000004,299.51,28801.75,24151.891669999997,0.4743400000043039,15664.53409,0.04837000000225089,17275.82515,142.69890999999916,21524.66157,291.95224999999846
11,1105,LOJA,CHAGUARPAMBA,0.0863944666627642,126.827077060938,0.0,13950.469999999998,0.0,14866.52,0.0,13769.27,8371.06037,0.4840199999998731,9807.15775,11.042339999999967,9717.63215,5.377410000000964,12835.197050000002,111.85169999999744
11,1106,LOJA,ESPINDOLA,0.170405947954844,411.700770258904,68.8,17263.620000000003,70.91,18625.51,54.33,19787.11,6438.454890000001,25.50314999999955,7686.7106699999995,1.3306400000001304,6490.55568,490.5455099999999,8819.85113,599.5596600000008
11,1107,LOJA,GONZANAMA,0.156597152497888,513.01227158308,0.0,19837.180000000004,0.0,24195.47,0.0,22624.06,13967.562300000001,4.891999999999825,21076.80226,9.945039999998698,18581.1204,1119.6009699999995,15774.67845,883.3117899999997
11,1108,LOJA,MACARA,0.273323382510333,740.979689985514,430.33,38569.6,506.73,39235.52,508.07,38051.86000000001,73274.37542,15.527560000002268,77961.25395999999,374.63903000000573,80156.05798,822.414969999998,82001.35991,1513.4080899999972
11,1109,LOJA,PALTAS,0.13131935796264,713.195433095098,149.89,35350.93,213.68,38674.45,463.54,38970.23,31504.23194,285.15543999999863,30572.782879999995,0.14501000000382192,32016.7207,399.024010000001,37020.46655,443.10020000000077
11,1110,LOJA,PUYANGO,0.152351819415295,455.074884593487,0.0,40334.06,0.0,40570.3,0.0,39755.920000000006,38962.43959,21.28450000000157,36448.33584,27.464019999999437,35855.95622000001,1039.2475599999962,44264.87695,1556.9939700000032
11,1111,LOJA,SARAGURO,0.240043122945923,1217.01863333583,3.62,42971.5,8.8,47185.57000000001,6.74,48465.90000000001,32915.70024,600.3881600000022,36065.65412,827.1238300000041,37087.61127,1353.7848299999969,41683.451740000004,1167.920140000002
11,1112,LOJA,SOZORANGA,0.114091202045352,220.196019947529,0.01,7934.6900000000005,0.01,9377.0,0.0,11225.240000000002,2920.16758,0.7780000000002474,3636.82959,0.03999999999996362,4340.03873,317.72226000000046,4446.814399999999,500.4665900000009
11,1113,LOJA,ZAPOTILLO,0.0993187638696878,565.421722710133,243.02,25858.48,258.97,29583.609999999997,242.05,28990.1,38183.48697,28.505890000000363,36959.53924,1.3926900000005844,37485.36173,746.0016400000022,43527.14645,1345.2143399999986
11,1115,LOJA,QUILANGA,0.142719599058855,158.989633351564,0.0,7016.58,0.05,8063.38,73.49,7594.839999999999,4276.429649999999,0.0,4709.03813,0.1000000000003638,3401.2150799999995,7015.34562,4235.61801,33.25665000000026
11,1116,LOJA,OLMEDO,0.360474966961247,189.970307588577,0.0,5724.22,0.0,6632.2,0.0,5545.87,1286.65855,0.0,1218.7005399999998,0.0,1182.75516,12.965920000000096,1188.65884,12.1721
12,1201,LOS RIOS,BABAHOYO,0.687968944949646,3496.2581782341,26.05,620033.45,27.16,699407.4099999999,25.1,729390.1,663291.63254,10448.290819999995,692556.2167499999,7340.874940000125,786541.8773099999,29824.59089000011,824976.28746,69674.53625999996
12,1202,LOS RIOS,BABA,0.236760587076354,575.564987182617,0.0,161365.71,0.0,183382.29,0.0,220665.59,94546.93278,930.2904899999994,105867.89130999999,139.59383000001253,132304.8925,1190.2110500000126,143209.52886000002,1452.4082299999718
12,1203,LOS RIOS,MONTALVO,0.0304964722254697,51.8440027832985,428.87,95123.62000000002,485.22,100249.73999999998,472.28,110146.85,102602.3047,442.782280000014,101483.74122,447.9457800000091,164595.51907,1380.1789299999946,173657.8685,5227.3639099999855
12,1204,LOS RIOS,PUEBLOVIEJO,0.363549730406258,569.3188778162,0.0,201608.46,0.0,246121.04,0.0,243496.28999999998,216212.07389,2769.854549999989,234600.96311,5253.807609999989,263411.2379,11514.626709999982,273914.24687000003,16640.65744999994
12,1205,LOS RIOS,QUEVEDO,4.12513352021429,5882.44039982557,6.19,777337.6900000001,6.45,848281.9900000003,5.7,956275.1099999999,1255244.9484299999,109859.59073000029,1242899.1842500002,155149.10755999968,1368302.43047,248812.50101,1607358.056,328731.1543299998
12,1206,LOS RIOS,URDANETA,0.231172671873736,409.637974560261,0.0,97972.07,0.0,101816.06000000003,0.0,125281.52,66908.32197,17042.109760000007,72542.94954,19505.095260000002,106831.5279,36287.075410000005,126915.56554,43766.133870000005
12,1207,LOS RIOS,VENTANAS,0.453605118581062,1126.75511455536,3.56,236923.2,0.0,267986.32,0.0,302466.79,444242.82019999996,42621.586630000034,441938.4141899999,48191.383030000085,581319.81316,117315.22678000003,575743.65595,160171.44475999998
12,1208,LOS RIOS,VINCES,0.446579630552657,1449.59748077393,0.0,222984.24000000002,0.0,240595.59999999992,0.0,265525.32999999996,193304.52128,38432.5386,206109.66160000002,40564.62422999999,187089.58744,43534.719170000026,211824.86416,50962.894420000026
12,1209,LOS RIOS,PALENQUE,0.124201070440829,338.820520162582,0.0,74207.64000000001,0.0,87720.65000000001,0.0,113682.26999999999,34742.25168,176.65268999999535,33432.98028,14.927569999999832,47884.72979,608.4894600000043,53388.86604,1201.4450700000016
12,1210,LOS RIOS,BUENA FE,0.555746358746408,1519.41054481268,0.0,329917.81999999995,0.0,345820.38999999996,0.0,394954.21,259678.50451000003,27311.306729999982,296027.84724,31748.629520000017,399177.79201999994,35246.87955000007,505002.20032999996,41725.53251000011
12,1211,LOS RIOS,VALENCIA,0.199421889879839,913.152833759785,0.0,332330.94999999995,0.0,368533.66000000003,0.0,449110.89,194822.24532000002,14390.079569999973,227615.58837999997,14131.83030000003,282145.85115,24526.889320000017,343782.90528,30687.03641999996
12,1212,LOS RIOS,MOCACHE,0.268738983767849,711.889568001032,0.0,182928.65,0.0,234532.93,0.0,275189.72000000003,189995.71338,87.77175999997417,195825.54013,895.2545099999697,274046.75553,1896.678899999999,304918.0173,6398.691679999989
12,1213,LOS RIOS,QUINSALOMA,0.128103077277508,170.761402010918,0.0,157385.88000000003,0.0,159409.14,0.0,193556.58000000005,89480.43818,23564.81296000001,109643.27662000002,23243.498179999966,224342.01236,122942.10378,220121.13946,100187.00076
13,1301,MANABI,PORTOVIEJO,3.14745991648301,14195.0442233384,105.94,1092162.54,158.89,1244599.4700000002,170.32,1349166.2700000003,1472481.1606100001,52010.046069999924,1672028.7814200001,42876.57633999991,1509498.54447,99562.7698799998,1653062.697,143844.26029000012
13,1302,MANABI,BOLIVAR,0.35276445841485,884.733261704445,0.0,79093.08,0.0,84073.42,0.0,71757.81000000001,77889.33867,1631.8673500000004,90497.16718,1019.0536100000027,89938.63511000002,2788.7444399999804,108351.20207,4855.690199999997
13,1303,MANABI,CHONE,0.143167855723777,2050.16369396448,0.0,242456.74000000002,0.0,260594.49000000005,6.73,259416.94,288570.10775,1801.1140499999747,301603.49737999996,493.97007999999914,355128.33629,2057.3824700000114,420684.57443,2252.6036399999866
13,1304,MANABI,EL CARMEN,0.4392670389465,2599.58233648539,1.99,344103.54000000004,2.12,376882.95999999996,1.19,430601.92000000004,452797.99619000003,97675.32002000004,566310.3549500001,128663.11902999994,673499.1845299999,174048.51720000012,879726.27365,272605.05285
13,1305,MANABI,FLAVIO ALFARO,0.0579767252724446,365.833136469126,0.0,37310.8,0.0,43299.380000000005,0.0,49291.259999999995,28276.079350000004,203.4805299999971,31854.65847,21.452300000000832,36107.59776,559.8450100000045,44942.798800000004,868.8431199999977
13,1306,MANABI,JIPIJAPA,0.22147859030904,1524.43713709712,0.0,130260.49,0.0,141342.64,0.0,119613.86000000002,88863.7829,220.04884999999194,88646.68725,302.55637999999453,79755.95137,4922.436449999994,91776.4055,4279.911650000009
13,1307,MANABI,JUNIN,0.265627658531868,307.596828579903,0.0,37910.530000000006,0.0,42506.14,0.0,49024.6,133578.01417,25.139989999996033,162700.34404,13.47956000000704,181789.18312,305.95928000001004,198927.94044,1277.0881200000003
13,1308,MANABI,MANTA,6.93483561143717,9431.37643155456,167.97,1767336.1500000001,180.94,1866882.2800000003,232.25,2022369.49,2415854.10168,525710.7308500004,2558771.1320200004,638121.9845499997,2586142.14279,700769.27936,2862568.98301,770176.5778999999
13,1309,MANABI,MONTECRISTI,1.55602602126959,5474.09954282641,5228.01,689981.1299999998,6136.99,660039.4099999998,5511.45,745248.7600000001,1267974.05568,660348.5546299999,1225513.68975,595464.13008,1208684.37358,735752.5551700001,1282368.9431200002,822795.4960199997
13,1310,MANABI,PAJAN,0.251670080618684,1282.51073083282,0.0,62229.78999999999,0.0,63133.380000000005,0.0,68164.43999999999,51685.71821,16.031409999995958,45399.03233,344.5271300000022,45101.74514,857.1303200000038,48453.95461000001,1131.9493999999904
13,1311,MANABI,PICHINCHA,0.0560887441562712,282.519004315138,0.0,61759.24,0.0,65164.6,0.0,80812.15000000002,41556.424490000005,4316.081049999993,48928.355319999995,10035.026180000008,74741.77655,41381.86148000001,91632.02444000001,84117.98875999998
13,1312,MANABI,ROCAFUERTE,1.6316247782795,2126.00708609819,0.0,55304.020000000004,0.0,58416.810000000005,0.0,59605.17,72934.81196,436.0524299999961,79546.65400000001,198.25516999998945,73183.25528,1345.618300000002,86896.86076,1851.7467000000033
13,1313,MANABI,SANTA ANA,0.205342667155625,987.287543684244,0.0,72163.26,0.7,77162.34,0.67,74096.27,88885.98991000002,157.85946999998123,97269.48284,11.034289999995963,115925.03551999999,3724.370450000002,139948.88736,5296.9480400000175
13,1314,MANABI,SUCRE,0.449864126081232,1425.61941555142,567.68,148294.3,649.56,162825.18000000002,689.97,190086.1,142305.257,177459.63680999997,132896.7155,170723.90468000004,123310.56062999998,181071.54675000004,160301.27726,153555.97673
13,1315,MANABI,TOSAGUA,0.768802217326381,1353.09190249443,0.0,87979.41,0.0,92077.68,0.0,104738.49999999999,172353.26288,163.38026000000536,177192.7042,413.8631699999969,166853.57939,3715.1281000000017,196339.6015,5614.791180000029
13,1316,MANABI,24 DE MAYO,0.238985534645405,588.382386296988,0.0,27291.32,0.0,31085.53,0.0,34578.350000000006,22185.851020000002,90.01859999999942,18913.31659,28.301610000002256,23637.12667,328.49041999999827,31145.66818,571.6008999999976
13,1317,MANABI,PEDERNALES,0.109557606899336,975.062701404095,0.0,190686.31999999995,0.07,200178.64999999994,0.07,194048.50000000003,245002.22553999998,1797.3634400000155,197795.40998,32379.47821,191826.20831999998,8070.865320000012,262227.72771999997,42519.735190000036
13,1318,MANABI,OLMEDO,0.191693254800634,227.539893448353,0.0,13049.79,0.0,13484.96,0.0,15585.62,10358.182030000002,177.88084999999955,9964.61301,93.99839000000065,11503.035310000001,537.16158,13531.09161,675.1104199999991
13,1319,MANABI,PUERTO LOPEZ,0.20995300786591,423.47521686554,0.0,37352.66,0.0,40067.85,0.0,48670.04,38456.33651,2073.462999999996,41931.01594,4245.307770000007,39878.231719999996,5673.64544,38848.25583000001,5461.428439999996
13,1320,MANABI,JAMA,0.118329555291274,320.554765284061,0.0,26234.760000000002,0.0,31256.05,0.0,32461.3,39230.299960000004,37.969399999994494,33666.64249,71.04989000000205,33145.821359999994,161.02216000000772,37561.82698,414.6857200000086
13,1321,MANABI,JARAMIJO,4.98055518536191,2271.13316452503,0.0,253847.37000000002,0.0,287278.86,0.0,325801.48000000004,471340.06534000003,452321.5800599999,437118.27044,431964.00619,454522.03698,612371.4750799999,548271.85097,718025.3363599998
13,1322,MANABI,SAN VICENTE,0.190855008971788,634.211194813251,0.0,33808.37,0.0,37834.32,0.0,45518.9,47663.18596,59.33817999999883,53922.24991,54.70567000000301,48822.59525,483.14945000000444,65110.59646000001,780.1096599999946
14,1401,MORONA SANTIAGO,MORONA,0.0971839154844478,2115.30510443449,0.62,157233.58,0.71,172342.49000000002,15.24,175048.72000000003,161476.84874000002,177.3901499999629,166702.89872,272.8436900000088,164346.37399,3331.6450100000075,194261.7902,5379.146600000036
14,1402,MORONA SANTIAGO,GUALAQUIZA,0.0654073254241421,670.94834420085,46.51,54130.24999999999,75.32,58807.91999999999,87.53,61221.17999999999,52048.72268,41.85928000000422,53165.38725,181.34511000000202,53356.97496,1411.4544800000003,65358.77877,2989.844400000009
14,1403,MORONA SANTIAGO,LIMON INDANZA,0.0722777101468413,610.674373030663,2081.74,23542.340000000004,2899.08,26862.75,3455.08,29669.729999999996,23651.92978,75.45720000000074,26917.221660000003,209.2032999999974,25811.760270000002,749.2895499999977,31230.3875,1141.575679999998
14,1404,MORONA SANTIAGO,PALORA,0.0795287294195838,542.226877182722,31.97,53816.38999999999,27.47,56863.17999999999,26.01,55018.45,34589.99159,10143.46989,47318.402420000006,7155.400519999988,43059.80025,9455.500999999997,49201.21872999999,13811.549340000005
14,1405,MORONA SANTIAGO,SANTIAGO,0.0776847388743635,515.205188214779,623.56,35697.72,959.02,35855.920000000006,1311.8,31226.38,16942.55264,0.832219999996596,19130.48818,58.99633000000176,18935.71133,309.4078800000025,20183.77215,504.00622999999905
14,1406,MORONA SANTIAGO,SUCUA,0.237374469270777,992.462656021118,0.0,55924.840000000004,17.22,60588.17,17.38,68980.87,57211.17007,326.9604799999943,61899.88707000001,1657.393929999991,63035.55127,1879.7421199999953,73102.91784,3435.9095300000045
14,1407,MORONA SANTIAGO,HUAMBOYA,0.0722926395499055,224.830109000206,0.0,16350.179999999998,0.0,18298.050000000003,0.0,19686.179999999997,7062.2371299999995,15.0,4709.51426,0.0,5648.661360000001,124.93208999999933,8430.93858,458.1798000000017
14,1408,MORONA SANTIAGO,SAN JUAN BOSCO,0.057349383685647,282.158967733383,133.06,13173.59,164.44,13491.07,154.53,14769.979999999998,4713.9439999999995,0.2500000000009095,5429.64512,7.77599999999984,4732.7055,40.54924000000028,5587.87881,67.7802300000003
14,1409,MORONA SANTIAGO,TAISHA,0.0113116975737424,325.279175430536,0.0,34290.229999999996,0.0,39689.95,0.0,48826.89,7086.20427,17.343229999999494,8238.39133,34.092679999999746,14676.66774,140.62312999999813,14368.998479999998,449.60064000000057
14,1410,MORONA SANTIAGO,LOGRONO,0.0311673741408956,170.766042917967,0.0,13415.7,0.0,16467.85,0.0,20133.280000000002,7603.10462,0.2326199999997698,7018.40059,3.009999999999309,7424.157950000001,148.30369999999948,8680.309860000001,118.87469999999848
14,1411,MORONA SANTIAGO,PABLO SEXTO,0.0928667748911066,601.590967744589,0.0,8689.61,0.0,9153.189999999999,0.0,10171.190000000002,4142.065170000001,0.019999999999527063,4669.92001,0.16000999999960186,3264.9685600000003,185.42664999999988,2905.64023,465.65277000000015
14,1412,MORONA SANTIAGO,TIWINTZA,0.0301235496280229,165.137299060822,0.0,14897.420000000002,0.0,18280.780000000002,0.0,18799.27,4363.33761,0.8710900000005495,4934.834160000001,0.5779999999986103,6737.99871,104.7548399999996,7844.45671,162.04483999999957
19,1901,ZAMORA CHINCHIPE,ZAMORA,0.120685923862993,1074.10472238064,4545.88,120940.54999999997,6110.61,114184.77999999998,8000.99,105900.65,114812.37346,7888.946660000001,131538.20207,9179.682180000003,161479.62264999998,21437.352570000017,211175.92268000002,20869.318180000002
19,1902,ZAMORA CHINCHIPE,CHINCHIPE,0.0440831562740885,237.96087756753,354.14,20379.29,434.63,23278.56,501.99,26250.019999999997,13281.957699999999,8.954180000002452,17404.03642,4.152760000000853,21606.307319999996,173.12633000000278,27728.577009999997,355.94910000000164
19,1903,ZAMORA CHINCHIPE,NANGARITZA,0.0148883357570196,141.126534640789,1667.98,14255.2,2191.46,15415.330000000002,2140.91,19229.280000000002,5833.17108,47.24270999999953,6159.954309999999,20.241400000000795,6588.489689999999,593.530850000001,15100.266780000002,514.3316399999985
19,1904,ZAMORA CHINCHIPE,YACUAMBI,0.0200772317673298,117.953736633062,24.83,12345.640000000001,38.31,11875.19,28.6,15710.819999999998,2906.88717,3.104030000000421,3297.4147700000003,1.9999999494757503e-05,4001.16818,59.636569999999665,6239.14073,382.0093200000001
19,1905,ZAMORA CHINCHIPE,YANTZAZA,0.246850788925683,1173.03494897485,286203.67,124039.04000000004,416915.07,140755.83000000002,457718.1,160443.8300000002,189167.29615,810028.8769400001,221888.77237000002,899627.04864,261448.56839,1218239.8305300002,347132.03583,1799503.1291399999
19,1906,ZAMORA CHINCHIPE,EL PANGUI,0.27898370332206,826.349729239941,608315.46,65378.33999999997,749130.44,101504.8999999999,701506.46,118092.10999999999,214026.62618000002,1055939.4348999998,330843.17504,1169982.06628,429046.36535,1120576.4951300002,485258.35998,1554287.30712
19,1907,ZAMORA CHINCHIPE,CENTINELA DEL CONDOR,0.279599450794714,344.466523379087,326.82,19371.64,397.66,18080.139999999996,412.8,21282.17,12248.308340000001,150.3480699999982,14396.367909999999,45.17711000000054,13996.73353,679.1100800000004,19474.31634,778.3249099999994
19,1908,ZAMORA CHINCHIPE,PALANDA,0.0203152257040205,189.927045106888,38.39,19647.879999999997,51.16,20122.239999999998,164.58,25603.219999999994,8494.5859,7.288749999999709,11085.29008,4.5552499999994325,13014.233909999999,116.9404599999998,19923.233570000004,204.87365999999747
19,1909,ZAMORA CHINCHIPE,PAQUISHA,0.078136998220549,124.550375163555,1251.63,13812.650000000001,2204.45,15292.71,2304.46,18490.62,12726.894709999999,7.252550000001065,14507.991259999999,86.46678000000065,21699.43052,82.73782999999821,34928.98839,462.05679000000237
24,2401,SANTA ELENA,SANTA ELENA,0.425529265236549,7175.27447041869,25820.65,388617.84,27551.23,406191.62,6758.52,449493.29000000004,632585.13871,23329.512990000076,655750.85216,18026.549430000014,657157.8596600001,39782.98321999994,725329.88752,36516.71496000001
24,2403,SANTA ELENA,SALINAS,7.30012668803067,2438.24231380224,190.65,230273.92000000004,187.75,252243.03999999998,193.54,274494.22000000003,318329.76951,16572.235979999998,335030.07152999996,13858.657650000066,305097.67063,25365.49265999999,338512.08725000004,24700.070379999932
01,0104,AZUAY,NABON,0.408389111480328,1212.91566109657,111.39,25793.090000000007,107.62,22926.100000000002,83.28,31110.940000000006,18882.81829,1.6292200000025332,16435.15464,6.404019999998127,16368.18664,74.91791999999987,19544.6751,161.48809000000256
20,2001,GALAPAGOS,SAN CRISTOBAL,0.114828478058035,442.778611391783,0.0,57586.829999999994,0.0,64438.14,0.0,66059.68,124022.80814000001,3117.465819999983,139195.41314000002,1307.4869899999758,155177.34206,2342.011510000011,167806.83438999997,1790.5297300000384
20,2003,GALAPAGOS,SANTA CRUZ,0.0482404728249477,408.452083408833,0.0,167727.13999999998,0.0,188754.94,0.0,203821.40000000002,398686.58397,6198.962179999973,475106.02108999994,3878.8987200000556,476150.67189,8082.367440000002,543756.20567,10201.422389999847
20,2002,GALAPAGOS,ISABELA,0.0047643052946509,119.48401248455,0.0,23191.17,0.0,26088.47,0.0,26740.959999999995,19807.6769,325.0522600000004,26319.69119,621.7363799999985,26450.712400000004,583.1111199999941,27446.580360000004,479.8023599999942
24,2402,SANTA ELENA,LA LIBERTAD,19.5878227383403,2311.36308312416,89017.69,462857.5899999999,85092.94,642534.1199999999,65285.1,730124.7200000002,455816.37226,5969.71007000003,472636.3166,3612.0145499999635,466130.61407000007,15937.621809999924,509930.07156,19871.368079999986
11,1114,LOJA,PINDAL,0.24342956597727,230.527798980474,8.89,31718.960000000003,9.16,32471.02,7.02,30102.329999999994,51113.9676,38.90422999999282,36864.552930000005,19.941139999995357,45111.63652,534.8299599999955,49636.770710000004,594.4851699999999
07,0702,EL ORO,ARENILLAS,0.473015048722658,1786.10482397676,0.0,89812.71,0.01,91771.06,0.01,105476.24,125426.74883,1.8660100000124658,118238.10836000001,888.1941899999802,125570.30979,3707.936449999994,145483.32698,5298.205379999999
07,0707,EL ORO,HUAQUILLAS,5.40815902420798,1600.81507116556,197.63,173607.96000000002,201.91,177153.02,129.42,161546.51,439105.36370999995,3082.922430000035,431219.23465999996,2746.182310000062,413489.72096999997,8585.80131000001,580905.60165,10172.760660000029
