DPA_VALOR;DPA_ANIO;DPA_CANTON;DPA_DESCAN;DPA_PROVIN;DPA_DESPRO;ventas_2022;exportaciones_2022;ventas_2023;exportaciones_2023;ventas_2024;exportaciones_2024;ventas_2025;exportaciones_2025;vabPetrolero_2022;vabNoPetrolero_2022;vabPetrolero_2023;vabNoPetrolero_2023;vabPetrolero_2024;vabNoPetrolero_2024;lum_mean_2022;lum_sum_2022;pop_2022;pop_2024;log_ventas_2024;log_exportaciones_2024;log_lum_sum;log_vabNoPetrolero_2024;ventas_pc_2022;log_ventas_pc_2022;ventas_pc_2024;log_ventas_pc_2024
0;2012;201;GUARANDA;2;BOLIVAR;147675077;1307873;161695288.9;4729338.8;200357829.8;17582345.36;218042609.4;12488494.91;215475.32;215465.11;216309.12;216296.77;221451.81;221435.66;0.369489488;3400.78125;101309;100508;19.11561548;16.68240591;8.13205447;12.30789187;1457.669871;7.285280252;1993.451564;7.598124386
0;2012;202;CHILLANES;2;BOLIVAR;14323859.63;96123.29;14610631.93;62930.38;19345254.88;148491;23069353.86;221185.77;48665.18;48659.02;47154.35;47144.3;62586.3;62577.57;0.103410325;340.4267883;20201;20223;16.77795777;11.90828636;5.833133273;11.04417817;709.0668596;6.565359134;956.5966909;6.864426699
0;2012;203;CHIMBO;2;BOLIVAR;49020434.97;4172.68;51717307.52;1137.15;53088388.64;10559.22;58005226.51;222081.82;36415.02;36415.02;37653.32;37653.32;48080.22;48080.22;0.641393367;869.0880127;15987;15659;17.78746881;9.26484939;6.768594371;10.78064694;3066.268529;8.028542715;3390.279624;8.1289626
0;2012;204;ECHEANDIA;2;BOLIVAR;26658843.4;16635.08;36684127.09;156606.11;43633101.25;29008.43;50597040.85;93108.09;22450.75;22450.75;22652.71;22652.71;31935.3;31935.3;0.145292534;172.7528229;15346;15434;17.59132665;10.27537623;5.157633731;10.37149857;1737.185156;7.460596834;2827.076665;7.947352136
0;2012;205;SAN MIGUEL;2;BOLIVAR;32850488.31;22163.71;43550426.99;11659.77;31238277.13;1399743.63;32981104.37;1937334.88;65380.7;65214.43;71443.4;71236.23;104179.91;103928.06;0.387609758;1118.25415;29143;28860;17.25715476;14.15180037;7.020417805;11.55146383;1127.217113;7.028393889;1082.407385;6.98786634
0;2012;206;CALUMA;2;BOLIVAR;52401094.05;168585.83;60665604.71;103904.58;76242768.61;1689098.38;86023849.98;1527211.13;39148.64;39148.64;41933.33;41933.33;52652.33;52652.33;0.176900276;167.7014618;16337;16429;18.14943314;14.33970603;5.128130655;10.87148476;3207.510195;8.073561995;4640.743113;8.442845246
0;2012;207;LAS NAVES;2;BOLIVAR;17862198.35;15817.29;26997811.6;903.96;52833328.38;13586.59;46728661;46202.9;46582.62;45825.24;62157.41;61326.88;105475.01;104740.64;0.19128858;153.2221527;7221;7297;17.78265279;9.516912155;5.038394113;11.55925203;2473.646081;7.813852667;7240.417758;8.887572289
0;2012;401;TULCAN;4;CARCHI;451751044.6;5673433.27;493190729.3;5889265.12;516422695.1;16591125.81;584940453.8;25608295.45;321587.48;321576.64;290062.41;289957.15;312219.97;311930.75;0.471633634;4290.451172;96812;95422;20.06243617;16.62437858;8.364380223;12.65053969;4666.271171;8.448329848;5411.98775;8.596556484
0;2012;402;BOLIVAR;4;CARCHI;15134450.51;9328064.12;16779031.86;10862318.93;16510975.37;15844226.99;18549712.24;18742819.65;69675.41;69623.29;54354.37;54014.06;59416.84;58686.31;0.695715954;1256.463013;16476;16366;16.61953595;16.57831583;7.136851488;10.9799788;918.5755347;6.823912188;1008.858326;6.917565329
0;2012;403;ESPEJO;4;CARCHI;24539351.75;10430916.24;27773272.22;11966583.83;28224755.41;13680577.83;30248189.48;16135021.63;48884.05;48884.05;43319.53;43319.53;51954.54;51954.15;0.38364185;1080.335449;14933;14669;17.15571004;16.43148778;6.985952083;10.85813613;1643.296843;7.40506812;1924.109033;7.562737886
0;2012;404;MIRA;4;CARCHI;12397940.38;5448608.07;12157612.5;7632869.25;17448091.46;9692551.02;13952349.84;11041147.3;30221.59;30221.59;28490.98;28486.94;31142.01;31133.6;0.393224097;1189.896118;13193;12935;16.67474089;16.08686832;7.082461343;10.34607502;939.7362526;6.846662816;1348.905409;7.207789801
0;2012;405;MONTUFAR;4;CARCHI;102486614.9;370306.23;105679106.3;490164.03;113123766.4;722107.12;126964666.3;1129859.31;112626.35;112626.35;106713.37;106713.37;106737.55;106737.55;0.999452057;1954.928223;31211;30427;18.54399306;13.48993016;7.578620154;11.57813767;3283.669696;8.097021377;3717.874466;8.221176339
0;2012;406;SAN PEDRO DE HUACA;4;CARCHI;30942381.69;31078.32;31377378.66;1.050000001;38512207.09;29798.66;43587574.14;56059.81;17058.1;17058.1;18712.85;18712.85;19183.19;19183.19;1.527495179;603.3605957;8151;7994;17.46648584;10.30225226;6.404171033;9.861841781;3796.145466;8.24200487;4817.639116;8.480246826
0;2012;501;LATACUNGA;5;COTOPAXI;1240400977;275548049.4;1323217629;285751396.9;1316787524;341634255.8;1481279147;378844465.7;1105092.93;1103927.76;1189225.46;1187736.23;1220777.21;1218816.08;1.490932802;10139.83398;221033;227737;20.99846091;19.6492513;9.224325521;14.01339134;5611.836137;8.632811421;5782.053528;8.662687114
0;2012;502;LA MANA;5;COTOPAXI;205163793.6;2716359.52;233832870.4;1752049.95;263976003.3;4588980.03;290124928.2;7215459.21;170679.08;170354.35;178661.23;178144.87;207482.67;206509.69;0.148257001;491.1754456;55421;57161;19.39136876;15.33916856;6.19883525;12.23810746;3701.914322;8.216875443;4618.113807;8.437958149
0;2012;503;PANGUA;5;COTOPAXI;31829002.45;60766.73;38508399.58;19282.13;53195320.65;292500.17;62574711.24;384009.97;58758.29;58758.29;53856.81;53856.54;62263.34;62263.03;0.046139129;165.5471954;22380;22602;17.78948101;12.58622395;5.115278725;11.03913917;1422.207437;7.260668362;2353.56697;7.764112113
0;2012;504;PUJILI;5;COTOPAXI;74262914.66;2419187.12;77247456.6;3069446.52;85607817.94;4553241.14;91511466.95;7547458.13;122971.95;122971.95;111360.68;111360.68;108708.89;108708.89;0.387157091;2481.289795;68780;68420;18.26528718;15.3313501;7.816936718;11.59643805;1079.7167;6.985379712;1251.210435;7.132665616
0;2012;505;SALCEDO;5;COTOPAXI;274585258;12767657.04;309905053.1;13879137.36;321136490;18277494.92;355221420;25024471.77;150957.47;150912;164990.31;164924;174768.5;174665.23;1.177726816;2929.006592;68671;69816;19.5873768;16.72118113;7.982759952;12.07063217;3998.562101;8.293940159;4599.754928;8.433975684
0;2012;506;SAQUISILI;5;COTOPAXI;67846213.67;1960204.17;72569322.85;2058165.91;72754219.65;3587696.88;80820309.03;4953009.16;45755.93;45755.93;44008.25;44008.25;50645.91;50645.91;1.069934995;1144.830444;24974;24838;18.10259748;15.0930213;7.043884932;10.8326335;2716.673888;7.907531605;2929.149676;7.982808785
0;2012;507;SIGCHOS;5;COTOPAXI;16823417.41;94420.28;22360751.78;30110.69;22070547.25;35800.14;22665953.32;160373.78;25968.4;25841.93;24190.86;24028.19;27292.16;27044.13;0.089288848;592.2529297;19011;18573;16.90975462;10.48573502;6.385620834;10.20526223;884.9306933;6.786638723;1188.313533;7.081131557
0;2012;601;RIOBAMBA;6;CHIMBORAZO;1420733113;8878568.11;1504333151;8564597.49;1355685322;151793937.5;1464381639;218946686.5;971819.18;970304.19;964545.5;962801.79;922674.4;921144.25;1.915141591;9558.47168;271039;272179;21.02757294;18.83803449;9.165287741;13.73337301;5241.803256;8.564611607;4980.85937;8.513558468
0;2012;602;ALAUSI;6;CHIMBORAZO;33316582.6;134131.52;34719612.65;42856.1;35430601.01;840961.3;44047977.61;1615590.18;61061.37;61041.97;54569.33;54546.72;62312.84;62296.75;0.185723492;1518.289551;39950;38530;17.38308647;13.64230211;7.325998104;11.03968059;833.9570113;6.72738024;919.5588116;6.82498089
0;2012;603;COLTA;6;CHIMBORAZO;16273559.01;120822.81;18930709.03;140450.91;21872257.68;332394.86;27624193.28;536398.62;58247.02;58216.71;55488.11;55451.77;59444.69;59421.15;0.426285681;1759.281006;32354;30603;16.90072966;12.71408189;7.473228738;10.99242233;502.9844535;6.222545421;714.7095932;6.573274489
0;2012;604;CHAMBO;6;CHIMBORAZO;26153054.96;29508.05;28700701.67;12927.14;29297672.2;642479.43;37765965.34;725096.53;30913.58;30894.44;30737.25;30715.55;35304.44;35291.14;0.950154012;822.833374;13754;13790;17.19301866;13.37309164;6.713968293;10.47141556;1901.487201;7.550917362;2124.55926;7.661790228
0;2012;605;CHUNCHI;6;CHIMBORAZO;11180697.2;2509.87;11385304.27;47500.47;11452568.05;485185.53;12186230.88;722434.51;21922.65;21922.65;18973.43;18973.43;21063.05;21054.26;0.600260025;840.9642944;11437;10951;16.25372463;13.09228869;6.735737608;9.954905689;977.5900324;6.886112793;1045.801119;6.953494239
0;2012;606;GUAMOTE;6;CHIMBORAZO;24826615.61;83854.87;28966670.05;159285.04;33114414.01;2042020.75;37916977.95;3504721.34;53637.38;53637.38;50044.64;50043.11;58570.46;58566.38;0.236608065;1419.175171;38517;36664;17.31547924;14.52945093;7.258535503;10.97793317;644.5625467;6.470122102;903.1860684;6.807035167
0;2012;607;GUANO;6;CHIMBORAZO;60196342.16;426106.97;67313982.61;346938.58;64795133.01;1499715.1;78539981.43;1727894.37;91840.5;91441.93;78708.86;78275.68;83051.03;82767.51;1.363625745;3158.157227;49365;49466;17.98674107;14.22078638;8.058060571;11.32380295;1219.413393;7.106944927;1309.89231;7.178463337
0;2012;608;PALLATANGA;6;CHIMBORAZO;20679197.68;59426.47;24024447.45;55379.82;22462624.74;425928.01;27979347.7;662533.96;36961.68;36961.68;34701.77;34701.77;32868.39;32868.39;0.212161335;405.2281494;12350;12202;16.92736341;12.96202797;6.006914946;10.40029711;1674.428962;7.423824508;1840.896963;7.518551278
0;2012;609;PENIPE;6;CHIMBORAZO;12369370.68;8424.11;16083099.02;166.07;16890778.37;1223479.55;19804154.76;2004287.26;29267.6;29204.1;24562.97;24495.35;30652.58;30608.84;0.266534447;489.6237793;7062;6957;16.64227843;14.01721026;6.1956776;10.3290768;1751.53932;7.468821055;2427.882474;7.795186543
0;2012;610;CUMANDA;6;CHIMBORAZO;55508639.02;38365.78;55875018.65;79271.53;63430075.21;893533.24;65132653.13;1244211.3;31825.04;31795.22;32099.53;32068.25;33379.68;33359.45;0.265940473;228.1769257;17256;17515;17.9654487;13.70293993;5.434494306;10.41512635;3216.773239;8.076444859;3621.471608;8.194911836
0;2012;801;ESMERALDAS;8;ESMERALDAS;1367201834;16461092.81;1774777374;14391527.69;1579927989;26894861.65;1379218652;36656371.65;1134167.34;1134095.79;1030960.5;1030907.85;1091261.29;1091202.6;1.513742769;10008.86719;229442;231097;21.18064511;17.10744585;9.211326604;13.90279187;5958.812398;8.692794283;6836.644303;8.830198551
0;2012;802;ELOY ALFARO;8;ESMERALDAS;49892237.42;73682.45;54309172.72;65470.66;79737222.2;1095954.85;99048119.1;1508494.86;65381.97;65381.97;76614.02;76614.02;94221.83;94221.83;0.020563865;425.3635559;50860;51603;18.19424708;13.90713746;6.0552924;11.45341779;980.9720295;6.889562825;1545.205166;7.343558928
0;2012;803;MUISNE;8;ESMERALDAS;29778656.62;68135.13;30092147.6;121241.63;42966439.21;264379.42;63529780.82;424915.76;53118.71;53118.71;57326.35;57326.35;71345.51;71345.51;0.054285191;333.3653564;37640;38495;17.57592991;12.48514433;5.812234277;11.17530371;791.143906;6.674743075;1116.156363;7.018541774
0;2012;804;QUININDE;8;ESMERALDAS;448211608.6;25744371.9;502209994.9;22751364.56;962847732;29911814.95;1109695989;77231055.78;313975.44;313532.45;368055.17;367514.35;467037.11;466442.96;0.174308162;3262.351563;134311;134059;20.68540584;17.21376414;8.090510033;13.05289316;3337.117649;8.113162349;7182.268494;8.87950978
0;2012;805;SAN LORENZO;8;ESMERALDAS;92335354.57;11604625.52;89244455.61;7409493.16;97526394.24;17814928.15;103740576.1;14419355.39;134221.06;134190.72;164986.68;164953.88;218241.83;218213.44;0.067285619;998.5858765;53655;54902;18.39563362;16.69554738;6.90734107;12.29323353;1720.908668;7.451188645;1776.372341;7.482891339
0;2012;806;ATACAMES;8;ESMERALDAS;69689418.28;1407884.74;67477058.01;784753.92;77683147.54;3129731.33;101014747.9;3839958.4;85339.01;85339.01;88068.38;88068.38;85032.81;85032.81;1.267434086;3239.561523;54415;55418;18.16814891;14.95645804;8.083501903;11.35080422;1280.702348;7.155944433;1401.767432;7.246202301
0;2012;807;RIOVERDE;8;ESMERALDAS;51465859.79;3321090.48;47997006.25;1704647.94;98573971.31;4302385.31;118286172.6;1521426.46;39515.76;39515.76;46757.81;46757.81;59425.53;59425.53;0.113460467;835.1824951;35351;36052;18.40631781;15.27468038;6.728846885;10.99249604;1455.853011;7.284033916;2734.216446;7.913965851
0;2012;1001;IBARRA;10;IMBABURA;1339122413;8610387.41;1436370776;10189721.83;1354899765;29388644.02;1466673013;41385444.28;840817.47;838565.17;910731.63;907896.92;913163.2;910891.45;2.035818848;11296.75879;223545;228403;21.02699331;17.19611893;9.332359648;13.72218011;5990.393042;8.698079225;5932.057656;8.688294984
0;2012;1002;ANTONIO ANTE;10;IMBABURA;207127042.6;4069160.99;212994938.3;4900039.49;195885575.8;11133361.89;203385176.6;15312600.08;122957.82;122932.17;132011.39;131972.99;122226.86;122181.67;6.556882633;3003.052246;54513;55989;19.09304125;16.22545682;8.007717405;11.7132725;3799.589871;8.242911563;3498.643944;8.160416512
0;2012;1003;COTACACHI;10;IMBABURA;73243320.2;46822034.41;80108623.13;50420646.26;92067612.63;57092487.09;106012885.8;62363394.09;149703.53;146113.83;157980.49;154136.53;149895.77;147290.44;0.342301566;2831.518555;55125;56225;18.3380338;17.86018311;7.948921544;11.90016849;1328.67701;7.192691342;1637.485329;7.401527514
0;2012;1004;OTAVALO;10;IMBABURA;332916755.2;12626231.58;370086184.9;10674152.47;323158041.2;31261239.04;356395061.6;38707305.48;348217.98;337258.4;367955.37;354258.13;369075.13;357715.94;2.410652881;6202.609863;120237;120764;19.59365206;17.25788955;8.732886638;12.78749728;2768.837839;7.926544056;2675.946815;7.892432176
0;2012;1005;PIMAMPIRO;10;IMBABURA;13887860.2;85138.7;18262451.33;8421.72;21792579.06;18441.66;23447657.83;137375.57;21792.18;21792.18;19371.75;19371.75;20075.53;20075.53;0.462483568;1023.476135;14181;14155;16.89708011;9.822421738;6.931936673;9.90730675;979.3286933;6.887887917;1539.567578;7.339906184
0;2012;1006;SAN MIGUEL DE URCUQUI;10;IMBABURA;27096264.28;4784798.78;29646792.61;6550019.12;28665445.46;9045433.8;40374928.6;8193710.6;46576.79;46442.32;43266.05;43103.36;31973.6;31856.03;0.430846145;1645.832275;18312;18499;17.171203;16.01777075;7.406608889;10.36901336;1479.699884;7.30027015;1549.567299;7.346376142
0;2012;1501;TENA;15;NAPO;168676536.4;1446882.86;183833776;1151767.9;194987038.1;2133000.46;228672679.6;3507488.89;280615.02;203728.36;266574.41;204972.39;332911.15;274238.81;0.204165054;3911.189941;82422;85237;19.08844365;14.57304068;8.271852584;12.52175822;2046.498949;7.624374302;2287.586823;7.735689798
0;2012;1503;ARCHIDONA;15;NAPO;34785048.95;102097.63;35931324.76;73568.18;40806965.89;2621417.97;54343030.16;843371.49;140611.13;140611.13;48501.04;48186.91;76728.04;76257.15;0.101887899;1493.269043;31684;32331;17.52436338;14.77922632;7.309392432;11.24187957;1097.874288;7.00204156;1262.162194;7.141373534
0;2012;1504;EL CHACO;15;NAPO;32040927.88;22545.37;32211085.43;137279.85;33484340.07;766870.03;35272971.52;979590.26;31112.58;31111.83;131707.69;131707.69;73101.38;73101.38;0.043467622;732.2120972;9362;9508;17.32658846;13.55007392;6.597435015;11.1996162;3422.444764;8.138402564;3521.701732;8.166983512
0;2012;1507;QUIJOS;15;NAPO;33041839.85;64297.87;35512697.96;582018.24;36569699.7;937009.82;40414662.18;1119877.28;;;32526.75;32526.22;85427.46;85427.11;0.123016672;953.6252441;6605;6645;17.41473061;13.75045011;6.861318849;11.35543048;5002.549561;8.517902852;5503.340813;8.613292299
0;2012;1509;CARLOS JULIO AROSEMENA TOLA;15;NAPO;7071045.83;8020.07;8740787.62;6320.52;8579529.17;9357.64;8831410.85;736195.41;;;15386.96;15365.24;20714.23;20688.51;0.141758167;360.7745361;4695;4820;15.96488971;9.14405526;5.891021189;9.937382088;1506.080049;7.317929315;1779.985305;7.484922032
0;2012;1601;PASTAZA;16;PASTAZA;270105400.3;2775369.47;297044213.5;2695556.44;280818426.4;7641493.36;309895880.6;13258331.66;1048507.72;254358.81;933712.08;265323.09;818510.87;268080.93;0.032268043;3039.811035;84976;87977;19.45321885;15.84910374;8.019879547;12.49904792;3178.608081;8.064513223;3191.952742;8.068701392
0;2012;1602;MERA;16;PASTAZA;24410248.05;132271.3;27047675.18;81749.63;28447826.68;906630.82;32055251.25;2031825.91;31251.07;31240.54;31646.87;31638.1;29841.32;29824.32;0.319258928;864.8724365;15278;15745;17.16358236;13.71749172;6.763737596;10.30311298;1597.738451;7.376970129;1806.7848;7.499857507
0;2012;1603;SANTA CLARA;16;PASTAZA;5603838.8;25708.25;7201170.99;11022.29;6851560.93;41387.47;13551697.51;20452.92;12203.49;12189;12659.71;12649.17;16326.16;16320.36;0.149432766;238.9429932;4602;4699;15.7399872;10.63075762;5.480401367;9.700229958;1217.696393;7.105537036;1458.089153;7.285567652
0;2012;1604;ARAJUNO;16;PASTAZA;2547113.63;3621.39;4177845.67;30.12;5327392.76;6413;5702293.46;77899.5;23552.07;23552.07;28423.55;28423.55;28567.19;28567.19;0.007520217;320.3687744;10113;10611;15.4883727;8.76623838;5.772589294;10.26004914;251.8652853;5.532856878;502.0632136;6.220715835
0;2012;1702;CAYAMBE;17;PICHINCHA;528099141.5;281404564.6;571974800.8;322656541.5;584288056.4;370116458;629180943.2;424186254.2;541634.21;541634.21;609787.47;609787.47;624338.71;624336;1.41924372;8332.379883;110830;112454;20.18590467;19.72932827;9.028024401;13.34444557;4764.947591;8.469251661;5195.796116;8.555797583
0;2012;1703;MEJIA;17;PICHINCHA;771416983.2;118789558.8;1058572920;132161021.9;1118930966;114235707.4;1019931417;133075578.2;632948.46;632948.46;611099.85;611099.85;610444.93;610444.93;0.891960252;6499.714355;105317;107385;20.83563957;18.55377449;8.779667351;13.321945;7324.714749;8.899146006;10419.80692;9.251559752
0;2012;1704;PEDRO MONCAYO;17;PICHINCHA;232369990.1;243777491.7;269766132.6;285243531.2;283854895;330955263.2;315339423.8;345532423.7;319985.2;319958.67;338492.97;338451.91;345199.38;345147.24;3.486988041;6011.567383;42425;43238;19.46397374;19.61749377;8.701607121;12.75172928;5477.194816;8.608530913;6564.940447;8.789651028
0;2012;1705;RUMIÐAHUI;17;PICHINCHA;4400731985;58021034.89;4650334924;53489913.44;4740141653;90115853.71;4999988131;86774648.27;1188272.63;1187908.05;1210491.69;1209999.9;1159322.29;1158853.64;8.484385821;6125.726563;;;22.27933286;18.31660668;8.720415883;13.9629427;;;;
0;2012;1707;SAN MIGUEL DE LOS BANCOS;17;PICHINCHA;84703630.3;998874.15;104173420.8;557612.65;118179509.9;1502510.37;140690331.7;1696904.28;35606.66;35606.66;38505.09;38505.09;37061.94;37061.94;0.069037707;294.2387085;14647;14241;18.58771531;14.22264851;5.68778421;10.52037283;5783.002;8.66285111;8298.540121;9.023955385
0;2012;1708;PEDRO VICENTE MALDONADO;17;PICHINCHA;82847023.07;8875014.81;86168626.56;8765234.73;89581125.05;10578064.1;100834279.9;12027233.37;66196.19;66196.19;44738.16;44738.16;47877.22;47853.58;0.058943145;181.957489;16336;16520;18.31065521;16.17429308;5.209253825;10.77592211;5071.438729;8.531576992;5422.586262;8.598512548
0;2012;1709;PUERTO QUITO;17;PICHINCHA;61420005.5;932383.44;78693442.72;14793.22;133207005.6;2986769.38;149867336.9;2131442.88;51510.23;51510.23;52147.63;52147.63;59023.09;59023.09;0.100035418;345.0221558;26303;26844;18.70741492;14.90970322;5.846502807;10.98570094;2335.095065;7.756236039;4962.263658;8.509818799
0;2012;1801;AMBATO;18;TUNGURAHUA;4049923949;79489714.41;4149398640;64823124.01;3939505563;104163518;4392075197;137600689.8;1999863.11;1999309.44;2105324.16;2104673.82;2003725.58;2003182.79;3.71730121;18541.89844;377384;381116;22.09432106;18.46147252;9.827842161;14.51024837;10731.57301;9.281038603;10336.76246;9.243558728
0;2012;1802;BAÑOS DE AGUA SANTA;18;TUNGURAHUA;148280833;1086780.56;167639191.8;955343.2;169198094.4;2132470.53;192921075.8;4096451.23;160832.41;160803;164729.8;164697.43;125383.21;125358.95;0.297100163;1542.246948;22474;22705;18.94658075;14.57279221;7.341643884;11.73894448;6597.883464;8.794655742;7452.019134;8.916374482
0;2012;1803;CEVALLOS;18;TUNGURAHUA;57106295.01;327229.19;62677508.08;454794.39;61799255.91;1163636.99;73017109.1;1325937.3;26484.97;26484.97;28761.16;28761.16;28736.47;28736.47;9.306325187;1051.614746;10621;10906;17.9394019;13.96706185;6.959032582;10.26595713;5376.734301;8.590022431;5666.537311;8.642509966
0;2012;1804;MOCHA;18;TUNGURAHUA;23909407.7;148413.92;28281354.78;228074.39;28865043.41;321251.09;34984212.13;1916682.87;14526.14;14526.14;14285.51;14285.51;13742.23;13742.23;2.164292171;1004.231567;7382;7404;17.17814189;12.67998142;6.912973209;9.528301618;3238.879396;8.083291385;3898.574204;8.268622648
0;2012;1805;PATATE;18;TUNGURAHUA;53282955.46;15749.55;57852839.27;82843.39;59875958.81;929880.52;67003751.55;757348.95;37625.66;37625.66;33508.13;33508.13;27937.76;27937.76;0.858699565;1372.201904;14101;14078;17.90778564;13.74281246;7.224900448;10.23777025;3778.665021;8.237390666;4253.158035;8.355652145
0;2012;1806;QUERO;18;TUNGURAHUA;38536477.08;21377.24;39047291.76;64205.65;37897782.14;433566.31;45343668.26;500679.55;39085.39;39085.39;36869.87;36868.38;38456.99;38455.89;1.984888634;1806.248657;19529;19404;17.45040318;12.97980233;7.499560889;10.55729315;1973.29495;7.587966626;1953.091226;7.577680518
0;2012;1807;SAN PEDRO DE PELILEO;18;TUNGURAHUA;400752213.8;20663308.58;410390978.4;22577466.31;424240202.9;17796854.85;506749542.7;20051446.42;195018.15;194966.72;202307.94;202250.65;195171.05;195124.56;4.273590947;4555.647949;64946;65726;19.86581037;16.69453236;8.424342533;12.18139853;6170.544972;8.727704486;6454.678557;8.772715419
0;2012;1808;SANTIAGO DE PILLARO;18;TUNGURAHUA;123218077.9;1064730.43;145316986.2;1418881.95;142495958.8;2215443.01;156572914.8;3101047.95;71530.91;71518.81;82822.37;82807.23;79290.27;79275.58;1.517025436;3404.205078;43343;43541;18.77482421;14.6109634;8.133060445;11.28069803;2842.859928;7.952917538;3272.684569;8.093671409
0;2012;1809;TISALEO;18;TUNGURAHUA;39399159.01;453579.8;46718572.8;537180.12;45314709.5;3445634.87;49313311.48;7466563;43609.29;43609.29;47309.04;47309.04;45174.08;45174.08;3.998532575;1323.514282;14006;14202;17.62914227;15.05261902;7.188801092;10.71830089;2813.020064;7.942369368;3190.727327;8.068317531
0;2012;2101;LAGO AGRIO;21;SUCUMBIOS;579094350;920172.89;582208625.2;1853931;634813254.3;12844664.07;770501357.5;26920391.28;1061783.5;457357.72;989929.32;480753.48;1046635;585993.03;1.079755819;16508.38672;109746;108536;20.26884143;16.36843911;9.71168439;13.28106488;5276.678421;8.571241587;5848.872764;8.67417519
0;2012;2102;GONZALO PIZARRO;21;SUCUMBIOS;12984369.78;38671.07;14221274.99;3383.35;16375845.88;339564.53;19762861.41;466827.39;29769.96;29672.27;33291.08;33219.79;31384.23;31332.4;0.040185116;437.2944336;10695;10645;16.61131806;12.73542223;6.082890907;10.3524399;1214.05982;7.10254859;1538.360346;7.339122249
0;2012;2103;PUTUMAYO;21;SUCUMBIOS;16456298.2;17342.5;17160093.67;7821.85;22066748.54;73324.66;23951619.32;344003.69;299429.3;27221.66;259283.11;30181.73;153229.21;32155.86;0.36778927;6320.09082;9309;9026;16.90958249;11.20266589;8.75164707;10.37838108;1767.783672;7.478047398;2444.798199;7.80212681
0;2012;2104;SHUSHUFINDI;21;SUCUMBIOS;217145351.5;321883.25;232271186;3143083;266012926.9;3923235.12;293990953.6;10580036.92;2035149.97;227459.27;1757858.88;224322.83;1667347.29;282396.36;2.74393024;33777.78125;53113;52902;19.39905547;15.18242741;10.42758811;12.55107044;4088.365401;8.316145078;5028.409641;8.523057889
0;2012;2105;SUCUMBIOS;21;SUCUMBIOS;2707914.72;280.5;2682926;12090.41;2578267.8;8167.54;4065331.71;841.02;12942.41;12942.41;12507.24;12507.24;12767.77;12767.77;0.027699702;204.7285004;3249;3154;14.76262872;9.008045469;5.32655734;9.454757625;833.4609788;6.726785982;817.4596703;6.707424123
0;2012;2106;CASCALES;21;SUCUMBIOS;11913913.47;800598.3;15130484.44;609166.55;17224574.93;624876.02;24635798.46;1078081.76;27773.08;27510.99;31820.87;31564.04;34258.2;34058.34;0.109516683;669.694519;12070;11889;16.66184776;13.34531014;6.508313771;10.43585958;987.0682245;6.895751749;1448.782482;7.279168812
0;2012;2107;CUYABENO;21;SUCUMBIOS;34287886.82;17153.26;34027193.71;77727.4;38963156.64;256989.02;49372952.28;495876.44;366890.03;36756.53;310625.17;40219.51;246320.5;37585.5;0.084404257;1587.390869;9039;9101;17.47812708;12.45679253;7.370476751;10.53440022;3793.32745;8.241262454;4281.195104;8.362221032
0;2012;2201;ORELLANA;22;ORELLANA;670638183.7;6095289.42;758230883.7;3056246.63;859006942.9;25205871.7;940324001.7;16143390.25;4111934.15;438045.36;3123643.82;468407.58;2532678.36;506204.37;0.987492418;33476.98047;;;20.57128756;17.04258757;10.4186432;13.13469774;;;;
0;2012;2202;AGUARICO;22;ORELLANA;12071223.05;146542.4;18031503.89;3301;18204982.82;1350.02;29357772.28;144436.74;1245967.4;32050.52;924541.67;38274.36;843894.92;28160.65;0.014075235;748.0987549;7114;7423;16.71720595;7.208615142;6.618870824;10.2457164;1696.826406;7.437104127;2452.510147;7.805274991
0;2012;2203;LA JOYA DE LOS SACHAS;22;ORELLANA;277065624.8;3284226.1;307739065.5;1966429.76;360604728.7;3294181.6;394985098.5;6066053.77;1823440.55;175779.07;1281273.46;188653.04;2600204.07;235531;8.236194541;48288.80859;52970;55268;19.70329298;15.00766862;10.78497582;12.36960206;5230.614023;8.562475118;6524.65674;8.783496877
0;2012;2204;LORETO;22;ORELLANA;35908088.21;19701.54;40048138.91;65384.08;45700080.64;1423240.67;56881669.06;2365493.63;45366.67;45301.87;50100.85;50073.13;68260.09;68202.97;0.13963018;1453.550171;28978;29955;17.63761064;14.16844769;7.282451971;11.13025805;1239.149983;7.122987605;1525.624458;7.33081434
0;2012;2301;SANTO DOMINGO;23;SANTO DOMINGO DE LOS TSACHILAS;2970905747;173651913.9;3152164772;201138588.1;3499247699;308749743.8;4227320044;385790855.9;1732899.39;1729404.86;1821368.22;1816443.17;1844499.25;1838481.29;0.470712089;7846.299805;458208;466841;21.97581384;19.54804162;8.967924778;14.42445095;6483.749185;8.77720842;7495.587788;8.922203234
0;2012;1701;QUITO;17;PICHINCHA;72165765122;12025576385;75409504485;10230356222;74136753165;11423750185;78489639485;10409674732;25183672.45;25161438.11;27140555.87;27113764.21;26875922.14;26853287.78;4.486449986;91537.03906;2804269;2838174;25.02917724;23.15896037;11.42450989;17.10589886;25734.252;10.155617;26121.28543;10.17054408
0;2012;101;CUENCA;1;AZUAY;8717612356;198679975.4;8670808479;202302318.8;8481375407;310707209.5;9596772431;380850072.8;4174470.89;4138170.08;4139074.93;4105134.02;4557407.63;4534505;1.966378122;30284.18945;612574;619701;22.86113847;19.55436158;10.31841408;15.32722671;14231.11715;9.563256461;13686.23805;9.524219149
0;2012;102;GIRON;1;AZUAY;18328347.52;50878.6;18649526.91;49234;17723556.84;1813807.04;15371490.47;973547.3;24358.96;24177.63;20487.5;20297.95;25079.95;24907.88;0.817867583;1478.70459;12687;12492;16.69040526;14.41093908;7.299597745;10.12297965;1444.655752;7.276318305;1418.792574;7.258266066
0;2012;103;GUALACEO;1;AZUAY;111549417.3;15373183.62;113033025.5;13260040.16;108788673.6;10336184.24;116641444.4;13792063.93;120888.67;120582.54;113868.48;113334.18;133239.29;132820.62;1.583102487;2878.080322;45040;44577;18.50491779;16.15116143;7.96522619;11.7967623;2476.674452;7.815075678;2440.466464;7.800354148
0;2012;105;PAUTE;1;AZUAY;87570381.46;2966406.53;90079715.78;3347558.58;92401764.78;2651547.08;99847766.46;2993800.14;74603.09;73808.14;62637.86;61874.48;79132.86;78483.76;1.766388241;2504.738525;27535;27385;18.34165665;14.79065421;7.826338791;11.27065974;3180.329815;8.065054569;3374.174357;8.124202263
0;2012;106;PUCARA;1;AZUAY;12020669.91;1073;14872492.02;94.62;16649029.25;235911.28;17941815.49;3915802.48;23956.17;23918.09;28267.06;28262.15;17157.43;17144.02;0.205353822;597.3742676;10034;9825;16.62786253;12.37121532;6.394216424;9.749463031;1197.993812;7.089237994;1694.557684;7.435766983
0;2012;107;SAN FERNANDO;1;AZUAY;3267947.2;3028.15;3705404.79;279.02;2797031.11;62328.68;3492878.76;83566.88;7843.19;7843.19;5832.02;5832.02;8377.49;8377.49;0.483794391;361.8782043;3853;3760;14.84406945;11.040193;5.894067253;9.033422986;848.1565533;6.744243567;743.8912527;6.613238238
0;2012;108;SANTA ISABEL;1;AZUAY;67439320.21;45128.64;66540481.44;1223654.61;61388801.86;5685073.02;65026300.44;6088809.29;56821.35;51219.9;50171.51;43521.86;64698.47;57625.6;0.651138612;1981.414795;21561;20985;17.93273801;15.55335471;7.592070974;10.96173955;3127.838236;8.048417044;2925.365826;7.9815166
0;2012;109;SIGSIG;1;AZUAY;25041074.89;288697.11;22965013.03;281905.11;26021588.9;729304.55;32111974.93;1014701.17;38010.37;38010.37;32964.14;32964.14;42150.07;42150.07;0.564177792;1887.738892;26368;25916;17.07443713;13.49984806;7.543664632;10.64901535;949.6766873;6.857174033;1004.074275;6.912816723
0;2012;110;OÑA;1;AZUAY;3582400.36;0;5517966.74;440;5202371.12;462193.29;7516390.83;350423.14;7722.74;7722.74;6123.71;6123.71;7968.39;7968.39;0.418987162;639.793396;3565;3503;15.46462526;13.04374062;6.46270709;8.983363232;1004.880886;6.91361894;1485.11879;7.303923161
0;2012;111;CHORDELEG;1;AZUAY;20301808.54;18759.24;23998520.87;0.009999998;21202749.64;106947.86;24909151.91;134242.03;23060.59;23060.59;17862.35;17862.35;25345.42;25345.42;1.307074017;752.8746338;12637;12432;16.86964148;11.58010606;6.625226086;10.14039278;1606.537037;7.382458496;1705.49788;7.442198526
0;2012;112;EL PAN;1;AZUAY;1379242.68;0;1252549.24;9343.54;1087382.69;38145.27;2335358.35;57421.38;5629.08;5626.98;4005.56;4003.75;5741.6;5740.35;0.48667544;345.052887;2849;2779;13.89928508;10.54918326;5.846591616;8.655449653;484.1146648;6.184385285;391.2856027;5.971990153
0;2012;113;SEVILLA DE ORO;1;AZUAY;11808575.19;1.000000002;11083658.86;0.01;9064997.78;28649.27;12894297.82;214758.47;159802.34;159802.34;147423.11;147423.11;10316.74;10316.74;0.431357783;706.1326904;4800;4621;16.01993127;10.26291815;6.561218329;9.241620023;2460.119831;7.808371741;1961.696122;7.582074379
0;2012;114;GUACHAPALA;1;AZUAY;1574573;1475;2446679.11;425.12;2327438.82;983.02;2860375.12;700.3;6532.42;6532.42;5045.31;5045.31;7232.82;7232.82;1.831764443;441.4552307;3650;3648;14.66027943;6.891646222;6.092339286;8.88652253;431.389863;6.069327642;638.0040625;6.459910812
0;2012;115;CAMILO PONCE ENRIQUEZ;1;AZUAY;151010690;33819873.77;113033416.1;30040334.56;139339106.5;38165776.89;175286197.3;60087804.82;334685.03;73523.95;311988.03;62943.21;316052.53;92509.69;0.251346303;808.3297119;23825;24624;18.75242114;17.45744981;6.696206389;11.43507948;6338.329067;8.754528216;5658.670665;8.641120983
0;2012;301;AZOGUES;3;CAÑAR;374374699;2027836.08;418412050.3;892493;430034578.7;16935216.68;456617633.6;24472611.98;281084.4;280567.34;292400.8;291862.81;298618.82;298023.82;1.968069737;6116.760742;;;19.87937618;16.6449059;8.718951417;12.60493205;;;;
0;2012;302;BIBLIAN;3;CAÑAR;91028375.2;2273237.09;103149063.4;105746.51;105859295.4;1149790.47;115644272.6;2147834.32;44491.95;44401.64;39142.39;39011.11;45855.78;45737.25;1.359607857;1617.93335;;;18.47762138;13.95509115;7.389522785;10.73069021;;;;
0;2012;303;CAÑAR;3;CAÑAR;135318370.3;315870.19;151897950;92784.66;159909921.1;1727455.21;187030292.5;3080227.37;122124.25;122101.64;109435.42;109414.14;123489.2;123464.2;0.400121246;3557.077881;;;18.89012123;14.36216049;8.176975757;11.72371461;;;;
0;2012;304;LA TRONCAL;3;CAÑAR;299578974.3;11810982.24;330903220.5;3741738.56;416983396.4;9256358.01;418415030.1;10349244.88;320728.53;320721.69;303735.59;303680.1;339933.03;339838.29;0.989045949;1612.144897;;;19.84855696;16.04082133;7.385940905;12.73622811;;;;
0;2012;305;EL TAMBO;3;CAÑAR;38933455.29;286735.87;46623574.28;20833.7;58565750.61;717384.35;83728191.21;1001095.61;25340.12;25333.2;23344.74;23344.74;28446.5;28446.5;2.251427479;812.7653198;;;17.88566064;13.48336842;6.70167202;10.25581556;;;;
0;2012;306;DELEG;3;CAÑAR;6778695.66;445135.32;6393214.61;255575.77;6810179;286121.45;7647816.9;432584.59;12096.26;12096.26;8303.72;8303.72;10611.18;10611.18;1.905949696;811.9345703;;;15.73392911;12.56417515;6.700650627;9.269757677;;;;
0;2012;307;SUSCAL;3;CAÑAR;10051145.36;39565.5;10623115.57;685.06;10803752.29;10538.72;14770892.27;122644.43;9979.16;9979.16;8234.67;8234.67;10496.98;10496.98;1.431658079;398.000946;;;16.19540416;9.262906256;5.988963788;9.258938137;;;;
0;2012;701;MACHALA;7;EL ORO;3357788666;877160798.1;3416558527;1047988256;3308222703;941346649.9;3878880541;1099957545;2204722.14;2148180.45;2260423.99;2187223.25;2295236.95;2231835.88;5.262135934;8745.669922;316124;321196;21.91967693;20.66282202;9.076428327;14.61833552;10621.74547;9.27075278;10299.70081;9.239967212
0;2012;703;ATAHUALPA;7;EL ORO;8549880.86;39239.58;8956367.88;0;11002437.17;159630.45;12186145.23;152663.11;12696.72;10795.96;14053.33;11486.63;13223.75;10356.38;0.305920162;444.1960754;6307;6242;16.21362746;11.980623;6.098514804;9.245454588;1355.617704;7.212749899;1762.646134;7.475138612
0;2012;704;BALSAS;7;EL ORO;105424688.8;13049.89;115806430.5;589076.04;135991239.9;1234300.05;156125477.3;2127391.52;25179.96;25144.16;26448.08;26411.28;27002.73;26979.15;0.635071279;243.2322998;8187;8176;18.72810104;14.02601542;5.498119821;10.20285669;12877.08426;9.463282251;16632.97944;9.719202837
0;2012;705;CHILLA;7;EL ORO;828880.68;5;1045553.01;20;901880.28;3099.3;1145963.74;34369.19;5787.25;5784.67;5750.72;5748.08;5409.89;5406.84;0.138139205;232.3501434;2333;2275;13.71223817;8.03925416;5.452540087;8.595605031;355.2853322;5.875731905;396.4308923;5.985021063
0;2012;706;EL GUABO;7;EL ORO;438793071.4;62684640.73;472545429.8;60760601.54;488035997.5;67340410.23;580091385.5;74358296.04;318084.44;317632.78;345787.64;345280.25;280623.42;280196.26;0.477566474;1431.266724;62497;63314;20.00589973;18.02527108;7.26701359;12.54324913;7021.026151;8.856807081;7708.184564;8.950167698
0;2012;708;MARCABELI;7;EL ORO;36435982.89;5270;43165291.42;5;55828700.18;519259.67;62427396.72;595256.9;11876.36;11089.98;12191.92;11223.28;12430.25;11647.69;0.409828548;319.2564392;6982;7090;17.83779865;13.16016129;5.769122047;9.362949006;5218.559566;8.560168303;7874.287755;8.971485003
0;2012;709;PASAJE;7;EL ORO;349122662.7;44583311.26;406612474.9;44286283.5;429225927.4;53707121.75;454965715.4;71236244.84;249647.43;202219.9;281793.3;219552.3;267602.01;212465.63;0.758655914;1797.255859;86603;86890;19.87749398;17.79905619;7.494572507;12.26654022;4031.299871;8.30209218;4939.877171;8.505298159
0;2012;710;PIÑAS;7;EL ORO;199050702.9;26680974.36;219152848.3;31941634.93;233623995.1;38705460.71;267453530.9;53913720.36;100153.62;96375.2;102902.31;98435.61;105092.4;101474.53;0.451056225;1397.823242;30153;30186;19.26922353;17.47149128;7.243386621;11.52757296;6601.35651;8.795181911;7739.481716;8.954219202
0;2012;711;PORTOVELO;7;EL ORO;71750551.43;44153806.71;79945273.16;38519554.89;79031434.14;46979831.27;97768719.22;82679753.21;129108.49;46533.73;142735.32;46230.12;139851.49;47950.07;0.488259434;715.7883301;14042;14004;18.18535624;17.66522897;6.574780581;10.77793639;5109.710257;8.539093667;5643.490013;8.638435129
0;2012;712;SANTA ROSA;7;EL ORO;486395323;203738627.1;560433373;70211187.13;453235086.8;46056293.52;418756305.2;59594428.33;339695.54;320324.43;353735.36;329553.15;338404.29;315557.59;0.48737699;2127.887939;84381;84807;19.93192151;17.645375;7.663355028;12.66209965;5764.275406;8.659608204;5344.312224;8.583975236
0;2012;713;ZARUMA;7;EL ORO;108566215.9;56653337.98;97274657.2;75902210.09;121378508;82641180.58;125020795.1;119129098.8;148488.03;48397.23;165710.77;47244.12;152635.01;54026.33;0.36219878;1198.153564;25487;25108;18.61442439;18.23001868;7.089371224;10.89724531;4259.670261;8.357181765;4834.256334;8.483689423
0;2012;714;LAS LAJAS;7;EL ORO;8324419.19;6137041.12;8838027.51;9799876.39;12011989.62;9418030.9;10719293.2;9484922.42;12359.66;12359.66;13226.58;13226.58;11152.06;11152.06;0.192768975;293.9726868;5857;5902;16.30141593;16.0581367;5.686882765;9.319469179;1421.276966;7.260014364;2035.240532;7.61886051
0;2012;901;GUAYAQUIL;9;GUAYAS;51900591228;8997011575;54321156656;9222623168;53171343776;10652624591;57892919595;12486557809;26052226.9;25952805.03;27178871.94;27061693.48;26277882.32;26186433.17;3.766185119;79688.71094;2908589;2957527;24.69678544;23.08907214;11.28589576;17.08075205;17843.90687;9.789473417;17978.31221;9.796977054
0;2012;902;ALFREDO BAQUERIZO MORENO;9;GUAYAS;62322179.2;189223.65;72358833.88;47002.73;82006371.64;313907.72;79585235.6;883423.48;59782.47;59782.47;65975.34;65975.34;76166.73;76166.73;0.373559646;423.6166382;;;18.22230752;12.65685752;6.051186734;11.24069316;;;;
0;2012;903;BALAO;9;GUAYAS;70635400.58;8015684.27;65973921.53;10515831.39;88496107.85;11168582.48;105570465;9911904.72;75608.96;75589.07;80671.4;80654.46;93073.63;93057.92;0.091207726;188.2527466;26808;27635;18.29846914;16.22861535;5.243083405;11.44098812;2634.862749;7.876965826;3202.319806;8.071942991
0;2012;904;BALZAR;9;GUAYAS;133001853.4;22476648.3;145261708.2;7467996.17;183800877.9;17236011.83;178339032.6;19827121.99;109872.82;109872.82;123749.96;123749.96;138200.85;138200.85;0.227434041;1343.452881;62528;62680;19.02936355;16.66251152;7.203742429;11.83647058;2127.076724;7.662973904;2932.368825;7.983906811
0;2012;905;COLIMES;9;GUAYAS;58403836.26;722630.24;70168110.04;60527.02;80641726.25;625521.19;76319151.43;704912.72;45608.45;45421.16;51839.2;51683.78;57119.55;57006.62;0.165387764;627.8119507;27496;27738;18.20552678;13.34634208;6.443832246;10.95094022;2124.084822;7.661566997;2907.265349;7.975312082
0;2012;906;DAULE;9;GUAYAS;1654360115;65206538.6;1807332570;67196270.97;1777615369;132570745.3;2037221527;208149972.1;831141.91;830157.23;912588.72;911785.96;874154.63;871890.14;5.967010939;14046.34375;225776;240043;21.29853862;18.702627;9.5501886;13.67841986;7327.440095;8.899517961;7405.403904;8.910100297
0;2012;907;DURAN;9;GUAYAS;5846537120;1893648717;5693233566;2352677224;5607303408;3453757935;5712332607;3887902454;2647841.44;2642676.21;2848427.56;2843610.33;3200533.2;3197569.99;8.843025737;13759.74805;316551;327452;22.44733577;21.96272873;9.529575474;14.97790201;18469.49503;9.823929874;17124.04691;9.748297402
0;2012;908;EMPALME;9;GUAYAS;237940119.3;10935290.58;266841652.3;9516892.22;385499491.3;9784010.6;459879206.5;20769603.33;187560.82;187514.3;217239.72;217200.67;212736.61;212677.77;0.461650913;1645.323853;;;19.77005043;16.09626014;7.406300113;12.26753818;;;;
0;2012;909;EL TRIUNFO;9;GUAYAS;281754008.7;10306468.12;312941199.5;14569917.43;437960071.5;13865353.11;531337308.9;20232536.39;176749.43;176666.15;219934.97;219852.35;222614.33;222515.79;0.486100235;1002.338684;63577;64682;19.89763831;16.44490378;6.911088402;12.31275784;4431.697134;8.396763512;6770.972937;8.820547747
0;2012;910;MILAGRO;9;GUAYAS;950252355.4;33524576.95;961308712.7;24157274.76;1047811675;52201518.31;1067690316;62269061.42;684445.17;684299.93;681899.73;681777.54;634036.06;633947.27;3.41274797;7006.371582;211848;215447;20.76996971;17.77062216;8.854717957;13.35972264;4485.538478;8.408836743;4863.431263;8.489705084
0;2012;911;NARANJAL;9;GUAYAS;381400019.5;1452852.12;441028226.8;38935624.35;604146607.6;64692354.13;649612869.5;78500550.78;337203.49;337110.41;355035.86;354941.66;373889.57;373795.09;0.140836876;1207.957886;89898;91937;20.21932746;17.98515359;7.097514016;12.83146571;4242.586258;8.353164006;6571.310872;8.790620781
0;2012;912;NARANJITO;9;GUAYAS;121585219.7;450721.22;130049211.2;102247.38;162311311;367522.81;173086227.1;306309.98;85909.61;85909.61;87278.79;87278.79;95020.75;95020.75;0.730419652;858.9735107;47097;47836;18.90502673;12.81454338;6.756901587;11.46186109;2581.591602;7.856548671;3393.078664;8.129787623
0;2012;913;PALESTINA;9;GUAYAS;53385934.8;752335.87;61312876.23;146824.74;79676995.19;1079372.55;85788440.38;1834807.1;26766.85;26766.85;29949.11;29949.11;36480.03;36480.03;0.591814848;598.916626;18930;19085;18.19349147;13.89189138;6.396790689;10.50454768;2820.176165;7.944909157;4174.849106;8.337072995
0;2012;914;PEDRO CARBO;9;GUAYAS;88599214.53;652757.22;86486208.05;189730.01;86627544.99;484204.19;90038915.63;291196.21;73870.28;73870.28;79006.57;79006.57;79455.07;79455.07;0.334226302;1548.470459;55054;56289;18.27712841;13.09026404;7.345668512;11.28295957;1609.314755;7.384184939;1538.978219;7.339523552
0;2012;916;SAMBORONDON;9;GUAYAS;3938321785;867114060.7;4247659049;832227332.5;4560172923;967458057.4;5151465481;1130853844;1535010.07;1533914.82;1630846.68;1629734.34;1598424.4;1597349.8;5.694547937;10597.55371;102019;106919;22.24062638;20.69018263;9.268472828;14.28385706;38603.80699;10.56113208;42650.72553;10.66082301
0;2012;918;SANTA LUCIA;9;GUAYAS;229095860.3;3432981.35;272238617.8;417240.2;303568449.6;1935842.58;280124944.1;3183599.64;79968.29;79894.39;95790.7;95729.38;101589.13;101544.57;0.882523495;1608.840332;46205;46537;19.53111768;14.47605375;7.38389028;11.52826294;4958.248249;8.509009446;6523.163281;8.783267991
0;2012;919;SALITRE;9;GUAYAS;72045892.01;161429.22;91711594.95;82822.63;101333382.5;1398046.21;105245901.1;1462811.13;87508.51;87508.51;98519.2;98519.2;104515.33;104515.33;0.714118462;1441.805176;65340;65447;18.43392647;14.15058697;7.274344536;11.55709861;1102.630732;7.006360689;1548.327387;7.345576172
0;2012;920;SAN JACINTO DE YAGUACHI;9;GUAYAS;643582089.9;437133541.9;658396245.2;427147424.8;766655668.7;482446374.4;863092194.8;620237433.5;449156.7;443815.68;487444.58;482550.25;522366.1;517901.08;1.769675988;4650.708496;76247;77953;20.45754833;19.99438033;8.44498985;13.15754147;8440.752947;9.040945261;9834.844954;9.19378864
0;2012;921;PLAYAS;9;GUAYAS;149395286.7;121815814.7;154012331.4;42805605.93;133166195.8;47017101.32;152241561.6;73875820.55;100493.21;99759.7;110581.52;109909.22;97158.54;96658.79;1.199716964;1680.803467;62862;65515;18.70710851;17.66602197;7.427621989;11.47895277;2376.559554;7.773829843;2032.606209;7.617565953
0;2012;922;SIMON BOLIVAR;9;GUAYAS;80446479.05;9907035.72;101367095.5;7547946.41;157394141;5010502.52;190870888.1;3138283.91;60620.77;60620.77;60566.73;60566.73;65003.62;65003.62;0.284033007;432.8663025;31045;31522;18.87426368;15.42704697;6.072736428;11.08221362;2591.286167;7.860295455;4993.152115;8.51602293
0;2012;923;CRNEL. MARCELINO MARIDUEÑA;9;GUAYAS;273235966.6;55627317.56;243876620.8;27868406.12;241004348.4;26418929.08;250166330.2;25803348.23;215981.36;215981.36;218000.02;218000.02;173864.85;173843.6;0.235249923;306.7658997;;;19.30032554;17.08959136;5.729339428;12.06591708;;;;
0;2012;924;LOMAS DE SARGENTILLO;9;GUAYAS;53089720.39;180123.68;51959830.88;114143.96;58467738.35;274190.55;59945291.98;1328589;34699.28;34699.28;37339.08;37339.08;40400.75;40400.75;3.701485634;1421.370483;23895;24409;17.8839857;12.52158223;7.260080113;10.60662838;2221.792023;7.706519353;2395.33526;7.781695874
0;2012;925;NOBOL;9;GUAYAS;123077752.8;81951826.4;130707385.3;58432865.18;130946493.7;66533276.55;145784227.7;56277820.05;75411.89;75288.76;86048.73;85900.98;88337.85;88140.56;2.381931672;1755.483643;25856;26435;18.69029936;18.01321279;7.471069159;11.38669944;4760.123482;8.468238945;4953.527281;8.50805704
0;2012;927;GNRAL. ANTONIO ELIZALDE;9;GUAYAS;55258431.49;74463.92;63275461.68;295731.88;82291227.74;2819569.55;99976593.39;5051084.37;41689.07;41689.07;43495.58;43495.58;45232.59;45232.59;0.169592941;139.7445831;;;18.22577508;14.85209514;4.946946781;10.71959523;;;;
0;2012;928;ISIDRO AYORA;9;GUAYAS;276778435.7;575118.15;285001836.6;1964123.63;299596355.1;6181403.75;306665211.1;7754730.24;33463.84;33272.19;32879.46;32715.88;32080.17;31947.58;0.558171442;1379.799805;15032;15587;19.51794665;15.63705611;7.230418179;10.37188301;18412.61547;9.820845641;19220.91198;9.863806156
0;2012;1101;LOJA;11;LOJA;1549417110;9576535.6;1626676988;7789402.51;1628407620;28230629.72;1796368905;39554309.53;1319552.87;1316301.01;1385036.3;1380943.57;1298342.09;1292607.45;0.770332403;7196.445313;254463;257110;21.21086845;17.15591814;8.881481424;14.07217279;6088.968179;8.714398136;6333.505583;8.753767044
0;2012;1102;CALVAS;11;LOJA;46911954.86;6238.67;52707217.63;25485.45;52811605.08;838659.69;55239914.98;794471.86;54116.75;54064.56;54451.97;54375.04;46827.15;46737.06;0.174242835;723.6304932;27020;26544;17.78224154;13.63956148;6.58566186;10.7523141;1736.19374;7.460026297;1989.587292;7.596184996
0;2012;1103;CATAMAYO;11;LOJA;123642484.8;2589848.22;137324792;2688625.68;128859871;6607845.21;138601803.5;9464501.58;87544.82;86928.31;94852.3;94154.82;95353.19;94813.69;0.61250116;2010.841309;35734;36192;18.67423611;15.70376832;7.606805656;11.45967963;3460.07961;8.149335845;3560.451786;8.177923546
0;2012;1104;CELICA;11;LOJA;24151891.67;474.34;15664534.09;48.37;17275825.15;142698.91;21524661.57;291952.25;29927.39;29842.52;29792.02;29686.18;29101.26;28801.75;0.222989217;591.5903931;14828;14721;16.66481875;11.86849917;6.384503424;10.26822615;1628.803053;7.39621446;1173.549701;7.06864012
0;2012;1105;CHAGUARPAMBA;11;LOJA;8371060.37;484.02;9807157.75;11042.34;9717632.15;5377.41;12835197.05;111851.7;13950.47;13950.47;14866.52;14866.52;13769.27;13769.27;0.081687452;131.0266724;6990;6908;16.08945264;8.59014807;4.883003966;9.530267199;1197.576591;7.088889957;1406.721504;7.249727722
0;2012;1106;ESPINDOLA;11;LOJA;6438454.89;25503.15;7686710.67;1330.64;6490555.68;490545.51;8819851.13;599559.66;17332.42;17263.62;18696.42;18625.51;19841.44;19787.11;0.162890926;418.792572;14619;14368;15.68585886;13.10327538;6.039760713;9.892836531;440.4169157;6.089989816;451.7368931;6.115311147
0;2012;1107;GONZANAMA;11;LOJA;13967562.3;4892;21076802.26;9945.04;18581120.4;1119600.97;15774678.45;883311.79;19837.18;19837.18;24195.47;24195.47;22624.06;22624.06;0.150921594;522.6414795;12502;12436;16.73765664;13.9284838;6.260807251;10.02681342;1117.226228;7.019498984;1494.139627;7.309974877
0;2012;1108;MACARA;11;LOJA;73274375.42;15527.56;77961253.96;374639.03;80156057.98;822414.97;82001359.91;1513408.09;38999.93;38569.6;39742.25;39235.52;38559.93;38051.86;0.256717401;744.9938965;18878;18618;18.19948603;13.62000159;6.614717419;10.54673152;3881.469193;8.26422662;4305.299064;8.367834128
0;2012;1109;PALTAS;11;LOJA;31504231.94;285155.44;30572782.88;145.01;32016720.7;399024.01;37020466.55;443100.2;35500.82;35350.93;38888.13;38674.45;39433.77;38970.23;0.128062448;731.8768921;23435;23067;17.28176888;12.89677938;6.596977737;10.57057896;1344.323957;7.204390124;1387.988065;7.23633075
0;2012;1110;PUYANGO;11;LOJA;38962439.59;21284.5;36448335.84;27464.02;35855956.22;1039247.56;44264876.95;1556993.97;40334.06;40334.06;40570.3;40570.3;39755.92;39755.92;0.14719002;471.8912048;16629;16572;17.39502028;13.85400847;6.158865351;10.59053919;2343.04165;7.759631919;2163.646888;7.680012527
0;2012;1111;SARAGURO;11;LOJA;32915700.24;600388.16;36065654.12;827123.83;37087611.27;1353784.83;41683451.74;1167920.14;42975.12;42971.5;47194.37;47185.57;48472.64;48465.9;0.237131343;1270.786865;30150;29744;17.42879357;14.11841554;7.148178171;10.78863637;1091.731351;6.996435668;1246.89387;7.129212505
0;2012;1112;SOZORANGA;11;LOJA;2920167.58;778;3636829.59;40;4340038.73;317722.26;4446814.4;500466.59;7934.7;7934.69;9377.01;9377;11225.24;11225.24;0.107856507;226.8222351;7064;6957;15.28339406;12.66893603;5.428565654;9.326009174;413.3872565;6.026800939;623.8376786;6.437491902
0;2012;1113;ZAPOTILLO;11;LOJA;38183486.97;28505.89;36959539.24;1392.69;37485361.73;746001.64;43527146.45;1345214.34;26101.5;25858.48;29842.58;29583.61;29232.15;28990.1;0.094480948;571.4207764;14915;15197;17.43946109;13.52248442;6.349874344;10.27474417;2560.072878;7.848181543;2466.629054;7.811013071
0;2012;1115;QUILANGA;11;LOJA;4276429.65;0;4709038.13;100;3401215.08;7015345.62;4235618.01;33256.65;7016.58;7016.58;8063.43;8063.38;7668.33;7594.84;0.139058172;169.2337952;4030;3952;15.0396436;15.76361068;5.137172758;8.935356008;1061.148797;6.968049302;860.6313462;6.758827507
0;2012;1116;OLMEDO;11;LOJA;1286658.55;0;1218700.54;0;1182755.16;12965.92;1188658.84;12172.1;5724.22;5724.22;6632.2;6632.2;5545.87;5545.87;0.328521979;199.7413635;4258;4165;13.983358;9.470156778;5.302017331;8.620989084;302.1743894;5.714308182;283.9748283;5.652400855
0;2012;1201;BABAHOYO;12;LOS RIOS;663291632.5;10448290.82;692556216.8;7340874.94;786541877.3;29824590.89;824976287.5;69674536.26;620059.5;620033.45;699434.57;699407.41;729415.2;729390.1;0.65530866;3579.295898;188759;191772;20.48315653;17.21084384;8.183200729;13.49996536;3513.960301;8.16478351;4101.442741;8.319337866
0;2012;1202;BABA;12;LOS RIOS;94546932.78;930290.49;105867891.3;139593.83;132304892.5;1190211.05;143209528.9;1452408.23;161365.71;161365.71;183382.29;183382.29;220665.59;220665.59;0.223825532;595.3759155;47404;48034;18.70061962;13.98964204;6.390871199;12.3044082;1994.492717;7.598646275;2754.400893;7.921318226
0;2012;1203;MONTALVO;12;LOS RIOS;102602304.7;442782.28;101483741.2;447945.78;164595519.1;1380178.93;173657868.5;5227363.91;95552.49;95123.62;100734.96;100249.74;110619.13;110146.85;0.030355997;56.70500183;29604;30147;18.91900163;14.13772443;4.055343857;11.60957883;3465.825723;8.150994677;5459.764456;8.605344069
0;2012;1204;PUEBLOVIEJO;12;LOS RIOS;216212073.9;2769854.55;234600963.1;5253807.61;263411237.9;11514626.71;273914246.9;16640657.45;201608.46;201608.46;246121.04;246121.04;243496.29;243496.29;0.331975455;579.9611206;44633;45370;19.38922701;16.25912876;6.364683837;12.40286109;4844.220059;8.485747943;5805.846108;8.666792864
0;2012;1205;QUEVEDO;12;LOS RIOS;1255244948;109859590.7;1242899184;155149107.6;1368302430;248812501;1607358056;328731154.3;777343.88;777337.69;848288.44;848281.99;956280.81;956275.11;3.752696533;6004.314453;219549;224264;21.03683671;19.33221017;8.700400098;13.77080197;5717.379484;8.651440737;6101.302173;8.716421384
0;2012;1206;URDANETA;12;LOS RIOS;66908321.97;17042109.76;72542949.54;19505095.26;106831527.9;36287075.41;126915565.5;43766133.87;97972.07;97972.07;101816.06;101816.06;125281.52;125281.52;0.217872171;414.8286133;34829;35210;18.48676366;17.40697221;6.030273188;11.73832663;1921.052053;7.561148672;3034.124621;8.018007764
0;2012;1207;VENTANAS;12;LOS RIOS;444242820.2;42621586.63;441938414.2;48191383.03;581319813.2;117315226.8;575743656;160171444.8;236926.76;236923.2;267986.32;267986.32;302466.79;302466.79;0.415476596;1136.328491;78499;79279;20.18081162;18.58037512;7.036437362;12.61973007;5659.216298;8.641217386;7332.582565;8.900219429
0;2012;1208;VINCES;12;LOS RIOS;193304521.3;38432538.6;206109661.6;40564624.23;187089587.4;43534719.17;211824864.2;50962894.42;222984.24;222984.24;240595.6;240595.6;265525.33;265525.33;0.416295201;1482.843506;85286;86249;19.04709814;17.58906934;7.302390964;12.48946929;2266.544583;7.726452843;2169.179787;7.682565294
0;2012;1209;PALENQUE;12;LOS RIOS;34742251.68;176652.69;33432980.28;14927.57;47884729.79;608489.46;53388866.04;1201445.07;74207.64;74207.64;87720.65;87720.65;113682.27;113682.27;0.120078177;349.0672607;25612;25775;17.68430724;13.31873651;5.85812531;11.64117153;1356.483355;7.21338779;1857.79747;7.527685036
0;2012;1210;BUENA FE;12;LOS RIOS;259678504.5;27311306.73;296027847.2;31748629.52;399177792;35246879.55;505002200.3;41725532.51;329917.82;329917.82;345820.39;345820.39;394954.21;394954.21;0.530201872;1582.652588;80831;82607;19.80491747;17.37788759;7.367489222;12.88652765;3212.610317;8.075150293;4832.251408;8.483274689
0;2012;1211;VALENCIA;12;LOS RIOS;194822245.3;14390079.57;227615588.4;14131830.3;282145851.2;24526889.32;343782905.3;30687036.42;332330.95;332330.95;368533.66;368533.66;449110.89;449110.89;0.218030976;1056.796143;54286;55584;19.4579347;17.01528064;6.963942912;13.01502733;3588.811946;8.185855097;5076.026395;8.532481014
0;2012;1212;MOCACHE;12;LOS RIOS;189995713.4;87771.76;195825540.1;895254.51;274046755.5;1896678.9;304918017.3;6398691.68;182928.65;182928.65;234532.93;234532.93;275189.72;275189.72;0.284607168;814.2611084;43731;43955;19.42880929;14.45561549;6.70350844;12.52521966;4344.645981;8.376929699;6234.711763;8.738048008
0;2012;1213;QUINSALOMA;12;LOS RIOS;89480438.18;23564812.96;109643276.6;23243498.18;224342012.4;122942103.8;220121139.5;100187000.8;157385.88;157385.88;159409.14;159409.14;193556.58;193556.58;0.147046808;219.9820251;20037;20414;19.22868229;18.62722411;5.398081364;12.17333032;4465.760253;8.404418649;10989.61558;9.304797058
0;2012;1301;PORTOVIEJO;13;MANABI;1472481161;52010046.07;1672028781;42876576.34;1509498544;99562769.88;1653062697;143844260.3;1092268.48;1092162.54;1244758.36;1244599.47;1349336.59;1349166.27;2.970412915;14403.53223;;;21.13504334;18.41629887;9.575298174;14.11499812;;;;
0;2012;1302;BOLIVAR;13;MANABI;77889338.67;1631867.35;90497167.18;1019053.61;89938635.11;2788744.44;108351202.1;4855690.2;79093.08;79093.08;84073.42;84073.42;71757.81;71757.81;0.337029947;924.4731445;16476;16366;18.31463817;14.84110239;6.830305114;11.18106591;4727.44226;8.461351095;5495.456135;8.611858825
0;2012;1303;CHONE;13;MANABI;288570107.8;1801114.05;301603497.4;493970.08;355128336.3;2057382.47;420684574.4;2252603.64;242456.74;242456.74;260594.49;260594.49;259423.67;259416.94;0.137497274;2064.246582;;;19.6879898;14.53694557;7.633004908;12.46619571;;;;
0;2012;1304;EL CARMEN;13;MANABI;452797996.2;97675320.02;566310355;128663119;673499184.5;174048517.2;879726273.7;272605052.9;344105.53;344103.54;376885.08;376882.96;430603.11;430601.92;0.423150512;2625.648926;;;20.32799734;18.97484466;7.87346414;12.97294165;;;;
0;2012;1305;FLAVIO ALFARO;13;MANABI;28276079.35;203480.53;31854658.47;21452.3;36107597.76;559845.01;44942798.8;868843.12;37310.8;37310.8;43299.38;43299.38;49291.26;49291.26;0.05520343;365.8331299;;;17.40201389;13.23541704;5.904907058;10.80552235;;;;
0;2012;1306;JIPIJAPA;13;MANABI;88863782.9;220048.85;88646687.25;302556.38;79755951.37;4922436.45;91776405.5;4279911.65;130260.49;130260.49;141342.64;141342.64;119613.86;119613.86;0.211211363;1532.760864;;;18.19448193;15.40931438;7.335478079;11.69203236;;;;
0;2012;1307;JUNIN;13;MANABI;133578014.2;25139.99;162700344;13479.56;181789183.1;305959.28;198927940.4;1277088.12;37910.53;37910.53;42506.14;42506.14;49024.6;49024.6;0.246810877;314.6838684;;;19.01835824;12.63121057;5.754741296;10.80009789;;;;
0;2012;1308;MANTA;13;MANABI;2415854102;525710730.9;2558771132;638121984.6;2586142143;700769279.4;2862568983;770176577.9;1767504.12;1767336.15;1867063.22;1866882.28;2022601.74;2022369.49;6.776875732;10124.65234;;;21.67343308;20.36768926;9.222827319;14.51978089;;;;
0;2012;1309;MONTECRISTI;13;MANABI;1267974056;660348554.6;1225513690;595464130.1;1208684374;735752555.2;1282368943;822795496;695209.14;689981.13;666176.4;660039.41;750760.21;745248.76;1.656246489;6219.205566;;;20.91279831;20.41640442;8.735558234;13.52147469;;;;
0;2012;1310;PAJAN;13;MANABI;51685718.21;16031.41;45399032.33;344527.13;45101745.14;857130.32;48453954.61;1131949.4;62229.79;62229.79;63133.38;63133.38;68164.44;68164.44;0.237198703;1296.053711;;;17.62443152;13.66134642;7.167850595;11.12969297;;;;
0;2012;1311;PICHINCHA;13;MANABI;41556424.49;4316081.05;48928355.32;10035026.18;74741776.55;41381861.48;91632024.44;84117988.76;61759.24;61759.24;65164.6;65164.6;80812.15;80812.15;0.059746741;318.3903809;;;18.12954976;17.53835324;5.766414119;11.29989498;;;;
0;2012;1312;ROCAFUERTE;13;MANABI;72934811.96;436052.43;79546654;198255.17;73183255.28;1345618.3;86896860.76;1851746.7;55304.02;55304.02;58416.81;58416.81;59605.17;59605.17;1.547889566;2227.413086;;;18.10847721;14.11236491;7.70904499;10.99551437;;;;
0;2012;1313;SANTA ANA;13;MANABI;88885989.91;157859.47;97269482.84;11034.29;115925035.5;3724370.45;139948887.4;5296948.04;72163.26;72163.26;77163.04;77162.34;74096.94;74096.27;0.200751989;1017.210327;;;18.5684543;15.13040866;6.925801784;11.21313397;;;;
0;2012;1314;SUCRE;13;MANABI;142305257;177459636.8;132896715.5;170723904.7;123310560.6;181071546.8;160301277.3;153555976.7;148861.98;148294.3;163474.74;162825.18;190776.07;190086.1;0.429922199;1484.091431;;;18.63021662;19.0144028;7.303231619;12.15523767;;;;
0;2012;1315;TOSAGUA;13;MANABI;172353262.9;163380.26;177192704.2;413863.17;166853579.4;3715128.1;196339601.5;5614791.18;87979.41;87979.41;92077.68;92077.68;104738.5;104738.5;0.735739904;1400.113037;;;18.93262722;15.12792399;7.245022226;11.55923159;;;;
0;2012;1316;24 DE MAYO;13;MANABI;22185851.02;90018.6;18913316.59;28301.61;23637126.67;328490.42;31145668.18;571600.9;27291.32;27291.32;31085.53;31085.53;34578.35;34578.35;0.232261574;616.65448;;;16.97832924;12.702266;6.425929207;10.45101196;;;;
0;2012;1317;PEDERNALES;13;MANABI;245002225.5;1797363.44;197795410;32379478.21;191826208.3;8070865.32;262227727.7;42519735.19;190686.32;190686.32;200178.72;200178.65;194048.57;194048.5;0.104185272;976.1118164;;;19.07210036;15.90377139;6.884601094;12.17586856;;;;
0;2012;1318;OLMEDO;13;MANABI;10358182.03;177880.85;9964613.01;93998.39;11503035.31;537161.58;13531091.61;675110.42;13049.79;13049.79;13484.96;13484.96;15585.62;15585.62;0.181298651;236.9573364;4258;4165;16.25812159;13.19405608;5.472091399;9.654168133;2432.640214;7.797143446;2761.833208;7.924011957
0;2012;1319;PUERTO LOPEZ;13;MANABI;38456336.51;2073463;41931015.94;4245307.77;39878231.72;5673645.44;38848255.83;5461428.44;37352.66;37352.66;40067.85;40067.85;48670.04;48670.04;0.194655322;424.3486023;;;17.50134119;15.55134258;6.052909073;10.79283947;;;;
0;2012;1320;JAMA;13;MANABI;39230299.96;37969.4;33666642.49;71049.89;33145821.36;161022.16;37561826.98;414685.72;26234.76;26234.76;31256.05;31256.05;32461.3;32461.3;0.11227814;324.4838257;;;17.31642724;11.98930348;5.78531277;10.38783469;;;;
0;2012;1321;JARAMIJO;13;MANABI;471340065.3;452321580.1;437118270.4;431964006.2;454522037;612371475.1;548271851;718025336.4;253847.37;253847.37;287278.86;287278.86;325801.48;325801.48;4.833520787;2532.764893;;;19.93475696;20.23284964;7.837461575;12.69404659;;;;
0;2012;1322;SAN VICENTE;13;MANABI;47663185.96;59338.18;53922249.91;54705.67;48822595.25;483149.45;65110596.46;780109.66;33808.37;33808.37;37834.32;37834.32;45518.9;45518.9;0.18290463;639.6174927;;;17.7037038;13.08808337;6.462432544;10.72590487;;;;
0;2012;1401;MORONA;14;MORONA SANTIAGO;161476848.7;177390.15;166702898.7;272843.69;164346374;3331645.01;194261790.2;5379146.6;157234.2;157233.58;172343.2;172342.49;175063.96;175048.72;0.101512116;2281.383301;56624;58843;18.9174868;15.01897704;7.732975483;12.07282533;2851.73864;7.956034738;2792.963887;7.935216614
0;2012;1402;GUALAQUIZA;14;MORONA SANTIAGO;52048722.68;41859.28;53165387.25;181345.11;53356974.96;1411454.48;65358778.77;2989844.4;54176.76;54130.25;58883.24;58807.92;61308.71;61221.18;0.064425462;681.8790894;22493;23155;17.79251529;14.16013199;6.526317815;11.02226482;2313.996474;7.747163443;2304.339234;7.742983118
0;2012;1403;LIMON INDANZA;14;MORONA SANTIAGO;23651929.78;75457.2;26917221.66;209203.3;25811760.27;749289.55;31230387.5;1141575.68;25624.08;23542.34;29761.83;26862.75;33124.81;29669.73;0.070216808;618.0483398;10256;10150;17.06634081;13.5268821;6.428183363;10.29791632;2306.1554;7.743770616;2543.030568;7.84150494
0;2012;1404;PALORA;14;MORONA SANTIAGO;34589991.59;10143469.89;47318402.42;7155400.52;43059800.25;9455501;49201218.73;13811549.34;53848.36;53816.39;56890.65;56863.18;55044.46;55018.45;0.08524775;604.6622925;11915;12718;17.57810043;16.06210735;6.406322558;10.91544204;2903.06266;7.973865953;3385.736771;8.127622132
0;2012;1405;SANTIAGO;14;MORONA SANTIAGO;16942552.64;832.22;19130488.18;58996.33;18935711.33;309407.88;20183772.15;504006.23;36321.28;35697.72;36814.94;35855.92;32538.18;31226.38;0.077296808;540.8457642;9971;9980;16.75656024;12.64241892;6.294981393;10.34905055;1699.182894;7.438491109;1897.365865;7.548748724
0;2012;1406;SUCUA;14;MORONA SANTIAGO;57211170.07;326960.48;61899887.07;1657393.93;63035551.27;1879742.12;73102917.84;3435909.53;55924.84;55924.84;60605.39;60588.17;68998.25;68980.87;0.225658764;999.8939819;23972;24610;17.95920945;14.44664569;6.908648862;11.141599;2386.5831;7.778036878;2561.379572;7.848691626
0;2012;1407;HUAMBOYA;14;MORONA SANTIAGO;7062237.13;15000;4709514.26;0;5648661.36;124932.09;8430938.58;458179.8;16350.18;16350.18;18298.05;18298.05;19686.18;19686.18;0.069703246;229.7418976;11384;11781;15.54692932;11.73553359;5.441299759;9.887722941;620.365173;6.431918949;479.4721467;6.174769259
0;2012;1408;SAN JUAN BOSCO;14;MORONA SANTIAGO;4713944;250;5429645.12;7776;4732705.5;40549.24;5587878.81;67780.23;13306.65;13173.59;13655.51;13491.07;14924.51;14769.98;0.056007532;294.9916687;4474;4520;15.3700078;10.61029698;5.690331308;9.600419724;1053.630755;6.96094599;1047.058739;6.954694912
0;2012;1409;TAISHA;14;MORONA SANTIAGO;7086204.27;17343.23;8238391.33;34092.68;14676667.74;140623.13;14368998.48;449600.64;34290.23;34290.23;39689.95;39689.95;48826.89;48826.89;0.01106806;325.2792053;28457;29997;16.50176963;11.85384587;5.787753473;10.79605694;249.0144523;5.521518726;489.2711851;6.194958677
0;2012;1410;LOGROÐO;14;MORONA SANTIAGO;7603104.62;232.62;7018400.59;3010;7424157.95;148303.7;8680309.86;118874.7;13415.7;13415.7;16467.85;16467.85;20133.28;20133.28;0.03106779;178.8883362;;;15.82024996;11.90702422;5.192336304;9.910179114;;;;
0;2012;1411;PABLO SEXTO;14;MORONA SANTIAGO;4142065.17;20;4669920.01;160.01;3264968.56;185426.65;2905640.23;465652.77;8689.61;8689.61;9153.19;9153.19;10171.19;10171.19;0.093027949;633.9854736;2303;2380;14.998761;12.13042006;6.453602122;9.227412805;1798.551963;7.495293003;1371.835529;7.224633609
0;2012;1412;TIWINTZA;14;MORONA SANTIAGO;4363337.61;871.09;4934834.16;578;6737998.71;104754.84;7844456.71;162044.84;14897.42;14897.42;18280.78;18280.78;18799.27;18799.27;0.028408274;165.1372986;9893;10271;15.72327366;11.55938759;5.112814546;9.84162651;441.0530284;6.091429849;656.0216834;6.487717022
0;2012;1901;ZAMORA;19;ZAMORA CHINCHIPE;114812373.5;7888946.66;131538202.1;9179682.18;161479622.7;21437352.57;211175922.7;20869318.18;125486.43;120940.55;120295.39;114184.78;113901.64;105900.65;0.117275383;1081.630859;31217;31769;18.89988952;16.88064545;6.987149339;11.57026611;3677.879792;8.21036358;5082.930613;8.533839984
0;2012;1902;CHINCHIPE;19;ZAMORA CHINCHIPE;13281957.7;8954.18;17404036.42;4152.76;21606307.32;173126.33;27728577.01;355949.1;20733.43;20379.29;23713.19;23278.56;26752.01;26250.02;0.041931435;237.9608917;10716;10871;16.88849588;12.06178261;5.476299906;10.17546012;1239.451073;7.123230361;1987.517921;7.595144877
0;2012;1903;NANGARITZA;19;ZAMORA CHINCHIPE;5833171.08;47242.71;6159954.31;20241.4;6588489.69;593530.85;15100266.78;514331.64;15923.18;14255.2;17606.79;15415.33;21370.19;19229.28;0.015130754;148.0241699;6916;7118;15.70083485;13.29384616;5.004108507;9.864241399;843.4313302;6.738663419;925.6096783;6.831532418
0;2012;1904;YACUAMBI;19;ZAMORA CHINCHIPE;2906887.17;3104.03;3297414.77;0.02;4001168.18;59636.57;6239140.73;382009.32;12370.47;12345.64;11913.5;11875.19;15739.42;15710.82;0.019429143;118.9840698;6555;6584;15.20209717;10.99604102;4.787358983;9.662168574;443.4610481;6.09686242;607.7108414;6.411343346
0;2012;1905;YANTZAZA;19;ZAMORA CHINCHIPE;189167296.2;810028876.9;221888772.4;899627048.6;261448568.4;1218239831;347132035.8;1799503129;410242.71;124039.04;557670.9;140755.83;618161.93;160443.83;0.237113006;1186.276367;24252;24801;19.38174815;20.92067289;7.079417196;11.98570542;7800.069939;8.962016175;10541.85591;9.263203744
0;2012;1906;EL PANGUI;19;ZAMORA CHINCHIPE;214026626.2;1055939435;330843175;1169982066;429046365.4;1120576495;485258360;1554287307;673693.8;65378.34;850635.34;101504.9;819598.57;118092.11;0.265782346;826.848877;13377;14048;19.87707555;20.83710912;6.718830622;11.67922866;15999.59828;9.680381393;30541.45539;10.32687297
0;2012;1907;CENTINELA DEL CONDOR;19;ZAMORA CHINCHIPE;12248308.34;150348.07;14396367.91;45177.11;13996733.53;679110.08;19474316.34;778324.91;19698.46;19371.64;18477.8;18080.14;21694.97;21282.17;0.279238344;377.8094788;7985;8167;16.45433461;13.42853999;5.937033384;9.965671899;1533.914632;7.336230044;1713.815787;7.447060941
0;2012;1908;PALANDA;19;ZAMORA CHINCHIPE;8494585.9;7288.75;11085290.08;4555.25;13014233.91;116940.46;19923233.57;204873.66;19686.27;19647.88;20173.4;20122.24;25767.8;25603.22;0.019529775;189.927063;9036;9098;16.38155431;11.66942875;5.251891486;10.15051246;940.0825476;6.847030859;1430.449979;7.266443181
0;2012;1909;PAQUISHA;19;ZAMORA CHINCHIPE;12726894.71;7252.55;14507991.26;86466.78;21699430.52;82737.83;34928988.39;462056.79;15064.28;13812.65;17497.16;15292.71;20795.08;18490.62;0.081133864;141.74086;5047;5194;16.89279662;11.3234443;4.961030818;9.825072935;2521.675195;7.833075203;4177.787932;8.337776515
0;2012;2401;SANTA ELENA;24;SANTA ELENA;632585138.7;23329512.99;655750852.2;18026549.43;657157859.7;39782983.22;725329887.5;36516714.96;414438.49;388617.84;433742.85;406191.62;456251.81;449493.29;0.423415263;7346.678223;192798;195847;20.30343482;17.49894985;8.902139654;13.01587843;3281.077287;8.09623182;3355.46554;8.118643777
0;2012;2403;SALINAS;24;SANTA ELENA;318329769.5;16572235.98;335030071.5;13858657.65;305097670.6;25365492.66;338512087.3;24700070.38;230464.57;230273.92;252430.79;252243.04;274687.76;274494.22;6.471966877;2679.394287;88568;89454;19.53614252;17.04890029;7.893719185;12.52268913;3594.184915;8.187350705;3410.665489;8.134955864
0;2012;104;NABON;1;AZUAY;18882818.29;1629.22;16435154.64;6404.02;16368186.64;74917.92;19544675.1;161488.09;25904.48;25793.09;23033.72;22926.1;31194.22;31110.94;0.387968015;1235.290161;15268;14972;16.61085023;11.22416174;7.119870369;10.34534695;1236.757813;7.121056807;1093.253182;6.997827384
0;2012;2402;LA LIBERTAD;24;SANTA ELENA;455816372.3;5969710.07;472636316.6;3612014.55;466130614.1;15937621.81;509930071.6;19871368.08;551875.28;462857.59;727627.06;642534.12;795409.82;730124.72;17.37883697;2572.067871;117819;118177;19.95997644;16.58419309;7.85285419;13.50097202;3868.784935;8.260954212;3944.342927;8.280291156
0;2012;1114;PINDAL;11;LOJA;51113967.6;38904.23;36864552.93;19941.14;45111636.52;534829.96;49636770.71;594485.17;31727.85;31718.96;32480.18;32471.02;30109.35;30102.33;0.223013538;240.6316071;10679;10887;17.62465081;13.18970601;5.487414281;10.31239108;4786.400187;8.473742785;4143.624187;8.329567397
0;2012;702;ARENILLAS;7;EL ORO;125426748.8;1866.01;118238108.4;888194.19;125570309.8;3707936.45;145483327;5298205.38;89812.71;89812.71;91771.07;91771.06;105476.25;105476.24;0.46790859;1873.038086;33303;33741;18.6483764;15.12598634;7.535850786;11.56625047;3766.229734;8.234095192;3721.594197;8.222176069
0;2012;707;HUAQUILLAS;7;EL ORO;439105363.7;3082922.43;431219234.7;2746182.31;413489721;8585801.31;580905601.7;10172760.66;173805.59;173607.96;177354.93;177153.02;161675.93;161546.51;4.479761993;1661.991699;59217;59696;19.84014322;15.9656205;7.416373488;11.99255456;7415.190971;8.911420858;6926.590073;8.843267279