PROVINCIA;COD_PROV;CANTON;COD_CANT;A_19;B_19;C_J_19;D_E_19;F_19;G_19;I_19;H_J_19;K_19;L_M_N_19;O_19;P_19;Q_19;R_S_T_U_19;"TOTAL_19
";A_20;B_20;C_J_20;D_E_20;F_20;G_20;I_20;H_J_20;K_20;L_M_N_20;O_20;P_20;Q_20;R_S_T_U_20;"TOTAL_20
"
AZUAY;01;Cuenca;0101;92902;69017;902216;77682;835958;499822;142404;372735;305127;480667;499691;212807;220835;67250;4779114;82336;75532;833978;64623.74247;755672.0216;434782.3788;102069.0379;327682.3493;310425.3614;369840.812;428299.2921;207774.153;227950.1015;51049.9768;4272015.29
AZUAY;01;Girón;0102;1157;547;413;748;1928;1207;166;2847;320;2133;4131;4258;5159;188;25202;691;517;312;628.0230022;1276.666484;994.6628286;79.27420502;3214.50952;472.2453371;1516.50941;3564.566557;4250.119759;7196.76615;154.6361203;24868.29744
AZUAY;01;Gualaceo;0103;3247;146;5827;2522;11510;7240;1724;6355;13136;10551;10212;16730;10033;1333;100566;3378;148;3284;1912.837104;10824.22529;5831.756044;1086.573283;4019.900902;12190.71383;9015.348558;6958.687004;15911.0413;10380.39677;869.1362316;85811.59608
AZUAY;01;Nabón;0104;5462; -   ;446;511;1156;536;115;3235;1533;1182;3027;5231; -   ;310;22745;5385; -   ;599;312.4568836;1091.145396;504.8374962;95.9068974;2043.060274;1567.397676;657.2171051;3061.019594;4838.153624;0;195.8913529;20351.0219
AZUAY;01;Paute;0105;17060;1272;360;1273;1500;5335;1065;4733;7732;6932;4760;9892;7647;423;69984;8979;1480;299;1051.726523;965.9960291;4843.754902;1054.175355;4994.685727;7120.549344;4055.723954;4244.089006;9512.235299;8651.87534;581.330898;57834.17383
AZUAY;01;Pucará;0106;961;244;155;461;617;191;96;901;1255;1107;2930;3298; -   ;70;12284;666;215;91;295.2087577;493.1797931;173.0395485;70.76444708;610.3343528;1371.017905;735.9476651;2193.761975;3295.877306;0;74.38021468;10285.61636
AZUAY;01;San Fernando;0107;2675; -   ;142;249;516;110;288;832;549;563;933;1086; -   ;17;7959;2725; -   ;131;119.8574031;360.7268832;94.47009419;250.9285766;560.789745;575.1569072;382.2911709;1305.974625;1057.935925;0;20.35048258;7583.754026
AZUAY;01;Santa Isabel;0108;5143;1808;442;1183;2500;4277;1096;6163;6176;3075;6832;7077;4229;231;50231;4038;1686;306;949.488124;2371.946782;4049.329913;587.3174665;5154.086416;5755.601155;2695.590554;5358.633865;6887.084119;6056.776148;276.5407238;46171.98479
AZUAY;01;Sigsig;0109;7554; -   ;655;710;3840;1290;196;3474;5324;4139;6926;9628;5614;465;49815;5813; -   ;574;644.3548915;3822.859463;1052.650133;101.3115792;2887.208915;5303.172713;3170.714555;4883.409148;9018.706877;6705.550946;342.4702815;44319.11812
AZUAY;01;Oña;0110;1275; -   ;113;106;484;229;135;1175;412;294;1199;1288; -   ;45;6756;747; -   ;96;121.5869521;321.442009;185.2657279;111.7744867;1191.029296;421.4005917;223.8210352;1072.78145;1236.446205;0;47.9746967;5776.253047
AZUAY;01;Chordeleg;0111;1994;540;3726;398;2182;942;549;894;1865;2234;3565;5040;959;218;25106;1691;516;2590;329.326672;1340.92821;665.9619015;309.3198769;426.2554007;2145.551912;1506.507047;3084.435519;4840.778775;898.4091471;219.8616608;20564.89113
AZUAY;01;El Pan;0112;2919; -   ;38;87;2405;185;66;232;42;308;1686;700; -   ;46;8714;1548; -   ;14;69.40287949;2265.372467;172.3332568;60.30099295;119.3139945;37.1087318;364.8819238;1275.687801;654.9752193;0;29.83260648;6610.977266
AZUAY;01;Sevilla De Oro;0113;3131; -   ;127;181478;2848;171;35;2419;768;1131;1096;1724;288;48;195263;2339; -   ;183;166963.2633;2765.864702;158.6002604;31.83352087;1433.024646;513.2560173;1244.805607;1043.267774;1640.719487;224.6022868;31.48083631;178572.3669
AZUAY;01;Guachapala;0114;4488; -   ;27;90;486;158;184;865;148;476;1222;800; -   ;22;8963;4257; -   ;30;83.62035559;447.4875668;107.6367475;111.8768726;404.6038595;135.1182788;290.6205344;1119.085751;779.6699003;0;14.722438;7781.805663
AZUAY;01;Camilo Ponce Enríquez;0115;1785;9460;518;3921;1894;3668;86;2914;1452;5230;5979;10078; -   ;4647;51635;1272;9702;354;4962.792202;1806.96664;3553.345983;81.93240228;3106.234507;1516.045255;4749.758595;6043.084774;9927.009185;0;3421.962504;50497.94313
BOLÍVAR;02;Guaranda;0201;68420; -   ;7697;4526;101170;28366;3936;48984;7937;15025;26860;34549;28146;12027;387643;74232; -   ;5963;2869.020783;79371.34415;28167.00402;2239.474568;36541.02479;10154.8303;13247.37324;36751.82999;32136.38296;34372.87663;11588.16393;367633.8797
BOLÍVAR;02;Chillanes;0202;3249;1183;278;639;897;2984;299;2691;349;448;2333;5825;3481;424;25080;2111;648;269;938.8745663;881.3553741;2949.010754;278.9361788;1750.526828;510.0303772;532.7530253;1757.954459;5385.273301;4884.459571;497.727276;23394.63032
BOLÍVAR;02;Chimbo;0203;2795; -   ;317;376;3866;5745;384;5016;1507;1028;4121;3865; -   ;513;29533;2207; -   ;169;389.4895;3616.821123;5702.780454;281.2957677;3227.1988;1716.961973;595.2970858;2636.387052;3720.929372;0;614.6083025;24878.20327
BOLÍVAR;02;Echeandía;0204;11172; -   ;324;376;2076;4584;175;2769;174;474;3256;5499; -   ;29;30908;9758; -   ;220;381.4325627;1552.199761;4496.14883;115.9598374;1947.818338;229.3272105;392.0711482;2242.057682;5550.99236;0;17.45746273;26903.41002
BOLÍVAR;02;San Miguel;0205;12780;287;579;626;3882;6195;286;1631;1120;1888;2802;8546;3331;280;44235;9314;421;481;636.6399384;3583.886243;5992.707295;222.1051963;1278.652748;1334.029612;2168.210742;2082.587976;8151.231693;4223.70468;214.3994587;40104.17711
BOLÍVAR;02;Caluma;0206;16315; -   ;204;550;2392;8799;186;10789;908;1329;2067;5828; -   ;21;49387;11254; -   ;144;422.1822849;2317.356282;8651.120712;102.855371;7852.771136;1062.059037;868.8355245;1437.596163;5539.070125;0;28.28154857;39679.38859
BOLÍVAR;02;Las Naves;0207;9221; -   ;43;214;233;556;60;1909;0;215;1228;2087; -   ;64;15830;8961; -   ;54;178.7651093;230.7257045;398.6091774;42.59333523;1841.296687;0.001765368;210.6396511;948.9776243;2136.464413;0;54.50847313;15058.11956
CAÑAR;03;Azogues;0301;15192;1899;17568;4653;80355;43774;17856;34697;27387;23566;17130;27383;41343;4356;357160;12103;1234;13633;5560.578494;57860.12536;43409.18245;17797.53627;35678.25697;27448.30064;18544.16244;25612.38242;27213.8605;46993.66577;3307.540103;336395.8687
CAÑAR;03;Biblián;0302;7066;30;640;564;8325;7960;1431;24469;8268;3540;3065;5401; -   ;691;71450;5431;26;435;546.4323644;7440.900879;7875.568234;1223.356049;14065.83405;7972.769058;2720.939353;3540.661409;5210.277712;0;806.9251746;57295.7428
CAÑAR;03;Cañar;0303;11677; -   ;35632;1454;6697;14911;5156;36464;13078;9741;9654;19642;10447;2763;177317;13599; -   ;35265;1638.868016;4356.544399;13539.38756;4071.898158;31948.7486;11566.47363;7056.033845;12244.77566;18295.44445;12764.9826;2806.74137;169154.1439
CAÑAR;03;La Troncal;0304;97094; -   ;54332;4495;49654;30597;5617;38079;9892;10104;7271;25316;10896;1734;345080;88887; -   ;51071;4650.192246;47800.35699;29388.10496;4056.502646;32962.50506;9746.605242;6579.041071;7414.406558;24214.4867;12672.33353;1251.052405;320694.0597
CAÑAR;03;El Tambo;0305;3641; -   ;2937;498;15053;3196;700;14101;2608;3541;2609;4193; -   ;70;53147;2099; -   ;3243;351.7317641;10204.44659;3081.403868;550.8706169;14136.01135;2576.670865;1949.090893;3695.829863;3862.644103;0;71.65092974;45821.86403
CAÑAR;03;Déleg;0306;3527; -   ;70;144;3549;414;105;3387;84;1061;1243;1781; -   ;5;15371;1941; -   ;39;201.7295441;3499.761787;378.8485715;66.70653375;3697.315147;114.0355485;990.7987664;1548.491649;1782.947468;0;4.408585239;14265.10158
CAÑAR;03;Suscal;0307;871; -   ;32;79;1506;407;112;3908;1488;811;905;1826; -   ;70;12015;1109; -   ;18;62.48644359;1142.323525;316.2301201;61.31056617;2967.376614;1386.934895;717.2011252;999.6741601;1587.975909;0;39.88954969;10409.04105
CARCHI;04;Tulcán;0401;58005;248;9415;6144;74440;70769;11307;73593;18517;16225;18957;27258;27303;8505;420686;80843;145;9695;5778.343325;64138.21735;59098.9566;9581.799544;72182.5538;18961.12115;11718.46914;21656.18473;27483.23624;39841.56138;7047.487324;428171.9059
CARCHI;04;Bolívar;0402;23464; -   ;188;351;640;1717;163;6047;438;1748;2126;4165; -   ;160;41208;34470; -   ;124;345.3493281;473.4593343;1680.816154;95.31054211;3912.154048;439.7895919;1221.406784;1948.304915;4017.299252;0;111.2095989;48839.70253
CARCHI;04;Espejo;0403;49779; -   ;646;748;1772;3177;556;1277;887;1252;4133;3675;3115;410;71425;72030; -   ;417;791.9076065;1705.861348;2270.809953;339.0999211;883.4322209;1063.100001;706.1161025;2639.545032;3318.026708;4290.765432;299.8672113;90755.46545
CARCHI;04;Mira;0404;16752; -   ;177;354;2824;892;187;888;665;1756;2957;4043; -   ;168;31663;23347; -   ;224;433.1516699;2822.648239;852.9293456;175.728223;779.6648626;732.9918001;1584.710321;1848.054915;3840.117574;0;167.5499842;36808.49029
CARCHI;04;Montúfar;0405;31082; -   ;1463;1254;4936;13411;389;12717;3083;4243;6600;9386;4170;801;93535;39662; -   ;1026;934.5279289;4944.908715;13316.75046;288.7309596;11542.35738;3251.986221;2359.682421;4970.576877;9333.930811;5137.40725;1139.464491;97908.2426
CARCHI;04;San Pedro de Huaca;0406;12986; -   ;3687;225;944;1255;183;2605;237;915;1611;2407; -   ;83;27139;18700; -   ;3455;183.4335125;918.0389958;1116.169399;171.0015707;2270.382068;225.0759423;1040.438969;1224.687538;2330.529675;0;84.7287752;31720.34318
COTOPAXI;05;Latacunga;0501;262940;1437;94498;15079;170177;128408;8085;169811;33841;80288;33904;75433;66198;15935;1156034;286162;767;93674;16652.83653;148862.7006;117430.436;5775.917592;158161.8785;38368.99066;47221.19606;46828.94872;75229.53329;74190.71213;12287.24443;1121613.948
COTOPAXI;05;La Maná;0502;65529;88;2672;2719;9863;22175;431;8626;2405;8681;5183;19102;1806;5792;155073;86141;47;3323;3186.481702;8766.249651;20135.99765;390.7145014;6497.357515;2952.928972;8047.253114;4403.61237;17664.69389;2200.912818;5807.946145;169565.4848
COTOPAXI;05;Pangua;0503;19332; -   ;733;477;2157;2312;33;1104;536;1641;2730;7534;2543;38;41170;14665; -   ;516;368.9545528;1213.161817;1942.913569;24.09724427;1098.92114;576.3686867;1708.060291;2083.43941;7518.268363;3568.042114;34.01328096;35316.59587
COTOPAXI;05;Pujilí;0504;20161;52;667;4343;39560;7451;128;6811;1810;8383;10843;25153;8451;3703;137516;21145;52;550;2273.649736;31512.88395;6591.642353;97.09190767;5970.201747;2000.682717;4964.903662;9647.208502;23848.32391;10489.93934;4039.843262;123183.6261
COTOPAXI;05;Salcedo;0505;76796;42;34201;1574;36511;23105;468;21872;6435;23018;6092;18950;5761;4175;258998;108389;23;39112;1865.787103;34969.78975;22287.14811;278.3203313;18074.6364;6583.640512;14914.75779;3761.777314;18734.95978;8154.778537;4239.711171;281390.3226
COTOPAXI;05;Saquisilí;0506;4777; -   ;4757;1155;3131;5597;112;6294;1426;5314;3271;8776; -   ;685;45294;3017; -   ;4673;851.8991375;2940.969169;5042.036583;65.38137699;5776.393657;1586.421735;2992.928175;3009.014966;8562.747637;0;642.655607;39161.03277
COTOPAXI;05;Sigchos;0507;5398; -   ;169;604;2195;795;154;1497;401;1860;3494;6791;1727;534;25620;4349; -   ;166;773.3673901;1753.438334;725.7370326;97.14650817;1178.566094;542.4867473;1883.084487;3128.424894;6010.402081;2491.882999;570.2555417;23669.55724
CHIMBORAZO;06;Riobamba;0601;100804;317;172825;16089;196751;156210;34982;168054;55443;120283;85966;97976;107378;19450;1332526;100056;224;181513;18272.50117;141696.2496;133455.8333;19018.14611;125724.3688;54868.71419;85607.58356;87229.80576;94046.04151;115021.1637;16446.47997;1173179.635
CHIMBORAZO;06;Alausí;0602;16064;78;395;1401;4195;2582;1881;3536;2555;4331;7460;14450;5279;1075;65281;22384;62;216;944.7916383;3929.469099;2105.692939;1020.017227;3357.602318;3156.097081;2358.119178;4940.241662;13447.19729;5092.205397;899.4178173;63912.10391
CHIMBORAZO;06;Colta;0603;21285; -   ;764;1310;3629;1323;297;3522;224;1898;7454;10292;2851;122;54972;17931; -   ;731;1026.324484;3453.323133;1294.099361;169.7739814;2336.121113;141.9879438;1406.558648;7272.555678;9178.127649;3182.628373;156.3744711;48279.97165
CHIMBORAZO;06;Chambo;0604;14193;45;667;296;1555;2128;282;5955;243;2720;1641;2732; -   ;64;32521;11741;32;438;406.8239922;1443.092294;1803.71216;197.8388996;4134.317552;285.6358025;1912.766106;1151.757755;2710.028232;0;46.94320548;26304.28709
CHIMBORAZO;06;Chunchi;0605;10425; -   ;185;426;1535;1958;218;2175;1106;1096;2581;4183;3980;98;29966;7550; -   ;174;318.5139342;987.6281711;1572.73943;126.3109635;1597.493706;1655.23781;595.9514687;2313.229467;3976.36179;4029.575758;110.7248203;25007.75035
CHIMBORAZO;06;Guamote;0606;43454; -   ;2885;961;2745;2933;300;3793;229;1881;3979;15505;3023;255;81943;43397; -   ;3088;868.1013477;2736.684859;2794.907113;206.9276939;2359.628637;307.3829637;1100.145111;3258.941252;14655.23734;3245.754886;309.8834297;78329.27327
CHIMBORAZO;06;Guano;0607;33420;506;4798;993;9628;5048;2282;6940;1118;6659;5185;7804;280;123;84786;29830;372;3310;1389.107577;7499.845297;4072.408781;1510.392125;3982.459513;1215.843184;3907.284589;4222.187215;7822.49339;321.4969908;79.45223576;69534.45656
CHIMBORAZO;06;Pallatanga;0608;8384; -   ;296;462;1036;1374;892;2614;389;1655;1203;4508; -   ;57;22869;5580; -   ;177;342.8673796;771.5377735;1135.679534;669.2869992;2104.561316;407.3976041;1121.052079;879.0109889;4179.768943;0;55.85439232;17424.12572
CHIMBORAZO;06;Penipe;0609;3890; -   ;248;261;486;351;121;1242;221;2491;1652;1520; -   ;100;12582;5057; -   ;169;181.1104377;339.4829922;294.5383997;73.51917153;812.2417096;201.6531789;1914.737412;1548.321933;1549.119113;0;92.64248847;12233.50542
CHIMBORAZO;06;Cumandá;0610;23424; -   ;233;1265;2082;3562;1146;8034;1195;2891;2232;5663; -   ;17;51743;22959; -   ;189;887.5124837;1587.699711;2721.703821;676.4646962;7578.067024;1554.011714;2988.847753;2102.594023;5422.537038;0;20.61067919;48687.49679
EL ORO;07;Machala;0701;542262;73035;140546;17462;342755;343444;41961;136095;66090;140212;72714;96873;105834;72982;2192266;434365;115968;107311;19176.11927;256887.1714;313372.5961;30344.13386;138050.1079;60881.32385;133395.3305;80857.58642;96243.71794;109188.4985;74165.77992;1970205.979
EL ORO;07;Arenillas;0702;22733;68;4217;1629;2559;4364;1206;3358;930;3752;5600;10444;5172;7736;73769;17082;71;3561;1983.49687;1718.982762;3288.21505;858.7753794;3268.129893;801.4765366;2535.886543;3159.969682;10408.33099;6132.061182;6988.639672;61857.73699
EL ORO;07;Atahualpa;0703;1817;76;3282;119;1064;359; -   ;539;202;657;3430;1443; -   ;51;13037;1135;80;2352;136.7554836;767.5046383;281.3837901;0;315.6755616;170.8931498;456.415418;2822.368612;1416.800681;0;65.36774563;9999.494176
EL ORO;07;Balsas;0704;18863; -   ;4840;231;1731;4244;504;2038;586;2122;1075;3211; -   ;5362;44807;15927; -   ;5724;314.7999221;1597.261189;4016.872682;395.8071714;2184.297981;305.7330795;1767.491933;1060.863883;3014.930902;0;5300.915879;41609.86886
EL ORO;07;Chilla;0705;870; -   ;1090;51;496;100; -   ;276;33;124;2886;633; -   ;15;6574;1046; -   ;1089;58.51774487;400.5904903;79.2482858;0;282.6155989;33.07581046;100.651535;2167.857502;589.1646395;0;19.00744346;5865.391648
EL ORO;07;El Guabo;0706;195079;118;9237;20589;4521;32568;857;13557;3958;6994;5216;19143;8727;11839;332404;169284;102;8780;22421.47661;2387.800702;28361.57802;698.6166433;14329.57922;3801.839602;6693.795825;5685.779937;18966.76555;10912.93196;11845.12874;304270.5959
EL ORO;07;Huaquillas;0707;12156; -   ;8650;1696;4783;57765;8782;16379;3779;8024;5682;19894;10569;4416;162574;8379; -   ;6859;2164.288939;3501.085514;50804.80337;6325.364869;18073.43827;3128.984369;5993.317639;4820.021366;19642.64706;11038.78498;3034.47043;143765.0484
EL ORO;07;Marcabelí;0708;2413;618;2619;144;2244;1228;117;651;0;769;1281;1734; -   ;82;13900;2134;381;2486;204.7045674;1297.590237;1198.828518;101.0939242;444.8471362;0.026584077;691.8921438;1117.732842;1668.612517;0;104.4717144;11830.42795
EL ORO;07;Pasaje;0709;68654;4676;14848;2987;9465;30447;9168;21344;11866;17480;9077;29200;15540;9664;254415;80068;3979;16711;3916.472179;5543.241408;29991.92277;8393.214322;21851.20817;10586.76288;12246.10013;8527.604216;28336.79215;22811.60283;8678.086076;261640.1523
EL ORO;07;Piñas;0710;20916;5223;7513;991;8142;12232;2579;11287;7226;7279;5190;9472;12613;7932;118597;16906;5119;7321;1410.673014;6300.353846;12099.93261;2546.212335;10598.21987;6991.207082;6368.232248;3458.775769;9069.564753;18890.61793;7052.123808;114132.7231
EL ORO;07;Portovelo;0711;798;29692;2093;1377;2354;2570;162;1766;473;5224;1690;3792; -   ;437;52429;695;49755;2211;1804.585068;1686.725495;2251.077074;143.4343332;1356.026604;423.7313298;4970.955293;2126.494257;3832.120653;0;607.5031081;71864.17318
EL ORO;07;Santa Rosa;0712;108493;1841;7397;5483;22406;41355;11729;14076;9462;15031;9995;26613;22283;5304;301469;80570;3099;5650;6750.658363;14735.62125;40759.8261;8990.877851;13803.44506;8618.331121;14545.07626;7093.551865;26758.28736;28483.71977;4483.034792;264341.9561
EL ORO;07;Zaruma;0713;3000;32857;3053;1283;5292;5076;4033;9622;3295;3836;4076;8291;4288;251;88253;1998;43389;2744;1658.004168;2985.445478;4003.067345;3008.065117;9500.814163;3338.674892;3485.466913;3859.209795;8213.040994;4815.360928;225.0080602;93222.77303
EL ORO;07;Las Lajas;0714;559; -   ;3082;75;994;359;116;392;36;1429;1418;1430; -   ;45;9934;739; -   ;1964;108.7395463;779.5267717;314.4552483;76.62215289;304.9107467;35.72505681;1124.812329;936.3023408;1190.050818;0;34.81105752;7609.606382
ESMERALDAS;08;Esmeraldas;0801;102709;429;699950;14068;264674;107624;12784;221362;14891;31041;57186;84277;64417;18893;1694302;83122;368;1039562;16615.13879;184457.8276;107593.0885;9726.639188;210352.1571;13620.51404;25560.26718;78893.17513;83883.76793;82132.38785;14288.76966;1950175.825
ESMERALDAS;08;Eloy Alfaro;0802;127867; -   ;3996;836;11364;7383;388;863;0;1063;6692;19249;8470;343;188512;168336; -   ;2540;606.1749364;10727.63763;7074.241491;370.6645688;579.104231;0.199722485;739.851156;6100.581308;18687.58858;11692.23448;455.6732489;227909.8998
ESMERALDAS;08;Muisne;0803;41487; -   ;680;650;5230;5054;1915;447;1;458;4074;12800;4495;266;77557;27766; -   ;629;484.3611087;4180.594555;5018.527463;1394.055956;383.2248547;1.04050512;233.1165213;3920.170786;12440.63182;5559.370749;181.5095293;62191.63048
ESMERALDAS;08;Quinindé;0804;212500;461;47522;1407;26889;56397;2370;11216;2170;9752;15055;47757;13732;13926;461151;190801;466;52006;1730.87555;26268.11282;55314.31296;2021.067662;7809.243929;2388.694404;5420.687055;11352.56121;46989.17161;18269.84787;10162.96581;431000.7502
ESMERALDAS;08;San Lorenzo;0805;31367; -   ;667;848;9727;16504;749;1889;501;617;7514;20082;9160;624;100248;39592; -   ;551;983.9859028;7615.901494;15495.34832;515.1223728;1423.637795;648.4297372;507.1786254;5764.565664;19639.27384;11733.19826;494.0913058;104963.3444
ESMERALDAS;08;Atacames;0806;21713; -   ;4753;1027;61852;17968;19752;2933;991;11095;6266;20955;6687;2940;178931;29854; -   ;2961;1116.967397;43886.19755;17476.33392;10399.62614;1515.530975;779.0866484;10024.27749;5541.375786;20318.83831;9281.223166;2074.74533;155228.5557
ESMERALDAS;08;Rioverde;0807;57711; -   ;123;309;1587;4824;412;1762;0;1625;10202;12552; -   ;170;91277;44609; -   ;179;384.268435;1497.039896;4095.412289;405.3464174;954.8653261;0.001625776;1323.247067;6564.984491;11722.51214;0;151.9048679;71887.95711
GUAYAS;09;Guayaquil;0901;1266934;92119;4507642;340020;3201676;2894330;654346;1688696;817584;3197062;1277360;1009138;697683;556591;22201182;1359687;99960;4710479;320598.5601;2476461.293;2794356.802;563335.1031;1668779.097;756473.3828;3000584.789;858197.2604;971753.9715;873834.7871;509771.353;20964271.63
GUAYAS;09;Alfredo Baquerizo Moreno;0902;17254; -   ;7370;663;4421;2204;157;2092;513;643;3178;7631;356;190;46672;14667; -   ;6847;707.9315963;3220.34684;2195.686874;106.2521415;1823.888404;409.5108662;758.3451348;2369.348689;7109.60297;399.9159016;127.5737371;40742.94117
GUAYAS;09;Balao;0903;40380; -   ;1392;868;1908;3188;120;967;714;1282;2635;8041;499;189;62184;40666; -   ;748;849.2063883;1724.315465;2925.357498;94.05404489;943.1073154;459.474114;1070.231071;2139.851005;8031.270127;565.9187287;209.010842;60425.95788
GUAYAS;09;Balzar;0904;22784; -   ;1315;1302;3236;8740;604;3298;1259;2377;7220;23994;5474;456;82059;29554; -   ;1190;1343.005078;3113.352381;8601.499876;573.3746158;2535.326934;1619.136244;1992.142474;5631.68203;22609.6036;6559.847534;246.4129641;85569.40763
GUAYAS;09;Colimes;0905;36996; -   ;7613;581;1285;2127;150;1308;171;494;2505;7367;581;58;61237;39816; -   ;4855;453.4040904;1022.383099;2035.353857;134.0934144;1133.091246;100.9112421;429.3979746;2268.582505;7212.010432;671.5568914;37.76635305;60169.13165
GUAYAS;09;Daule;0906;22039;1286;26931;11795;51478;28345;3785;15747;10770;243743;22833;55956;14698;17456;526862;23698;1444;40330;16279.86158;51511.01854;27748.83428;3347.855556;16140.7945;12666.48226;190637.0144;17403.61783;55067.15765;21131.13241;20923.3284;498329.3273
GUAYAS;09;Durán;0907;26576;11200;1173297;27009;132261;170016;13951;55121;11076;58522;23886;94879;6947;4881;1809622;26110;9515;1274543;26475.5904;132780.5267;153828.1697;10495.01624;57119.71091;9773.441319;51924.359;15834.43644;94160.15409;5202.526345;5572.573266;1873334.545
GUAYAS;09;El Empalme;0908;48426;233;4153;23630;3045;14059;1622;9680;1730;5921;9592;34808;8440;791;166132;45592;219;3221;17976.1321;2959.986024;12210.19262;1587.843603;7967.575374;2378.339154;4968.84332;7475.155906;33041.1363;10980.28908;544.2115842;151122.8794
GUAYAS;09;El Triunfo;0909;68628;166;7879;1927;4029;11812;3394;6105;3565;4850;5882;22106;3874;3169;147386;75608;166;9048;2273.505409;3323.14511;11694.59852;3084.931047;5965.587505;3720.688462;5202.659497;5802.939517;21000.51848;5128.589417;3509.19122;155528.4494
GUAYAS;09;Milagro;0910;74711; -   ;95340;13392;17877;49991;14046;15643;21549;54107;33789;76874;58564;4546;530428;70093; -   ;104724;16236.82664;17704.47543;48436.80757;13373.38952;14931.06727;19573.75885;52968.85472;28612.47001;73659.02193;78165.36179;4911.546368;543390.1953
GUAYAS;09;Naranjal;0911;133458; -   ;25594;3357;4803;15023;5175;3433;4200;17039;6677;31017;4747;5915;260437;137627; -   ;27155;3650.002624;3586.950723;14717.83295;5130.09388;3149.398673;3739.827129;15821.2913;6645.133074;29312.38241;6538.565325;5307.65114;262380.5282
GUAYAS;09;Naranjito;0912;24439; -   ;891;1296;671;4326;832;4837;147;580;3614;17289;4948;830;64701;25538; -   ;561;1388.587504;433.3774678;3977.2453;668.791685;4916.973705;165.2296463;587.2505768;2117.366561;16908.45395;6695.157278;627.3030244;64584.88235
GUAYAS;09;Palestina;0913;23168; -   ;5917;561;857;2588;57;1132;145;752;1528;6084; -   ;158;42946;22725; -   ;3736;694.5327604;693.1229842;2474.377269;43.6936613;874.4351068;114.312044;663.3109319;1016.651235;5889.155895;0;119.3981954;39043.35598
GUAYAS;09;Pedro Carbo;0914;21820; -   ;302;1759;1269;3126;1404;1926;262;3594;3156;19752;461;441;59272;28548; -   ;186;1445.544832;953.8350666;3110.909175;1105.379975;1225.962328;255.670952;3910.090796;2166.131562;19319.93925;358.7949204;231.1947071;62817.31917
GUAYAS;09;Samborondón;0916;85179;193;45792;15909;110100;107043;48501;32854;38124;386851;17372;32088;5419;19805;945232;95172;203;49561;20237.21224;92922.24946;104066.0365;45211.92044;30697.48208;35427.54248;331223.1104;24024.54465;31896.41727;7592.944001;17310.81108;885546.1244
GUAYAS;09;Santa Lucía;0918;12773; -   ;9234;1656;997;3021;60;2661;110;1771;2531;14633;1202;124;50774;11703; -   ;10517;2002.077432;923.6746483;2512.62533;48.78463612;2260.085;160.889573;1778.901049;1908.605218;13642.6379;972.5230736;62.94791202;48494.52306
GUAYAS;09;Salitre (Urbina Jado);0919;7537;684;2199;1936;2229;952;421;3063;164;2615;6581;22752;3754;212;55099;6254;650;3081;1276.088676;1893.503265;913.0805777;387.8356947;1906.663966;125.7676959;2236.89931;6100.821289;21520.99826;4348.027916;193.6598037;50887.86664
GUAYAS;09;Yaguachi;0920;98841; -   ;136337;3867;10644;7249;47;4532;414;5927;5821;27502;9874;3878;314934;88653; -   ;160891;3941.173108;10454.13353;6664.887402;42.57682703;4485.849086;575.5015727;5426.932371;3932.455515;26178.43351;12047.95575;4076.464894;327370.8801
GUAYAS;09;Playas (General Villamil);0921;1729;800;915;3211;13774;4689;14449;3629;2873;21218;5774;22636;9176;1141;106015;2012;1112;706;3179.715557;12193.67252;3724.450737;12337.29386;2961.354582;2545.801445;16119.13837;4930.454748;22441.26257;13195.15529;962.5527661;98420.03339
GUAYAS;09;Simón Bolívar;0922;74134; -   ;3859;617;680;3506; -   ;858;514;1530;2703;10789; -   ;1326;100515;96205; -   ;5138;745.711372;547.4464495;3167.119625;0;681.3267921;408.9576426;1131.138073;2442.152789;9294.932541;0;1582.975357;121344.4669
GUAYAS;09;Coronel Marcelino Maridueña;0923;124451; -   ;114101;5674;1616;726;437;3319;352;2545;2787;4909;831;66;261814;137566; -   ;134704;7370.878317;1497.083108;707.3035613;422.1571811;3461.278885;424.5251184;3096.612185;1845.809787;4409.684561;1114.152647;79.94626154;296699.888
GUAYAS;09;Lomas De Sargentillo;0924;5280; -   ;3046;824;1375;2496;77;1160;524;1961;1233;8498;1505;412;28391;5035; -   ;3724;972.600087;1075.859926;2100.901914;65.36109913;904.4066959;499.9326608;2141.240627;1196.96555;8175.762847;1719.238251;477.5922647;28088.83983
GUAYAS;09;Nobol;0925;10971;207;15669;2006;1186;2605;132;1097;579;2507;2064;10188; -   ;558;49770;14314;180;19624;1829.994198;625.3548282;2555.519777;121.9645978;1208.079429;524.0769753;1786.945254;1887.373978;9335.913134;0;337.7279418;54330.71048
GUAYAS;09;General Antonio Elizalde;0927;8330; -   ;320;652;1317;1835;938;1580;1689;3971;1142;7426; -   ;444;29644;7493; -   ;405;678.5380247;1110.0568;1689.084453;799.5720731;1473.584951;1546.9174;4487.720614;950.2267541;7228.844535;0;358.2346958;28219.88731
GUAYAS;09;Isidro Ayora;0928;27146;100;6235;423;469;697; -   ;1271;399;1441;2854;5632;163;157;46987;29106;139;7782;495.4716495;439.1033392;578.3726551;0;1263.877005;350.3499191;1542.868163;2505.303828;5169.472562;179.2375758;194.1602382;49744.34239
IMBABURA;10;Ibarra;1001;45279;2172;62556;10773;243671;193541;31768;136107;43098;137779;46953;76300;85493;19082;1134571;47239;1230;60106;13128.92839;177431.9758;154169.7111;21538.13055;103023.2733;44205.25867;103574.2613;62098.34027;74739.55976;112653.8917;14148.94533;989287.1417
IMBABURA;10;Antonio Ante;1002;6600;165;31565;4059;10953;22645;7640;11955;4686;18231;7486;16278;3507;979;146747;6905;47;22475;3690.551679;7527.159143;19035.77441;5039.299818;10200.50031;4885.59171;12424.73347;7230.308161;15993.41568;4824.398124;630.5154649;120908.7872
IMBABURA;10;Cotacachi;1003;41164;165;2201;1575;16937;3607;2749;6430;2050;7366;3878;17839;4375;1053;111389;46224;287;1456;2034.845973;16462.59901;3371.080931;1715.689367;4351.617614;3010.432641;3888.755061;3894.950704;17035.11297;5339.922266;663.1257677;109735.2753
IMBABURA;10;Otavalo;1004;34193;1091;94641;10545;38339;35635;11427;40387;17163;22797;12717;46232;17080;13283;395529;34233;1400;82347;9423.710167;38553.57178;29130.92718;6754.80247;35104.76452;18222.85608;12896.68943;12785.63446;44653.64549;19209.04384;11885.31661;356601.8283
IMBABURA;10;Pimampiro;1005;1735; -   ;255;870;1328;1488;123;2863;995;1545;1077;4000; -   ;65;16343;1707; -   ;221;792.0492336;1240.592488;1265.865906;77.0083586;2216.882441;1066.20038;1339.524262;1563.075282;3576.55815;0;53.0836964;15118.7817
IMBABURA;10;San Miguel De Urcuquí;1006;21427;146;283;618;5971;1729;685;4636;470;4414;2303;5446; -   ;956;49085;16717;122;230;899.1723891;3586.026652;1672.35883;340.1494434;3055.836868;445.7228653;2331.275434;3132.937745;5216.099315;0;627.1638932;38376.24951
LOJA;11;Loja;1101;25117;629;52280;14771;411171;128890;49410;189769;57730;185393;67409;83473;100826;14163;1381032;18497;674;48434;17809.64583;292008.4882;117153.0892;31918.27324;128865.8663;59716.11859;152099.834;94338.62364;82419.54249;112630.7367;11851.01861;1168416.479
LOJA;11;Calvas;1102;3886;84;983;741;1045;4581;1275;2109;4027;4235;9252;9354;4145;866;46585;2425;99;664;373.7925298;782.8116205;3629.666633;1063.667373;2200.248717;4582.85275;2583.921365;5343.984971;8968.964253;5965.72356;648.577616;39331.89929
LOJA;11;Catamayo;1103;15092;55;13920;1553;4625;9935;5376;13027;2595;5796;5719;11375;267;586;89921;11195;90;14118;823.9078572;3838.009679;7981.262001;3096.695727;13366.22121;2767.541963;3482.175708;3852.475346;10914.60605;326.8108137;697.8479169;76551.57421
LOJA;11;Celica;1104;5981; -   ;130;290;1808;1521;279;891;240;1128;3298;4303; -   ;164;20035;4819; -   ;107;171.9531579;1424.637906;1271.147553;272.3423564;690.1141378;304.0219914;974.0435802;2106.555048;4102.259395;0;157.5959574;16400.44027
LOJA;11;Chaguarpamba;1105;10994; -   ;72;141;1677;348;254;485;135;978;1467;2065; -   ;92;18708;6921; -   ;89;92.42928201;1644.220836;268.3352736;205.2101309;405.0621022;129.6216039;832.5010672;1368.315206;1971.567228;0;82.30178974;14008.82562
LOJA;11;Espíndola;1106;3625; -   ;101;408;2651;268;134;575;321;603;2745;4664;2108;84;18287;2303; -   ;144;337.1072647;2578.809257;197.7080256;119.5955649;416.4460752;446.1492241;409.6088051;2401.419723;4391.274033;2556.738669;66.95841842;16368.85914
LOJA;11;Gonzanamá;1107;9629; -   ;182;301;2446;684;310;1039;158;2975;1923;3525; -   ;40;23211;8297; -   ;234;201.8540861;2439.627342;645.3796391;246.8466711;1011.400738;232.1051617;2393.304278;1368.284916;3376.478628;0;44.17391597;20490.28876
LOJA;11;Macará;1108;7900; -   ;2755;744;2690;8450;2678;1513;1397;3797;4058;6596;4529;387;47492;6339; -   ;3398;404.5494288;2613.335557;8305.437521;1745.516262;1539.043701;1979.852021;3460.437087;2637.700462;6348.02673;5849.737388;259.2459028;44879.88433
LOJA;11;Paltas;1109;7199; -   ;139;491;1608;2471;607;1304;1435;2765;4357;7360;5570;805;36110;6320; -   ;95;294.8768694;1431.427203;2408.645021;381.9428159;1038.255322;1986.980192;2273.293964;3177.491562;7189.985934;6490.182774;553.0505227;33640.98332
LOJA;11;Puyango;1110;8480; -   ;162;446;2998;2844;318;1236;1059;2707;2708;5236;2844;459;31497;6679; -   ;188;360.970008;2373.315211;2688.691456;243.3221659;1132.627942;1514.863619;2585.172108;2522.615231;4662.873776;3820.356509;328.4948393;29099.89351
LOJA;11;Saraguro;1111;18820; -   ;325;672;5642;3809;840;1971;2020;3516;5144;10519;1937;590;55805;16678; -   ;202;305.4306243;4220.626433;3780.388969;676.6080169;1825.329738;2393.035049;3009.121686;3838.002508;10026.96871;2829.05403;573.254803;50358.13455
LOJA;11;Sozoranga;1112;3969; -   ;49;206;1232;239;73;427;61;336;1576;1668; -   ;3;9840;3063; -   ;65;134.8716189;888.5635803;215.7550299;48.12985371;377.6953024;68.95596561;206.6456117;948.0961571;1556.760347;0;4.089275138;7578.202827
LOJA;11;Zapotillo;1113;5155;166;183;366;2110;443;495;782;61;2624;2750;4274; -   ;74;19483;5086;182;157;236.8217339;1472.968243;427.8748778;351.9848169;880.3259958;72.16323106;2143.242051;2265.224325;4266.58506;0;55.2207729;17597.93317
LOJA;11;Pindal;1114;5464; -   ;176;435;611;1918;219;790;107;1229;1171;3206; -   ;944;16268;4067; -   ;202;269.9244722;575.2610622;1871.953523;177.8123461;740.4125773;108.4017319;749.016578;1262.720851;3111.051606;0;827.140508;13962.15166
LOJA;11;Quilanga;1115;5585; -   ;40;108;697;102;76;328;106;464;1188;1035; -   ;91;9817;6264; -   ;24;60.50916086;606.7894651;85.41493277;50.29119325;280.035109;100.0084602;401.2146283;798.5957401;983.9317976;0;56.61476003;9711.540201
LOJA;11;Olmedo;1116;5257; -   ;50;84;1181;248;59;601;92;371;984;1237; -   ; -   ;10165;3772; -   ;35;42.69451392;1126.158886;232.064661;33.50483329;499.3723314;64.55368035;215.9915593;696.2344397;1176.520707;0;0;7894.109824
LOS RÍOS;12;Babahoyo;1201;245683; -   ;30280;10351;202128;64725;9504;74020;12308;16532;57733;59228;56791;9106;848390;302893; -   ;25671;8642.114778;155595.958;62459.35386;6909.728786;72563.00191;11882.56334;10466.88249;57198.23033;58324.06147;63515.98042;8616.398259;844738.3131
LOS RÍOS;12;Baba;1202;116744; -   ;1193;1623;2878;4505;170;10800;1213;757;4107;12296;5005;985;162277;147227; -   ;864;1660.882046;2183.638627;4124.846973;136.6916483;11805.92823;869.9236007;567.2741377;4680.991843;12249.55273;6860.736619;1088.741435;194320.6255
LOS RÍOS;12;Montalvo;1203;45391; -   ;6112;985;10054;9010;690;9497;2033;3050;2087;8285;191;559;97943;59962; -   ;5360;1034.013323;7397.769356;8496.731194;350.6719319;6455.425692;1963.705544;2095.951064;2556.762392;7719.16851;220.5569488;616.5625935;104229.9419
LOS RÍOS;12;Puebloviejo;1204;164171; -   ;3204;1259;6548;9214;196;13634;403;1517;4089;11927;868;2699;219728;213443; -   ;3243;1464.599263;5818.651124;8982.612925;151.1631103;12359.31626;587.5395959;1121.350144;4883.204894;11780.01819;925.9483303;2659.019776;267419.8932
LOS RÍOS;12;Quevedo;1205;228653; -   ;84607;10538;106404;161774;27087;106381;14571;48327;26853;72640;60276;9946;958056;261747; -   ;93993;10384.20232;91126.40546;155620.9514;22230.38533;106529.9833;18770.7707;41809.57035;17711.67378;70523.43653;73730.48955;8073.599658;972251.3368
LOS RÍOS;12;Urdaneta;1206;55102; -   ;3939;990;2840;6672;134;3173;336;591;2933;10909;7359;167;95146;74842; -   ;5336;856.4942725;2549.940197;6343.140629;99.79839634;2482.23417;442.0000095;337.4138364;3468.525857;10488.08171;9108.092474;150.2545289;116503.8617
LOS RÍOS;12;Ventanas;1207;111880; -   ;7418;4287;10179;41906;791;22191;4029;4481;5927;25528;10485;9204;258303;149564; -   ;9324;4131.335892;8019.614634;41158.14802;475.8171538;21217.25992;4254.156987;3656.481818;6656.336277;24829.53656;15132.90072;9935.329083;298354.5167
LOS RÍOS;12;Vinces;1208;67451; -   ;1742;2159;10193;23221;1252;23271;1625;2445;7228;24661;14862;450;180560;81019; -   ;1149;2121.916267;8359.758114;22938.82832;809.0207552;23877.10911;2223.81473;1905.325391;7876.735526;23581.10329;21299.46917;458.01647;197619.2758
LOS RÍOS;12;Palenque;1209;38156; -   ;264;726;1353;1036;109;5038;270;445;4887;6890;786;58;60019;49861; -   ;168;622.3952241;838.0276152;806.9268799;94.08353828;5395.72122;198.7835505;385.2814253;3872.813482;6711.212122;912.6494433;35.71175837;69902.84545
LOS RÍOS;12;Buena Fé;1210;131976; -   ;1535;3377;12933;28469;2214;31371;1979;4354;7537;27260;9009;1776;263790;162011; -   ;1484;2832.12463;11819.07755;23822.6584;1759.553739;29943.85866;1914.409026;3446.55989;6175.160536;27255.59644;11852.1648;1975.991873;286292.4394
LOS RÍOS;12;Valencia;1211;188526;134;642;1263;2946;9156;215;26129;1132;2961;3101;16729;212;467;253614;252592;115;589;1369.170498;1956.302187;8739.153912;210.3412722;25781.40299;1021.585243;1988.746261;4087.226641;16075.59699;250.9785969;269.3141919;315045.7552
LOS RÍOS;12;Mocache;1212;79356; -   ;572;1115;2574;18164;87;2836;3722;1394;9152;12414;403;7775;139563;85599; -   ;680;1243.255814;2455.129144;17249.58267;56.14253473;2065.928653;2408.262185;994.0850673;6834.274668;12137.75274;471.5355457;7326.867119;139521.5048
LOS RÍOS;12;Quinsaloma;1213;10225; -   ;147;599;570;9542;296;3622;752;1817;4423;5902; -   ;62;37958;11360; -   ;105;461.754595;365.9883911;8013.477068;271.4760702;3074.798876;497.3107185;1257.974824;3879.430488;5673.22861;0;60.17795265;35020.39096
MANABÍ;13;Portoviejo;1301;56968;78;46410;18741;433456;164553;28569;189612;34325;166062;100205;105377;93626;31790;1469772;58067;64;30628;22192.21435;398267.1814;152467.0172;23065.68042;151003.1728;39375.38338;129921.6605;138888.9598;104719.4396;116068.5546;24833.95494;1389562.384
MANABÍ;13;Bolívar;1302;21026; -   ;271;1959;2054;6743;548;6177;1966;6392;6574;15910;10208;3232;83061;18187; -   ;131;1880.773782;2041.965664;5837.727867;352.8943678;3662.004611;2502.374418;4061.478679;7187.998632;15729.72608;11963.56906;2409.485017;75947.74945
MANABÍ;13;Chone;1303;38392; -   ;4520;8680;10084;34067;1610;63837;4872;16134;17678;44432;30544;7179;282030;27299; -   ;2769;6952.408832;6342.916511;32570.42513;1240.490965;47209.20374;5915.83369;10991.59049;18308.70435;43413.3547;40236.80655;7623.671061;250873.7626
MANABÍ;13;El Carmen;1304;63305; -   ;3884;3364;13570;46133;1528;19059;2697;10765;9048;36659;5839;2004;217855;52182; -   ;2283;3608.86878;12496.49541;44548.88439;1177.593033;18078.54034;3287.918033;6537.148012;9239.30055;36301.78313;7796.482884;2378.629776;199916.3911
MANABÍ;13;Flavio Alfaro;1305;8805; -   ;782;805;1597;3561;278;1787;244;2012;4431;10104;7082;54;41541;4880; -   ;431;600.1677495;1354.082421;3516.220555;232.3208936;1210.382521;356.8055495;1641.650562;3715.617114;9887.374452;9520.526475;49.69933845;37396.60458
MANABÍ;13;Jipijapa;1306;4011; -   ;1217;1849;6700;14207;4408;15298;1791;6794;18747;24010;11727;1127;111888;4525; -   ;734;1977.350314;6162.563054;13941.40592;3498.600049;11392.71005;2523.814245;5674.873937;12925.34301;23567.75576;14799.8052;715.0177828;102437.8588
MANABÍ;13;Junín;1307;113416; -   ;2751;464;1796;3597;188;4348;474;2166;4239;6830;491;107;140865;113015; -   ;2052;497.6932618;1414.190635;3288.611491;182.5465988;5002.757777;380.229049;2416.145575;4009.911627;6593.093472;558.4748589;53.8304319;139465.1165
MANABÍ;13;Manta;1308;133309;95;263489;30447;294077;276708;52135;179215;34010;172477;56936;95227;90609;33997;1712731;116555;78;248829;28164.59029;243900.8544;258461.858;46295.87927;151440.7776;37591.70989;144812.2534;55763.58706;94665.47505;105735.5043;33918.78695;1566213.387
MANABÍ;13;Montecristi;1309;33965;6854;472603;4794;26769;48334;1348;34295;453;19390;6403;26266;947;3405;685826;31302;6029;458558;6239.331096;26801.01492;47837.17534;1155.422829;37006.01932;204.8116765;18720.55107;5974.425349;25998.16476;1174.529429;3162.904675;670162.448
MANABÍ;13;Paján;1310;7717; -   ;573;748;3702;6421;436;7646;286;2236;5026;13726;4691;63;53271;4152; -   ;311;512.5017999;3715.38864;6002.759685;217.9760105;9703.544285;292.5120854;2686.084993;4114.311931;13490.84978;5715.178363;59.37791048;50974.3531
MANABÍ;13;Pichincha;1311;4181; -   ;294;1006;2342;5748;99;6687;452;1678;3992;11092;2609;166;40347;5949; -   ;246;821.2318184;1884.496268;5244.812726;91.14788539;7665.576291;608.9380034;1341.089072;3974.645046;10698.10891;3408.060151;176.2080852;42109.25378
MANABÍ;13;Rocafuerte;1312;3542; -   ;815;2343;1603;4657;276;12565;411;5333;6385;13337;3909;627;55803;2167; -   ;686;1668.137221;1411.554098;4008.995864;176.7590584;9707.305915;606.7026613;3540.795808;6268.642281;13265.40258;3984.3613;439.1526036;47930.76702
MANABÍ;13;Santa Ana;1313;12597; -   ;705;1384;3883;7655;983;8850;827;5424;4210;16017;416;3181;66133;12737; -   ;473;1214.634849;3653.813677;7363.10767;665.1629437;10283.69267;976.142379;4231.884683;5208.597203;15631.28744;489.6217941;2645.255573;65573.27571
MANABÍ;13;Sucre;1314;22780;670;74180;2230;8633;11909;7236;16578;2701;18392;6866;20392;13551;718;206835;18492;653;58799;2353.172863;7905.33094;9855.563478;6271.508058;16456.26876;3128.933765;16562.51468;8097.935307;20057.12916;17200.90714;746.203308;186578.7042
MANABÍ;13;Tosagua;1315;31392; -   ;867;1139;9728;18360;363;12333;421;6216;2564;12678;1451;2237;99747;31651; -   ;622;1353.427529;8397.804201;16149.46222;302.7571891;12887.40014;528.9293965;5474.715897;3065.710421;12272.237;2034.69538;1672.046728;96412.34802
MANABÍ;13;24 De Mayo;1316;3643; -   ;512;559;1344;859;89;5888;113;3314;4940;9676;915;73;31925;2560; -   ;255;386.2862485;1283.65893;723.145347;57.28502111;7379.131512;130.6558681;2949.040306;3623.659975;9671.028831;1032.795972;42.04849661;30094.19196
MANABÍ;13;Pedernales;1317;31611; -   ;1508;1583;6110;23946;6294;10579;1165;12641;5098;27716;618;749;129617;19483; -   ;782;2276.948428;5439.825194;21938.62058;4145.788194;10895.63461;1450.13505;10144.0772;6739.343501;27398.96332;711.4816696;726.1216835;112131.7839
MANABÍ;13;Olmedo;1318;3091; -   ;77;191;738;430;24;1595;417;591;654;3419;1051;135;12413;2120; -   ;33;130.9233175;639.4659456;378.9834736;15.70484924;1494.455851;398.7267768;497.853952;718.2143741;3162.947681;1230.939792;160.9030765;10981.83657
MANABÍ;13;Puerto López;1319;10185; -   ;133;668;1785;5216;6890;2102;256;2962;1659;8376;485;1568;42284;7550; -   ;69;754.0800325;1388.403338;4468.51697;3990.657612;1581.166497;270.6513961;3165.151472;1755.944769;8342.590805;573.77554;1261.670917;35171.41865
MANABÍ;13;Jama;1320;6580; -   ;570;553;1104;2424;485;5696;166;3719;3107;6308;471;415;31598;3724; -   ;474;548.2216097;1095.681839;2152.787127;467.8268167;4359.679464;146.3446941;2439.910566;3330.567058;6078.573531;539.3490076;237.2882182;25594.275
MANABÍ;13;Jaramijó;1321;206;63;216677;1424;9113;9396;432;13183;93;4637;4749;8150;519;131;268774;198;58;216841;2016.028699;6334.932901;9021.880789;387.5164383;14040.00631;52.17930747;3337.351572;3767.436121;7974.261078;600.5517319;82.89043841;264712.4921
MANABÍ;13;San Vicente;1322;6841; -   ;604;662;3590;5479;5018;4883;356;3997;4851;7945;410;73;44709;5013; -   ;358;741.524211;2404.652867;5021.485124;3306.629152;4180.987988;391.5122027;4687.970759;3357.433966;7450.639558;419.4064527;39.61233373;37371.90358
MORONA SANTIAGO;14;Morona;1401;3940;79;3040;7809;27870;30844;16712;13444;6258;20975;20892;23097;20102;5110;200174;4384;92;2115;11121.6511;24259.96657;29244.89238;8823.050519;7224.736551;8090.105123;19044.99799;28117.95059;23028.65352;24923.26026;4542.537451;195012.2676
MORONA SANTIAGO;14;Gualaquiza;1402;4065; -   ;1364;445;2626;3547;2086;4183;1194;5813;4246;8013;8596;411;46590;3502; -   ;1085;456.2535159;1690.983784;3512.615282;1418.225512;2605.190703;1536.081847;5376.912906;6331.200467;8006.194736;11429.53975;308.8770406;47259.21853
MORONA SANTIAGO;14;Limón-Indanza;1403;3038; -   ;603;258;1814;1710;255;4663;1124;1743;3265;4071;5926;200;28670;2080; -   ;413;222.3372724;1519.387392;1695.613619;154.4827157;4338.130545;1222.149267;1542.176156;2357.555826;4039.315519;8152.019271;229.8966685;27966.92926
MORONA SANTIAGO;14;Palora;1404;2788; -   ;344;566;832;468;389;686;316;3617;2655;3528; -   ;82;16271;3094; -   ;295;352.8067041;707.7181116;450.0918677;213.0289148;589.9714813;326.7564253;3104.743408;3474.782639;3497.921542;0;70.22684109;16177.32083
MORONA SANTIAGO;14;Santiago;1405;1834; -   ;744;9507;2949;2035;302;3119;977;1480;2111;3890;6204;143;35294;1394; -   ;721;6810.743084;2196.912361;1975.086634;155.9651396;1934.619698;1201.211702;1143.854372;2274.056981;3838.940901;8004.123421;103.4382051;31753.43129
MORONA SANTIAGO;14;Sucúa;1406;1778; -   ;4030;740;4306;7010;4029;5049;2796;7208;4117;9797;12059;1583;64502;1530; -   ;4036;620.0315585;4218.481732;6898.08898;2122.426915;3022.475342;3114.899265;7013.212026;5280.433307;9781.375979;16428.27106;1233.941368;65299.09404
MORONA SANTIAGO;14;Huamboya;1407;2419; -   ;549;267;3994;294; -   ;596;19;1383;2459;4384; -   ;63;16427;2361; -   ;534;252.9235996;2786.456483;230.0777774;0;557.9262539;17.0342893;1485.803451;3390.257035;4366.932945;0;39.22283128;16021.58864
MORONA SANTIAGO;14;San Juan Bosco;1408;3375; -   ;81;145;1110;379;125;1151;203;914;1353;1756; -   ;29;10622;3813; -   ;81;110.3737588;1000.405556;368.4481609;90.54671543;686.4179964;254.8597102;683.7488146;1767.706637;1741.78395;0;27.47989919;10625.60148
MORONA SANTIAGO;14;Taisha;1409;1062; -   ;290;858;3283;270;89;1101;0;660;4034;11709;4127;56;27537;1208; -   ;199;710.8369295;3228.523626;236.3552745;75.38990935;565.5591252;0.043823637;541.1066023;5047.856731;11709.20831;5892.170678;40.24827819;29454.7569
MORONA SANTIAGO;14;Logroño;1410;1848; -   ;474;209;2615;586;31;437;64;979;2808;3070; -   ;48;13171;2150; -   ;533;188.059287;2497.124261;549.2410587;20.390065;311.6288448;68.53254555;826.7936402;2688.029654;3019.551868;0;34.53940641;12887.32839
MORONA SANTIAGO;14;Pablo VI;1411;618; -   ;354;50;455;175;22;131; -   ;410;943;898; -   ;284;4339;460; -   ;440;70.59115411;415.2355891;172.5929336;11.02000559;67.41001149;38.56963597;436.0324727;998.5441941;875.3623321;0;183.7164527;4168.828962
MORONA SANTIAGO;14;Tiwintza;1412;1839; -   ;2;156;1509;257;209;475;0;528;1386;4176; -   ;47;10584;1181; -   ;2;98.13636609;1018.613168;226.4644227;201.6629433;328.8453135;0.171622375;400.9764296;1643.535735;4084.710026;0;28.8915196;9214.842352
NAPO;15;Tena;1501;24355; -   ;5150;2029;27220;29096;21111;14005;4663;21370;25510;33393;22399;3854;234156;18830;14343;4925;2139.659923;19735.67296;27768.99371;15935.33235;9891.520337;5523.41302;13431.04404;31573.09999;32867.16246;28222.10814;3676.911291;228862.6681
NAPO;15;Archidona;1502;1668; -   ;463;763;15093;4725;1557;1606;145;1317;10483;12771;1395;167;52153;1005; -   ;402;527.1044224;9139.836842;3957.865091;1276.947516;862.7255804;191.1204686;736.4339697;12069.55829;12427.64163;1566.865949;106.776152;44270.64575
NAPO;15;El Chaco;1503;2662; -   ;572;110858;3314;5231;352;3970;294;1509;2531;2820;2056;293;136461;1456; -   ;565;118209.0796;2822.831383;4480.619888;252.5619427;4645.997635;289.6079694;1081.804907;3026.788609;2769.24732;2373.684982;318.4736582;142291.0795
NAPO;15;Quijos;1504;1800; -   ;337;1634;1408;4336;2762;4209;195;959;2080;2387;2617;2040;26763;1187; -   ;390;1665.441566;1165.480507;4110.135619;1943.000655;3239.01965;196.9388194;685.182899;2646.943484;2380.334414;3223.115589;1957.763294;24790.53226
NAPO;15;Carlos Julio Arosemena Tola;1505;1218; -   ;316;146;536;308;122;559;52;373;1803;1193; -   ;52;6678;672; -   ;253;82.54528419;453.06601;278.724955;86.27973357;336.9932219;61.57071974;222.2043838;2466.067836;1139.288337;0;35.40913818;6087.410454
PASTAZA;16;Pastaza;1601;18118;380453;14340;6341;34825;23561;14361;33797;16709;21638;46356;32329;25767;4190;672788;18418;159419;16649;6735.433795;24940.82102;21140.2225;7317.988439;25137.88704;16372.78622;17944.81996;35960.78082;29866.03697;34478.66072;3824.837791;418206.6888
PASTAZA;16;Mera;1602;2466;708;979;452;1279;1398;1423;6302;757;2591;3441;4250;2545;322;28915;3207; -   ;1271;467.9338832;1065.466034;1231.225536;1119.665607;6017.402613;689.8989566;1998.973753;2524.525568;3951.69184;2961.432479;418.1325561;26923.60654
PASTAZA;16;Santa Clara;1603;1995; -   ;476;91;849;785;175;3388;66;739;1561;1533;1517;83;13257;2155;486;403;90.47455102;714.973372;672.3612599;90.23905689;4033.495479;58.14812981;500.3917264;2030.096549;1437.7477;1758.106353;71.18327467;14501.97371
PASTAZA;16;Arajuno;1604;5447; -   ;525;162;642;291;120;1149;44;461;2948;4144; -   ;57;15989;3166; -   ;310;177.4365505;543.4412438;237.2507608;97.18919836;890.9542037;48.64157383;355.5452377;3253.493893;3694.800156;0;29.23470573;12803.63718
PICHINCHA;17;Quito;1701;461018;92627;4463449;384900;2280735;1653091;548288;1995678;1680189;5734224;3152840;936586;803693;845287;25032606;417682;96047;4362934;376617.7876;1713015.385;1474784.453;448355.0655;1847466.682;1696336.015;4907479.82;4049575.51;916178.3003;954242.1167;690222.9693;23950937.23
PICHINCHA;17;Cayambe;1702;166279;130;14040;5811;15638;11108;18075;13818;13663;34075;16853;44786;9404;10479;374159;146428;132;15226;7356.104539;15554.59108;10200.23635;15284.86392;13446.73048;18867.1272;32571.27337;12260.40551;44093.90958;12125.08785;9725.391873;353271.5282
PICHINCHA;17;Mejía;1703;117028; -   ;68736;15037;14034;14076;12374;31206;12133;26772;13142;34966;7155;13335;379993;106068; -   ;44660;9317.445186;9330.264884;13574.72248;10267.46673;30346.56549;11108.31645;20978.50811;13420.05025;34013.8749;10179.12943;8673.753131;321938.0007
PICHINCHA;17;Pedro Moncayo;1704;205806;162;3599;3418;2016;6358;1471;4592;966;8372;4382;15484;8934;933;266493;170222;102;3783;4639.762923;1935.444551;6053.765473;1127.915847;4916.990073;1315.88746;7830.336846;5184.759241;15284.12796;9974.15793;782.6825963;233153.2926
PICHINCHA;17;Rumiñahui;1705;13237;125;149407;12372;25747;232755;54471;34292;36223;127031;52027;46180;18150;21967;823981;11205;150;141875;14313.95104;18616.87272;224523.7628;41550.79783;37355.63312;31986.32678;109112.9422;45708.21605;45622.21377;24983.44235;18692.83744;765696.7406
PICHINCHA;17;San Miguel De Los Bancos;1707;21146; -   ;1337;797;2522;3948;8742;1883;1377;2099;2437;6270;904;301;53763;19661; -   ;1440;945.949574;2485.676004;3633.947913;8188.9417;1857.515696;1144.517754;1216.909727;3181.881085;6073.163429;1042.752874;229.7126422;51102.3912
PICHINCHA;17;Pedro Vicente Maldonado;1708;11673; -   ;276;746;1289;2112;1870;1966;943;4551;3697;6577;3306;366;39372;10558; -   ;234;915.1796818;1225.261549;1654.463093;1723.207383;1800.191867;1158.259895;3218.640492;4609.03049;6380.981302;2383.116618;353.647944;36214.82679
PICHINCHA;17;Puerto Quito;1709;27163; -   ;1017;809;1186;2996;1847;1870;506;1251;1925;10034;4758;97;55459;22608; -   ;672;983.1679254;960.4053293;2741.688048;1406.714506;1437.079856;471.2846005;640.2884703;2052.633291;9739.553921;5463.118321;97.61338093;49272.958
TUNGURAHUA;18;Ambato;1801;89336;1235;353488;26022;205347;331908;106655;243773;130145;299072;88565;132603;137035;50168;2195352;98471;735;287550;22383.81904;136601.8291;273353.7401;67999.81905;175147.7961;125854.0567;209715.753;70291.99059;131266.4078;162079.9772;37981.68951;1799432.806
TUNGURAHUA;18;Baños;1802;2198;127;4933;48904;5725;7075;35795;34354;4710;10887;8958;7245;2050;1104;174068;1652;75;7287;49854.30459;5144.584096;6023.203018;20386.59251;33714.66739;4486.460286;6460.300374;6556.094158;6998.510144;2894.359896;920.7408201;152453.7912
TUNGURAHUA;18;Cevallos;1803;1081; -   ;3956;306;310;3130;645;7759;187;4413;2244;3477; -   ;2754;30263;950; -   ;2830;354.2965498;257.8052209;3016.143857;588.9402933;5759.900521;222.2904852;3987.314636;1801.676021;3409.733121;0;2311.450917;25489.4885
TUNGURAHUA;18;Mocha;1804;2220; -   ;252;196;797;994;404;4022;154;909;631;2122; -   ;50;12752;2292; -   ;175;181.9024995;715.8209662;895.4732304;283.2897029;3259.326124;139.7620203;539.0554302;714.2264888;2076.119356;0;34.61256678;11306.35042
TUNGURAHUA;18;Patate;1805;9492; -   ;1968;365;1680;2200;1210;4103;1092;1772;3810;3926; -   ;847;32466;10630; -   ;1961;422.5674113;1455.434523;1808.500143;640.4002225;4136.133147;1040.610284;1075.549955;2924.702418;3737.541441;0;525.7407456;30358.78649
TUNGURAHUA;18;Quero;1806;4658; -   ;267;463;1614;3979;211;7794;250;1838;2079;5479; -   ;119;28750;4247; -   ;170;450.8514443;1511.866298;3684.250504;148.8499242;7143.345184;334.5650965;1904.875708;2374.313971;5421.344013;0;81.62560983;27472.54716
TUNGURAHUA;18;San Pedro De Pelileo;1807;30562;28;32453;2364;9446;29991;986;26515;5949;13661;7788;20416;6634;5282;192076;34947;15;24866;2644.846168;7965.16351;23289.07619;526.3053146;17860.23992;5164.263935;10024.11829;9195.688104;19885.72154;8624.177121;3608.32715;168615.7604
TUNGURAHUA;18;Santiago De Píllaro;1808;17252;32;5291;1112;18658;7317;1596;14615;5333;8885;6900;12992;4346;3088;107417;20389;15;5513;1216.414788;16668.2043;6537.99338;1109.717495;8253.219324;5346.000801;5445.890983;6809.768218;12737.13048;5512.627949;2533.518911;98086.80689
TUNGURAHUA;18;Tisaleo;1809;2405; -   ;3081;450;4313;2531;90;3983;426;4826;1582;2440; -   ;129;26258;3586; -   ;1688;303.847216;3330.490042;2261.665706;73.02897205;2602.193213;357.82842;4390.221251;1574.56147;2292.443592;0;120.349596;22581.46359
ZAMORA CHINCHIPE;19;Zamora;1901;3479;5220;2024;2126;12040;25234;6878;20878;1672;13908;20376;10980;11645;698;137159;2704;6411;1674;1239.185436;11703.08015;24205.76737;6007.439869;21310.50717;1895.54212;13020.39542;21866.38363;10896.94755;18084.62747;560.246495;141579.9252
ZAMORA CHINCHIPE;19;Chinchipe;1902;970;254;200;339;1251;521;285;1448;144;984;3703;3327;2935;20;16382;931;167;179;226.1006065;1147.448731;494.1578645;255.888633;1067.564578;208.9472262;587.9549314;2732.911981;3261.4267;4324.395866;20.49126349;15604.05763
ZAMORA CHINCHIPE;19;Nangaritza;1903;1912;38;308;142;1151;510;284;1179;89;1100;1527;2553; -   ;8;10803;2025;45;219;90.97514938;1131.063955;427.0298085;185.881632;893.1282636;115.3394181;697.3570954;1954.329732;2499.89967;0;5.086673822;10288.82337
ZAMORA CHINCHIPE;19;Yacuambí;1904;897;25;77;148;1143;349;82;1413;24;860;3228;2331; -   ;27;10605;1080;37;38;102.5505285;1140.368527;254.2308039;53.13114493;1001.464559;29.03881569;806.7641491;2134.866833;2269.947808;0;20.87659881;8967.666615
ZAMORA CHINCHIPE;19;Yanzatza;1905;2890;1234;733;1713;6582;9388;2867;15041;1468;9215;5752;8928;9786;99;75695;3535;186518;678;837.3479628;6399.501715;9186.913884;2479.033648;15250.40855;1721.889984;6895.788694;5912.408586;8855.977909;14747.14089;81.05019357;263099.3434
ZAMORA CHINCHIPE;19;El Pangui;1906;2135; -   ;693;635;3792;1727;877;4126;362;5562;2951;4581; -   ;38;27480;2015; -   ;668;671.5117146;3581.97977;1066.753085;619.4142158;4019.074215;347.5805092;3705.145317;2952.855052;4480.723521;0;31.43464424;24159.23388
ZAMORA CHINCHIPE;19;Centinela Del Cóndor;1907;1227;74;225;298;5776;593;254;1019;37;2607;2214;2221; -   ;43;16589;1433;96;181;213.7396253;5678.374296;392.021322;244.1315372;818.5126534;42.06605514;1644.50146;2339.715291;2191.688024;0;29.21045353;15304.7295
ZAMORA CHINCHIPE;19;Palanda;1908;3991; -   ;299;325;2554;446;39;1156;52;1268;1205;3111; -   ;5;14451;3636; -   ;241;238.3318534;2056.11458;386.9869807;31.20155358;974.8074952;58.86077346;1050.513297;1713.097912;3101.31397;0;5.97306649;13494.45912
ZAMORA CHINCHIPE;19;Paquisha;1909;433; -   ;34;279;1818;542;161;403;24;1137;977;1810; -   ;7;7625;285; -   ;41;169.4578934;1618.06066;511.4357907;110.9464796;481.7182919;27.48441955;1263.903373;1172.635517;1760.192246;0;5.641494734;7447.272336
GALÁPAGOS;20;San Cristóbal;2001;2559; -   ;342;1095;5306;5235;11759;4985;1879;9680;17370;2565;1959;518;65250;3372; -   ;288;802.3460679;4839.470026;3720.592034;7996.776698;4445.45945;1828.018888;8187.569838;11687.85165;2507.349649;2713.285854;382.2725413;52771.2658
GALÁPAGOS;20;Isabela;2002;1303; -   ;186;192;1009;961;3436;850;80;2688;1528;895; -   ;178;13304;1362; -   ;144;189.1450599;781.8792076;620.9981573;1952.173598;751.9954577;63.48021014;2155.795696;1482.598564;820.8191171;0;122.8066941;10447.51002
GALÁPAGOS;20;Santa Cruz;2003;6367; -   ;3510;849;15747;13599;15108;28758;1755;67316;11623;6295;3046;5586;179560;5385; -   ;3075;1183.824382;12093.42592;9775.533386;7249.593214;24053.562;1994.726828;45847.911;10826.79883;5769.755492;4184.815659;4314.507156;135754.4727
SUCUMBÍOS;21;Lago Agrio;2101;79168;270628;166737;9282;68403;80179;10219;59304;7459;33458;23533;42244;28836;7557;887007;92248;110480;254244;13445.39453;57601.48447;78305.44513;9210.63807;52275.62303;9112.393971;31342.71453;26627.0335;42033.04887;40238.04638;7082.579423;824246.9839
SUCUMBÍOS;21;Gonzalo Pizarro;2102;4145; -   ;140;228;2165;1099;320;4095;1;2353;2137;4575; -   ;74;21332;4278;454;93;339.4800344;2143.486839;882.9254115;311.5463627;3373.139275;0.479675837;2432.647596;2952.56804;4542.904391;0;61.52000355;21865.22139
SUCUMBÍOS;21;Putumayo;2103;2206;130756;474;116;1476;319;462;1894;0;430;1910;3361; -   ;72;143477;2231;64475;382;88.76071017;1110.549152;278.8770903;446.7303213;2164.859409;0.122360212;372.3497578;2271.310757;3301.843999;0;78.4669523;77201.48904
SUCUMBÍOS;21;Shushufindi;2104;48310;497632;3112;941;22556;14829;832;38590;1070;12089;8090;17254;6076;5191;676571;54455;258769;3285;877.2763481;14770.27061;14277.72606;679.0444352;40770.25736;1223.070967;10393.74097;9510.711882;17031.20879;7461.211858;4204.081139;437707.3258
SUCUMBÍOS;21;Sucumbíos;2105;2038; -   ;183;74;648;216;38;980;0;475;972;1091; -   ;98;6815;2376; -   ;154;56.22281731;638.3838123;185.7623455;34.17000297;1110.870443;0.153742393;365.9484062;826.9336505;1068.764278;0;87.85001346;6905.407859
SUCUMBÍOS;21;Cascales;2106;7925; -   ;330;349;2203;1739;30;1183;56;1203;2620;5107; -   ;319;23063;8813; -   ;309;243.1011996;1236.324511;1665.042898;17.15497718;936.095176;59.71928318;1181.370846;2590.756895;5030.545655;0;282.9971211;22365.64934
SUCUMBÍOS;21;Cuyabeno;2107;2539;117623;90;102;6473;746;80;4385;0;2229;3363;3589; -   ;302;141521;2895;53583;111;77.70513315;4561.993675;730.8106636;68.67511019;3003.625795;0.010703682;1642.020988;3691.242392;3464.517762;0;348.509446;74178.41993
ORELLANA;22;Orellana;2201;28999;1314117;6533;21928;22248;9695;5960;19066;5778;18580;29595;35476;22047;8697;1548720;27693;759000;5732;27126.66652;18517.63473;9474.039173;5381.026958;16090.10762;6834.319948;11901.1938;36667.65633;33284.77797;30158.25269;6265.694937;994126.4451
ORELLANA;22;Aguarico;2202;123; -   ;84;1449;550;87;217;686;8;878;3681;2630;1041;552;11986;133;152749;63;1708.63961;380.5138346;74.51307837;104.9442352;777.4858285;7.520093055;747.8330722;3238.311757;2436.958861;1132.641434;427.0086606;163981.0513
ORELLANA;22;La Joya De Los Sachas;2203;57798;2616355;2525;1523;2033;9308;1375;22969;1817;28465;9179;18969;307;1062;2773684;52913;573915;2081;1542.44476;1689.930959;9226.360263;1136.984133;19708.60247;2173.283259;21384.09294;8069.96521;17813.74796;372.0612538;820.2625648;712846.6933
ORELLANA;22;Loreto;2204;16210; -   ;624;1818;1457;1413;135;11318;48;9998;7108;10699; -   ;289;61116;22274; -   ;927;1712.244827;873.768574;1356.255388;117.3312236;8698.379897;59.51356014;5866.709428;4433.737975;10080.45039;0;345.1777223;56743.8923
SANTO DOMINGO;23;Santo Domingo;2301;251339;760;158631;27316;458926;330402;26001;147246;37636;124336;86748;165452;146166;33082;1994040;268656;532;179389;28191.83739;390148.4615;326071.9922;18818.33877;128607.492;37134.80429;104412.631;60857.878;165370.5303;177544.527;26672.34717;1912407.972
SANTO DOMINGO;23;La Concordia;2302;29277; -   ;3341;2491;5410;12241;768;5812;3018;6241;11274;22009;1572;123;103577;35702; -   ;1989;2129.421512;4360.923659;11819.45366;471.0394449;5861.980991;4450.229066;3253.315179;7910.162483;21150.07459;1427.733366;90.71287388;100615.0954
SANTA ELENA;24;Santa Elena;2401;46350;55677;22443;17025;162350;56688;19606;11631;2323;33019;9536;60915;12612;4208;514385;46534;23596;18419;16117.09118;142075.4053;54149.48175;13641.59724;12628.30478;1381.427329;24393.68036;13228.22484;60335.06058;13615.18999;2468.846619;442583.7508
SANTA ELENA;24;La Libertad;2402;395;19250;295358;5722;80446;106267;8638;44223;10892;21142;21242;41848;4059;2947;662428;372;19089;409083;5455.02008;79236.60194;94052.83635;5335.620798;39631.4764;11350.7157;13682.83028;23793.54307;41673.18038;5719.088558;1700.101424;750175.6067
SANTA ELENA;24;Salinas;2403;29714;655;2317;6704;129128;42177;32747;16239;1650;17880;14148;32349;5485;7155;338349;28967;543;2824;6411.081995;99629.69552;34031.70311;14647.5635;15084.48895;1521.336755;16414.12269;20875.80567;32161.82567;6892.236466;5485.505311;285489.7024