,PROVINCIA,CANTON,VENTAS_LOCALES_GRAVADAS_411,VENTAS_LOCALES_0_413,VENTAS_0_CON_CRED_TRIB_415,TOTAL_VENTAS_Y_EXPORTACIONES_419,CO,DPA,YEAR,ventasLocales,ventasMasExpor,porVenLocales,COD_PROV
0,AZUAY,CAMILO PONCE ENRIQUEZ,47567833.75,81633625.25,14824560.47,244223307.68,AZUAY-CAMILO PONCE ENRIQUEZ,0115,2024,144026019.47,244223307.68,0.5897308526289958,01
1,AZUAY,CHORDELEG,13807815.5,7029673.34,340867.15,21285303.85,AZUAY-CHORDELEG,0111,2024,21178355.99,21285303.85,0.9949755070092644,01
2,AZUAY,CUENCA,5793185799.78,2305353228.04,412649131.22,8821757895.54,AZUAY-CUENCA,0101,2024,8511188159.04,8821757895.54,0.9647950283631095,01
3,AZUAY,EL PAN,650480.0,413093.57,22918.75,1124637.59,AZUAY-EL PAN,0112,2024,1086492.32,1124637.59,0.9660821669672272,01
4,AZUAY,GIRON,7269482.61,9853541.86,486317.21,19316195.5,AZUAY-GIRON,0102,2024,17609341.68,19316195.5,0.9116361283462885,01
5,AZUAY,GUACHAPALA,1319734.76,701036.45,190116.25,2211840.48,AZUAY-GUACHAPALA,0114,2024,2210887.46,2211840.48,0.9995691280593617,01
6,AZUAY,GUALACEO,56856724.84,34707178.94,13237906.37,115137994.39,AZUAY-GUALACEO,0103,2024,104801810.15,115137994.39,0.9102278592330794,01
7,AZUAY,NABON,7995894.95,8150576.7,481442.45,16702832.02,AZUAY-NABON,0104,2024,16627914.1,16702832.02,0.9955146576394773,01
8,AZUAY,OÑA,3152594.14,1885211.32,210367.69,5710366.44,AZUAY-OÑA,0110,2024,5248173.15,5710366.44,0.9190606601421537,01
9,AZUAY,PAUTE,51099452.22,37363577.72,3916098.27,95030720.29,AZUAY-PAUTE,0105,2024,92379128.21,95030720.29,0.9720975272847738,01
10,AZUAY,PUCARA,7220022.04,8887513.14,398633.75,16698470.95,AZUAY-PUCARA,0106,2024,16506168.93,16698470.95,0.9884838545651391,01
11,AZUAY,SAN FERNANDO,1243106.26,1255964.17,165386.19,2726785.3,AZUAY-SAN FERNANDO,0107,2024,2664456.6199999996,2726785.3,0.9771420654204054,01
12,AZUAY,SANTA ISABEL,29013074.45,22947311.47,4248129.28,61892818.22,AZUAY-SANTA ISABEL,0108,2024,56208515.2,61892818.22,0.9081589240322688,01
13,AZUAY,SEVILLA DE ORO,3953918.71,4865243.98,42805.12,8890617.08,AZUAY-SEVILLA DE ORO,0113,2024,8861967.81,8890617.08,0.996777583632024,01
14,AZUAY,SIGSIG,11713952.93,14489375.46,1804296.9,28736920.84,AZUAY-SIGSIG,0109,2024,28007625.29,28736920.84,0.9746216529578609,01
15,BOLIVAR,CALUMA,20345898.83,38798935.21,15898269.07,76717952.5,BOLIVAR-CALUMA,0206,2024,75043103.11,76717952.5,0.9781687423162134,02
16,BOLIVAR,CHILLANES,6071841.86,13239618.21,693783.22,20152134.25,BOLIVAR-CHILLANES,0202,2024,20005243.29,20152134.25,0.9927108981025173,02
17,BOLIVAR,CHIMBO,12354175.09,40753770.46,301533.36,53420413.13,BOLIVAR-CHIMBO,0203,2024,53409478.91,53420413.13,0.999795317569458,02
18,BOLIVAR,ECHEANDIA,13062894.84,20964128.38,10751917.4,44807949.05,BOLIVAR-ECHEANDIA,0204,2024,44778940.62,44807949.05,0.9993526052717202,02
19,BOLIVAR,GUARANDA,69575853.36,117996091.54,8676824.66,213863283.41,BOLIVAR-GUARANDA,0201,2024,196248769.56,213863283.41,0.9176365687034226,02
20,BOLIVAR,LAS NAVES,3486186.34,48245142.44,1094347.45,52839262.81,BOLIVAR-LAS NAVES,0207,2024,52825676.230000004,52839262.81,0.9997428696148004,02
21,BOLIVAR,SAN MIGUEL,11888288.98,17703654.04,885277.42,31877164.04,BOLIVAR-SAN MIGUEL,0205,2024,30477220.44,31877164.04,0.9560831823607857,02
22,CARCHI,BOLIVAR,2790282.78,10913236.79,1629847.78,31177594.34,CARCHI-BOLIVAR,0402,2024,15333367.349999998,31177594.34,0.4918072633438465,04
23,CARCHI,ESPEJO,4877400.84,21874535.24,1411961.66,41853849.33,CARCHI-ESPEJO,0403,2024,28163897.74,41853849.33,0.67291057312171,04
24,CARCHI,MIRA,8428767.95,7908468.45,822649.41,26852435.83,CARCHI-MIRA,0404,2024,17159885.81,26852435.83,0.6390439183483192,04
25,CARCHI,MONTUFAR,18299778.46,79220011.7,14947328.33,113189135.6,CARCHI-MONTUFAR,0405,2024,112467118.49,113189135.6,0.993621144766477,04
26,CARCHI,SAN PEDRO DE HUACA,2638505.06,31577115.98,3029385.15,37274849.85,CARCHI-SAN PEDRO DE HUACA,0406,2024,37245006.19,37274849.85,0.9991993620331108,04
27,CARCHI,TULCAN,137073474.53,329474474.39,47145841.86,530270724.5,CARCHI-TULCAN,0401,2024,513693790.78,530270724.5,0.9687387348497681,04
28,CAÑAR,AZOGUES,195780182.98,169377254.74,10480099.61,393339985.31,CAÑAR-AZOGUES,0301,2024,375637537.33000004,393339985.31,0.9549945374456444,03
29,CAÑAR,BIBLIAN,17324277.92,85617368.25,2019414.04,105786578.32,CAÑAR-BIBLIAN,0302,2024,104961060.21000001,105786578.32,0.9921963814019693,03
30,CAÑAR,CAÑAR,51269321.74,98563210.19,4349340.91,156380504.68,CAÑAR-CAÑAR,0303,2024,154181872.84,156380504.68,0.9859404991402282,03
31,CAÑAR,DELEG,2875354.44,3445938.68,228363.01,6835777.58,CAÑAR-DELEG,0306,2024,6549656.13,6835777.58,0.958143540123785,03
32,CAÑAR,EL TAMBO,15575803.57,45972947.92,5190433.18,67456569.02,CAÑAR-EL TAMBO,0305,2024,66739184.67,67456569.02,0.9893652410666292,03
33,CAÑAR,LA TRONCAL,104340873.89,290653510.2,20475105.41,423872471.03,CAÑAR-LA TRONCAL,0304,2024,415469489.5,423872471.03,0.9801756846591596,03
34,CAÑAR,SUSCAL,4964777.49,4354162.56,2196377.17,11617091.85,CAÑAR-SUSCAL,0307,2024,11515317.22,11617091.85,0.9912392334231223,03
35,CHIMBORAZO,ALAUSI,15808786.22,16492810.85,2679898.97,35821001.34,CHIMBORAZO-ALAUSI,0602,2024,34981496.04,35821001.34,0.9765638796070573,06
36,CHIMBORAZO,CHAMBO,8843461.38,19735976.07,466702.59,29682576.98,CHIMBORAZO-CHAMBO,0604,2024,29046140.040000003,29682576.98,0.9785585685357162,06
37,CHIMBORAZO,CHUNCHI,6862060.76,4056571.01,447611.94,11808259.24,CHIMBORAZO-CHUNCHI,0605,2024,11366243.709999999,11808259.24,0.9625672572886365,06
38,CHIMBORAZO,COLTA,16126694.71,8209485.69,288940.33,24956094.34,CHIMBORAZO-COLTA,0603,2024,24625120.73,24956094.34,0.9867377641112091,06
39,CHIMBORAZO,CUMANDA,17913619.24,43910037.95,438880.44,63156070.88,CHIMBORAZO-CUMANDA,0610,2024,62262537.629999995,63156070.88,0.985851981645632,06
40,CHIMBORAZO,GUAMOTE,19663414.56,12961732.16,266544.87,34933712.35,CHIMBORAZO-GUAMOTE,0606,2024,32891691.59,34933712.35,0.9415458414627954,06
41,CHIMBORAZO,GUANO,30316804.58,28874982.98,1706970.99,62394752.37,CHIMBORAZO-GUANO,0607,2024,60898758.550000004,62394752.37,0.9760237237399586,06
42,CHIMBORAZO,PALLATANGA,6216285.39,12397759.14,356546.21,19396410.84,CHIMBORAZO-PALLATANGA,0608,2024,18970590.740000002,19396410.84,0.9780464487212317,06
43,CHIMBORAZO,PENIPE,8603738.14,6888845.46,486801.27,16194432.25,CHIMBORAZO-PENIPE,0609,2024,15979384.870000001,16194432.25,0.9867209065016775,06
44,CHIMBORAZO,RIOBAMBA,663585458.92,629851278.32,53581442.94,1498209242.9,CHIMBORAZO-RIOBAMBA,0601,2024,1347018180.18,1498209242.9,0.8990854825943084,06
45,COTOPAXI,LA MANA,72955328.38,167608112.16,20961161.13,266114692.52,COTOPAXI-LA MANA,0502,2024,261524601.67,266114692.52,0.9827514564997006,05
46,COTOPAXI,LATACUNGA,521558928.04,665597253.69,82555614.15,1619200525.21,COTOPAXI-LATACUNGA,0501,2024,1269711795.88,1619200525.21,0.7841596986360454,05
47,COTOPAXI,PANGUA,14967520.21,34578942.72,2842107.62,52678148.16,COTOPAXI-PANGUA,0503,2024,52388570.55,52678148.16,0.9945028893361919,05
48,COTOPAXI,PUJILI,39257699.09,39225743.81,6357511.14,89302903.43,COTOPAXI-PUJILI,0504,2024,84840954.04,89302903.43,0.9500357858633622,05
49,COTOPAXI,SALCEDO,101261178.43,197369362.2,20131662.21,336715966.29,COTOPAXI-SALCEDO,0505,2024,318762202.84,336715966.29,0.9466797976709629,05
50,COTOPAXI,SAQUISILI,23489816.03,47235833.63,2590772.61,76317990.07,COTOPAXI-SAQUISILI,0506,2024,73316422.27,76317990.07,0.9606702456754048,05
51,COTOPAXI,SIGCHOS,7747618.88,8859551.34,1646151.42,18289017.78,COTOPAXI-SIGCHOS,0507,2024,18253321.64,18289017.78,0.9980482199520284,05
52,EL ORO,ARENILLAS,24406541.88,103308673.6,6512121.24,165002931.92,EL ORO-ARENILLAS,0702,2024,134227336.72,165002931.92,0.8134845554446195,07
53,EL ORO,ATAHUALPA,6654967.91,3872053.73,497668.11,11184220.2,EL ORO-ATAHUALPA,0703,2024,11024689.75,11184220.2,0.9857361132785994,07
54,EL ORO,BALSAS,15634180.07,107940778.15,11448472.29,135922169.1,EL ORO-BALSAS,0704,2024,135023430.51,135922169.1,0.9933878439701858,07
55,EL ORO,CHILLA,293526.83,572209.6,4950.0,873785.73,EL ORO-CHILLA,0705,2024,870686.4299999999,873785.73,0.9964530205820595,07
56,EL ORO,EL GUABO,74310206.65,255683776.72,145830928.13,543030862.38,EL ORO-EL GUABO,0706,2024,475824911.5,543030862.38,0.8762391688283623,07
57,EL ORO,HUAQUILLAS,148613176.77,242669106.78,25871167.52,425406667.8,EL ORO-HUAQUILLAS,0707,2024,417153451.07,425406667.8,0.9805992304429977,07
58,EL ORO,LAS LAJAS,1898561.23,8863006.4,1141270.63,21320869.14,EL ORO-LAS LAJAS,0714,2024,11902838.260000002,21320869.14,0.5582717187485163,07
59,EL ORO,MACHALA,1072945707.52,1522372668.75,787152699.61,4328732665.11,EL ORO-MACHALA,0701,2024,3382471075.88,4328732665.11,0.7813998547757502,07
60,EL ORO,MARCABELI,4478497.28,50745489.46,519662.0,56372907.71,EL ORO-MARCABELI,0708,2024,55743648.74,56372907.71,0.9888375640788816,07
61,EL ORO,PASAJE,112278881.74,279613243.31,43218138.37,490439248.03,EL ORO-PASAJE,0709,2024,435110263.42,490439248.03,0.8871848351610402,07
62,EL ORO,PIÑAS,69024636.02,157514265.72,8290144.82,273534867.19,EL ORO-PIÑAS,0710,2024,234829046.56,273534867.19,0.8584976715121493,07
63,EL ORO,PORTOVELO,43737579.46,29005189.59,6099987.83,125705668.64,EL ORO-PORTOVELO,0711,2024,78842756.88,125705668.64,0.6272012848186859,07
64,EL ORO,SANTA ROSA,99472187.87,251118430.51,49639987.52,445083842.25,EL ORO-SANTA ROSA,0712,2024,400230605.9,445083842.25,0.8992251973847069,07
65,EL ORO,ZARUMA,68794019.75,36374503.62,14542911.3,202352467.25,EL ORO-ZARUMA,0713,2024,119711434.67,202352467.25,0.5915985917883588,07
66,ESMERALDAS,ATACAMES,36009350.46,31939821.52,7587584.83,76725933.41,ESMERALDAS-ATACAMES,0806,2024,75536756.81,76725933.41,0.984500982299617,08
67,ESMERALDAS,ELOY ALFARO,19082997.45,53764036.21,5909510.32,79838295.0,ESMERALDAS-ELOY ALFARO,0802,2024,78756543.97999999,79838295.0,0.9864507249309369,08
68,ESMERALDAS,ESMERALDAS,297179748.71,1243635012.96,35439041.96,1605179221.86,ESMERALDAS-ESMERALDAS,0801,2024,1576253803.63,1605179221.86,0.9819799447712246,08
69,ESMERALDAS,MUISNE,7822055.84,24856707.22,6332765.29,39135982.12,ESMERALDAS-MUISNE,0803,2024,39011528.35,39135982.12,0.9968199655851643,08
70,ESMERALDAS,QUININDE,92014354.5,816596627.83,43362142.5,981298614.6,ESMERALDAS-QUININDE,0804,2024,951973124.83,981298614.6,0.9701156311303326,08
71,ESMERALDAS,RIOVERDE,15482521.17,37416227.54,42439588.73,101557881.77,ESMERALDAS-RIOVERDE,0807,2024,95338337.44,101557881.77,0.9387586249180983,08
72,ESMERALDAS,SAN LORENZO,37605253.67,40333696.27,15392742.22,111141508.4,ESMERALDAS-SAN LORENZO,0805,2024,93331692.16,111141508.4,0.8397554928271964,08
73,GALAPAGOS,ISABELA,10865996.08,9509614.48,5872971.08,26781292.76,GALAPAGOS-ISABELA,2002,2024,26248581.64,26781292.76,0.9801088347461835,20
74,GALAPAGOS,SAN CRISTOBAL,35834394.0,64684153.78,54192608.16,157103106.42,GALAPAGOS-SAN CRISTOBAL,2001,2024,154711155.94,157103106.42,0.9847746455528044,20
75,GALAPAGOS,SANTA CRUZ,176383131.01,108345735.94,190077732.71,481826487.54,GALAPAGOS-SANTA CRUZ,2003,2024,474806599.65999997,481826487.54,0.9854306725314322,20
76,GUAYAS,ALFREDO BAQUERIZO MORENO,26196363.83,39619298.94,10989374.88,77118933.34,GUAYAS-ALFREDO BAQUERIZO MORENO,0902,2024,76805037.64999999,77118933.34,0.9959297195071913,09
77,GUAYAS,BALAO,15268036.59,43459098.93,27439660.2,96541772.59,GUAYAS-BALAO,0903,2024,86166795.72,96541772.59,0.8925338059198359,09
78,GUAYAS,BALZAR,46903863.79,118624194.74,11651438.44,194373115.42,GUAYAS-BALZAR,0904,2024,177179496.97,194373115.42,0.9115432275042351,09
79,GUAYAS,COLIMES,10848580.83,56416093.29,4860425.31,72852978.52,GUAYAS-COLIMES,0905,2024,72125099.43,72852978.52,0.9900089316210982,09
80,GUAYAS,CORONEL MARCELINO MARIDUEÑA,84814970.94,35108472.91,119247357.43,265589730.34,GUAYAS-CORONEL MARCELINO MARIDUEÑA,0923,2024,239170801.28,265589730.34,0.9005272943868,09
81,GUAYAS,DAULE,832447635.91,631122103.66,142010522.68,1723882483.83,GUAYAS-DAULE,0906,2024,1605580262.25,1723882483.83,0.9313745439786798,09
82,GUAYAS,DURAN,1607993214.09,2179317808.17,1770277159.22,8979877250.2,GUAYAS-DURAN,0907,2024,5557588181.4800005,8979877250.2,0.6188935579666438,09
83,GUAYAS,EL EMPALME,73514452.89,283354555.91,29153343.61,394802790.53,GUAYAS-EL EMPALME,0908,2024,386022352.41,394802790.53,0.9777599390616953,09
84,GUAYAS,EL TRIUNFO,104964116.44,265918682.65,66946703.29,451705718.69,GUAYAS-EL TRIUNFO,0909,2024,437829502.38000005,451705718.69,0.9692804059460601,09
85,GUAYAS,GENERAL ANTONIO ELIZALDE,17353454.91,55251548.77,11430617.7,86855170.54,GUAYAS-GENERAL ANTONIO ELIZALDE,0927,2024,84035621.38000001,86855170.54,0.9675373481800776,09
86,GUAYAS,GUAYAQUIL,34020741247.67,14087922243.95,4763197777.61,63418076824.94,GUAYAS-GUAYAQUIL,0901,2024,52871861269.229996,63418076824.94,0.8337033211394616,09
87,GUAYAS,ISIDRO AYORA,16907173.01,278065655.31,3472889.62,304626689.44,GUAYAS-ISIDRO AYORA,0928,2024,298445717.94,304626689.44,0.9797096849545174,09
88,GUAYAS,LOMAS DE SARGENTILLO,18896344.01,33933149.32,4568945.37,57672629.25,GUAYAS-LOMAS DE SARGENTILLO,0924,2024,57398438.699999996,57672629.25,0.9952457421559291,09
89,GUAYAS,MILAGRO,367541707.84,482495584.09,174463929.32,1076618382.34,GUAYAS-MILAGRO,0910,2024,1024501221.25,1076618382.34,0.9515917971076021,09
90,GUAYAS,NARANJAL,90568330.73,391093975.18,114679634.98,661558995.56,GUAYAS-NARANJAL,0911,2024,596341940.89,661558995.56,0.9014191400801758,09
91,GUAYAS,NARANJITO,39494517.8,103149384.7,19939693.16,162951078.48,GUAYAS-NARANJITO,0912,2024,162583595.66,162951078.48,0.9977448273222377,09
92,GUAYAS,NOBOL,58904775.6,52908298.54,8116600.44,184523544.04,GUAYAS-NOBOL,0925,2024,119929674.58,184523544.04,0.6499423973452532,09
93,GUAYAS,PALESTINA,19961071.81,57549024.81,5098043.37,83682091.18,GUAYAS-PALESTINA,0913,2024,82608139.99000001,83682091.18,0.9871662959797464,09
94,GUAYAS,PEDRO CARBO,38219602.69,26752884.76,20815409.37,86248479.84,GUAYAS-PEDRO CARBO,0914,2024,85787896.82000001,86248479.84,0.9946598128934628,09
95,GUAYAS,PLAYAS,61773645.66,41210121.75,36020423.09,187715462.95,GUAYAS-PLAYAS,0921,2024,139004190.5,187715462.95,0.7405047422066943,09
96,GUAYAS,SALITRE,32502146.14,59911601.16,4309126.55,98083654.91,GUAYAS-SALITRE,0919,2024,96722873.85,98083654.91,0.9861263218499695,09
97,GUAYAS,SAMBORONDON,2040119886.25,1254703889.64,1220662764.32,5490334302.61,GUAYAS-SAMBORONDON,0916,2024,4515486540.21,5490334302.61,0.8224429135514434,09
98,GUAYAS,SAN JACINTO DE YAGUACHI,116955432.69,537081755.75,113121538.49,1249039161.61,GUAYAS-SAN JACINTO DE YAGUACHI,0920,2024,767158726.9300001,1249039161.61,0.6141990984022787,09
99,GUAYAS,SANTA LUCIA,22246417.98,246586981.35,18118133.5,288891425.41,GUAYAS-SANTA LUCIA,0918,2024,286951532.83,288891425.41,0.9932850461821533,09
100,GUAYAS,SIMON BOLIVAR,15875891.2,110988118.67,30603952.73,162423520.51,GUAYAS-SIMON BOLIVAR,0922,2024,157467962.6,162423520.51,0.9694898996497561,09
101,IMBABURA,ANTONIO ANTE,112858429.97,78535632.52,2806463.68,205302398.66,IMBABURA-ANTONIO ANTE,1002,2024,194200526.17000002,205302398.66,0.9459242923489378,10
102,IMBABURA,COTACACHI,39079611.0,48887726.51,4416046.45,149121721.45,IMBABURA-COTACACHI,1003,2024,92383383.96,149121721.45,0.6195166140901601,10
103,IMBABURA,IBARRA,621893659.94,638275288.57,85211242.72,1374722605.42,IMBABURA-IBARRA,1001,2024,1345380191.2300003,1374722605.42,0.9786557563872784,10
104,IMBABURA,OTAVALO,201296521.32,107135287.07,13208279.95,352884569.23,IMBABURA-OTAVALO,1004,2024,321640088.34,352884569.23,0.9114597700937278,10
105,IMBABURA,PIMAMPIRO,6259349.04,14390834.2,1023519.84,21692144.74,IMBABURA-PIMAMPIRO,1005,2024,21673703.08,21692144.74,0.999149846166848,10
106,IMBABURA,SAN MIGUEL DE URCUQUI,7511261.35,19814779.11,1013501.7,37384975.96,IMBABURA-SAN MIGUEL DE URCUQUI,1006,2024,28339542.16,37384975.96,0.7580462855004066,10
107,LOJA,CALVAS,26501227.16,13664721.57,12245383.89,53054352.16,LOJA-CALVAS,1102,2024,52411332.620000005,53054352.16,0.9878799850752905,11
108,LOJA,CATAMAYO,47001408.28,74290347.02,6036457.22,133930981.65,LOJA-CATAMAYO,1103,2024,127328212.52,133930981.65,0.9507002110441113,11
109,LOJA,CELICA,5110494.43,9731878.54,2040815.12,17025887.0,LOJA-CELICA,1104,2024,16883188.09,17025887.0,0.9916187092044015,11
110,LOJA,CHAGUARPAMBA,2537154.67,6340813.24,962842.1,9846187.42,LOJA-CHAGUARPAMBA,1105,2024,9840810.01,9846187.42,0.9994538586591316,11
111,LOJA,ESPINDOLA,4503159.02,1834510.31,183073.34,7011288.18,LOJA-ESPINDOLA,1106,2024,6520742.67,7011288.18,0.930034895527572,11
112,LOJA,GONZANAMA,7853087.29,10147000.08,203061.56,19322051.9,LOJA-GONZANAMA,1107,2024,18203148.93,19322051.9,0.9420919177843633,11
113,LOJA,LOJA,776114153.89,654678379.75,202115465.66,1660970767.16,LOJA-LOJA,1101,2024,1632907999.3,1660970767.16,0.983104598578828,11
114,LOJA,MACARA,16921082.0,34578284.5,26606887.37,78929305.92,LOJA-MACARA,1108,2024,78106253.87,78929305.92,0.9895722882596457,11
115,LOJA,OLMEDO,758958.22,415827.6,5262.25,1193013.99,LOJA-OLMEDO,1116,2024,1180048.0699999998,1193013.99,0.9891317955123057,11
116,LOJA,PALTAS,15794783.23,9918166.54,3452508.06,29562849.84,LOJA-PALTAS,1109,2024,29165457.83,29562849.84,0.986557723218473,11
117,LOJA,PINDAL,4470186.47,31776284.88,8823186.46,45604487.75,LOJA-PINDAL,1114,2024,45069657.81,45604487.75,0.9882724274213562,11
118,LOJA,PUYANGO,9718534.32,21183953.79,7561714.24,39503449.91,LOJA-PUYANGO,1110,2024,38464202.35,39503449.91,0.973692232896932,11
119,LOJA,QUILANGA,1904244.52,1601781.45,48551.31,10569922.89,LOJA-QUILANGA,1115,2024,3554577.28,10569922.89,0.33629169455558816,11
120,LOJA,SARAGURO,25813086.5,7497245.81,6837169.42,41494357.14,LOJA-SARAGURO,1111,2024,40147501.73,41494357.14,0.9675412392712633,11
121,LOJA,SOZORANGA,3768510.23,556611.21,14919.0,4657741.7,LOJA-SOZORANGA,1112,2024,4340040.4399999995,4657741.7,0.931790708789197,11
122,LOJA,ZAPOTILLO,6306111.49,28009270.26,3232629.24,38293610.6,LOJA-ZAPOTILLO,1113,2024,37548010.99,38293610.6,0.9805293990742153,11
123,LOS RIOS,BABA,17191513.08,62051036.38,51104387.63,131536990.28,LOS RIOS-BABA,1202,2024,130346937.09,131536990.28,0.9909527108118655,12
124,LOS RIOS,BABAHOYO,262041136.35,362170082.72,144136905.75,797883825.88,LOS RIOS-BABAHOYO,1201,2024,768348124.82,797883825.88,0.9629824542095154,12
125,LOS RIOS,BUENA FE,81843693.13,280407154.79,28770979.78,425954951.34,LOS RIOS-BUENA FE,1210,2024,391021827.70000005,425954951.34,0.9179886898130781,12
126,LOS RIOS,MOCACHE,18175168.86,194084656.08,65275534.77,279410121.84,LOS RIOS-MOCACHE,1212,2024,277535359.71,279410121.84,0.9932902855571082,12
127,LOS RIOS,MONTALVO,27586602.01,124484422.94,13841546.32,167299223.9,LOS RIOS-MONTALVO,1203,2024,165912571.26999998,167299223.9,0.9917115417652572,12
128,LOS RIOS,PALENQUE,9304815.27,32799813.74,3396635.25,46071773.72,LOS RIOS-PALENQUE,1209,2024,45501264.26,46071773.72,0.9876169416991137,12
129,LOS RIOS,PUEBLOVIEJO,27288118.25,195581401.83,39619688.63,274024161.83,LOS RIOS-PUEBLOVIEJO,1204,2024,262489208.71,274024161.83,0.9579053429341167,12
130,LOS RIOS,QUEVEDO,396468234.09,738823951.91,224730334.72,1609423151.0,LOS RIOS-QUEVEDO,1205,2024,1360022520.72,1609423151.0,0.8450372544193631,12
131,LOS RIOS,QUINSALOMA,23750259.9,179333271.62,22893324.9,348918596.45,LOS RIOS-QUINSALOMA,1213,2024,225976856.42000002,348918596.45,0.6476492188125103,12
132,LOS RIOS,URDANETA,21816204.13,56722570.94,27519321.26,141225615.74,LOS RIOS-URDANETA,1206,2024,106058096.33,141225615.74,0.7509834230445537,12
133,LOS RIOS,VALENCIA,29565322.26,228691964.83,13602124.72,295634956.18,LOS RIOS-VALENCIA,1211,2024,271859411.81,295634956.18,0.9195780340822617,12
134,LOS RIOS,VENTANAS,97057945.15,427501318.57,57115894.89,698184123.94,LOS RIOS-VENTANAS,1207,2024,581675158.61,698184123.94,0.8331257309712008,12
135,LOS RIOS,VINCES,42816807.34,98269772.82,41329029.06,225719065.69,LOS RIOS-VINCES,1208,2024,182415609.22,225719065.69,0.8081533062454171,12
136,MANABI,24 DE MAYO,5712958.49,15166084.91,1397427.7,22592723.36,MANABI-24 DE MAYO,1316,2024,22276471.099999998,22592723.36,0.9860020301687082,13
137,MANABI,BOLIVAR,36112976.95,41272547.65,11354128.74,91528257.28,MANABI-BOLIVAR,1302,2024,88739653.33999999,91528257.28,0.9695328631520951,13
138,MANABI,CHONE,115757359.66,206367955.66,29480262.92,353319083.24,MANABI-CHONE,1303,2024,351605578.24,353319083.24,0.9951502619550383,13
139,MANABI,EL CARMEN,96848082.77,542883294.61,19508421.8,833390427.8,MANABI-EL CARMEN,1304,2024,659239799.18,833390427.8,0.7910335626487501,13
140,MANABI,FLAVIO ALFARO,11471951.16,22168408.47,1949879.14,36363186.71,MANABI-FLAVIO ALFARO,1305,2024,35590238.769999996,36363186.71,0.9787436688053679,13
141,MANABI,JAMA,11586130.46,19552181.89,1702274.43,32998607.93,MANABI-JAMA,1320,2024,32840586.78,32998607.93,0.9952112782958842,13
142,MANABI,JARAMIJO,47134729.13,306988007.86,93109659.38,1059216062.17,MANABI-JARAMIJO,1321,2024,447232396.37,1059216062.17,0.4222296208893979,13
143,MANABI,JIPIJAPA,44430530.55,32668745.42,4056648.67,86064984.77,MANABI-JIPIJAPA,1306,2024,81155924.64,86064984.77,0.9429610062312918,13
144,MANABI,JUNIN,17288556.33,142446311.87,21602974.51,181666967.47,MANABI-JUNIN,1307,2024,181337842.70999998,181666967.47,0.9981883070731922,13
145,MANABI,MANTA,1099190956.28,1095793415.77,378302954.44,3270715975.35,MANABI-MANTA,1308,2024,2573287326.4900002,3270715975.35,0.7867657558417717,13
146,MANABI,MONTECRISTI,406054151.73,671663027.76,141108080.69,1953377003.46,MANABI-MONTECRISTI,1309,2024,1218825260.18,1953377003.46,0.6239580265463888,13
147,MANABI,OLMEDO,3532729.31,7105945.78,461327.2,11637123.85,MANABI-OLMEDO,1318,2024,11100002.29,11637123.85,0.9538441313400647,13
148,MANABI,PAJAN,12017346.07,22180233.04,9109731.5,43670182.97,MANABI-PAJAN,1310,2024,43307310.61,43670182.97,0.9916906150759826,13
149,MANABI,PEDERNALES,44071016.89,125237098.23,15460821.79,191351092.62,MANABI-PEDERNALES,1317,2024,184768936.91,191351092.62,0.9656016821232823,13
150,MANABI,PICHINCHA,15697196.09,42886178.48,7461198.41,107426125.01,MANABI-PICHINCHA,1311,2024,66044572.97999999,107426125.01,0.6147906105135235,13
151,MANABI,PORTOVIEJO,713849601.71,687001363.75,105179018.17,1599562361.03,MANABI-PORTOVIEJO,1301,2024,1506029983.63,1599562361.03,0.9415262701356815,13
152,MANABI,PUERTO LOPEZ,20763607.65,13847071.02,5755946.61,46044219.67,MANABI-PUERTO LOPEZ,1319,2024,40366625.28,46044219.67,0.8766925700839008,13
153,MANABI,ROCAFUERTE,23093260.93,33725097.97,4675234.89,62896271.61,MANABI-ROCAFUERTE,1312,2024,61493593.79,62896271.61,0.977698553760109,13
154,MANABI,SAN VICENTE,13829980.47,28540748.26,4596986.88,47437872.55,MANABI-SAN VICENTE,1322,2024,46967715.61000001,47437872.55,0.9900889960968541,13
155,MANABI,SANTA ANA,30650299.31,82548011.05,1466946.99,117936953.07,MANABI-SANTA ANA,1313,2024,114665257.35,117936953.07,0.9722589431485641,13
156,MANABI,SUCRE,34894829.24,87093980.88,5542892.23,310165931.58,MANABI-SUCRE,1314,2024,127531702.35000001,310165931.58,0.41117250273215844,13
157,MANABI,TOSAGUA,47370162.19,110166345.96,6683204.06,167533261.41,MANABI-TOSAGUA,1315,2024,164219712.20999998,167533261.41,0.9802215442347842,13
158,MORONA SANTIAGO,GUALAQUIZA,34403588.61,16238282.53,2703855.28,54727174.46,MORONA SANTIAGO-GUALAQUIZA,1402,2024,53345726.42,54727174.46,0.9747575486286123,14
159,MORONA SANTIAGO,HUAMBOYA,5256236.58,977487.33,274904.05,6857268.53,MORONA SANTIAGO-HUAMBOYA,1407,2024,6508627.96,6857268.53,0.9491575153467119,14
160,MORONA SANTIAGO,LIMON INDANZA,15284698.34,8302256.68,1771509.78,26107704.35,MORONA SANTIAGO-LIMON INDANZA,1403,2024,25358464.8,26107704.35,0.9713019750815433,14
161,MORONA SANTIAGO,LOGROÑO,4767561.79,2257660.34,40915.66,7214921.49,MORONA SANTIAGO-LOGROÑO,1410,2024,7066137.79,7214921.49,0.979378334163966,14
162,MORONA SANTIAGO,MORONA,105187510.61,66273707.9,6008571.52,182161465.41,MORONA SANTIAGO-MORONA,1401,2024,177469790.03,182161465.41,0.974244413496344,14
163,MORONA SANTIAGO,PABLO SEXTO,1821163.11,654092.99,16989.17,2493020.28,MORONA SANTIAGO-PABLO SEXTO,1411,2024,2492245.27,2493020.28,0.9996891280804183,14
164,MORONA SANTIAGO,PALORA,9470824.09,27968531.69,4947830.7,51845333.9,MORONA SANTIAGO-PALORA,1404,2024,42387186.480000004,51845333.9,0.8175699391146173,14
165,MORONA SANTIAGO,SAN JUAN BOSCO,2813082.08,1905818.67,4780.25,4764230.24,MORONA SANTIAGO-SAN JUAN BOSCO,1408,2024,4723681.0,4764230.24,0.9914888160400912,14
166,MORONA SANTIAGO,SANTIAGO,11913171.24,6280068.04,577493.28,19080140.44,MORONA SANTIAGO-SANTIAGO,1405,2024,18770732.560000002,19080140.44,0.9837837734489967,14
167,MORONA SANTIAGO,SUCUA,36045293.57,20416102.29,5103735.39,63355330.45,MORONA SANTIAGO-SUCUA,1406,2024,61565131.25,63355330.45,0.971743510967671,14
168,MORONA SANTIAGO,TAISHA,13360995.0,1811107.1,338465.97,15752303.78,MORONA SANTIAGO-TAISHA,1409,2024,15510568.07,15752303.78,0.984653945646546,14
169,MORONA SANTIAGO,TIWINTZA,3981273.01,2568154.9,184246.76,6819623.16,MORONA SANTIAGO-TIWINTZA,1412,2024,6733674.67,6819623.16,0.9873968857246944,14
170,NAPO,ARCHIDONA,31648949.53,7971520.49,2547808.77,44986318.44,NAPO-ARCHIDONA,1503,2024,42168278.79000001,44986318.44,0.9373578512818621,15
171,NAPO,CARLOS JULIO AROSEMENA TOLA,5004213.59,3320913.46,139655.35,8473860.04,NAPO-CARLOS JULIO AROSEMENA TOLA,1509,2024,8464782.4,8473860.04,0.9989287479428326,15
172,NAPO,EL CHACO,15921875.6,12234187.08,479511.22,29433224.66,NAPO-EL CHACO,1504,2024,28635573.9,29433224.66,0.9728996476188347,15
173,NAPO,QUIJOS,20710312.16,13357200.68,1376016.91,36349758.81,NAPO-QUIJOS,1507,2024,35443529.75,36349758.81,0.975069186435683,15
174,NAPO,TENA,114251178.91,69984042.37,8279541.44,194476720.8,NAPO-TENA,1501,2024,192514762.72,194476720.8,0.9899116044741535,15
175,ND,ND,59.0,0.0,0.0,59.0,ND-ND,<NA>,2024,59.0,59.0,1.0,<N
176,ORELLANA,AGUARICO,8712181.91,8659252.83,741167.02,18113951.78,ORELLANA-AGUARICO,2202,2024,18112601.76,18113951.78,0.999925470708082,22
177,ORELLANA,LA JOYA DE LOS SACHAS,175911772.47,168889626.55,19616003.64,367657891.54,ORELLANA-LA JOYA DE LOS SACHAS,2203,2024,364417402.65999997,367657891.54,0.9911861299469823,22
178,ORELLANA,LORETO,17688907.99,14920226.2,13860189.19,47892111.3,ORELLANA-LORETO,2204,2024,46469323.379999995,47892111.3,0.970291810459398,22
179,ORELLANA,FRANCISCO DE ORELLANA,620888290.12,207016129.17,31229025.12,886950289.53,ORELLANA-FRANCISCO DE ORELLANA,2201,2024,859133444.41,886950289.53,0.9686376503301664,22
180,PASTAZA,ARAJUNO,4868684.58,504069.65,9500.91,5388238.14,PASTAZA-ARAJUNO,1604,2024,5382255.140000001,5388238.14,0.998889618490396,16
181,PASTAZA,MERA,16199126.65,15191848.36,91962.75,31776885.73,PASTAZA-MERA,1602,2024,31482937.759999998,31776885.73,0.9907496293847798,16
182,PASTAZA,PASTAZA,166060269.76,106169806.85,5987956.44,286378586.15,PASTAZA-PASTAZA,1601,2024,278218033.05,286378586.15,0.9715043180787072,16
183,PASTAZA,SANTA CLARA,3880398.44,2755568.46,12599.88,6689954.25,PASTAZA-SANTA CLARA,1603,2024,6648566.78,6689954.25,0.9938134898306666,16
184,PICHINCHA,CAYAMBE,214855524.1,323376897.43,41888958.78,945848670.68,PICHINCHA-CAYAMBE,1702,2024,580121380.31,945848670.68,0.6133342449938981,17
185,PICHINCHA,MEJIA,328993242.01,712244112.27,59734135.29,1213319205.8,PICHINCHA-MEJIA,1703,2024,1100971489.57,1213319205.8,0.9074046502412992,17
186,PICHINCHA,PEDRO MONCAYO,101477414.54,137182294.53,37424288.43,606129191.87,PICHINCHA-PEDRO MONCAYO,1704,2024,276083997.5,606129191.87,0.45548704996081646,17
187,PICHINCHA,PEDRO VICENTE MALDONADO,32857452.77,57604060.79,3239780.44,104274637.82,PICHINCHA-PEDRO VICENTE MALDONADO,1708,2024,93701294.0,104274637.82,0.8986010017291854,17
188,PICHINCHA,PUERTO QUITO,11964909.01,105519517.01,1678149.94,122170718.07,PICHINCHA-PUERTO QUITO,1709,2024,119162575.96000001,122170718.07,0.9753775523503397,17
189,PICHINCHA,DISTRITO METROPOLITANO DE QUITO,54045098922.04,17579886130.25,2476054221.63,85514548180.78,PICHINCHA-DISTRITO METROPOLITANO DE QUITO,1701,2024,74101039273.92001,85514548180.78,0.8665313779974428,17
190,PICHINCHA,RUMIÑAHUI,2800320656.96,1890509518.82,58528871.28,4841424528.67,PICHINCHA-RUMIÑAHUI,1705,2024,4749359047.059999,4841424528.67,0.980983803204035,17
191,PICHINCHA,SAN MIGUEL DE LOS BANCOS,17470316.1,87798225.68,10644092.98,117410929.66,PICHINCHA-SAN MIGUEL DE LOS BANCOS,1707,2024,115912634.76,117410929.66,0.987238880534046,17
192,SANTA ELENA,LA LIBERTAD,244590343.78,176713758.05,47913713.24,485177681.86,SANTA ELENA-LA LIBERTAD,2402,2024,469217815.07000005,485177681.86,0.9671051093512474,24
193,SANTA ELENA,SALINAS,104758294.81,202396278.92,22227220.0,354771591.16,SANTA ELENA-SALINAS,2403,2024,329381793.73,354771591.16,0.9284333975361929,24
194,SANTA ELENA,SANTA ELENA,177274850.01,368851158.03,73534086.29,659354433.94,SANTA ELENA-SANTA ELENA,2401,2024,619660094.3299999,659354433.94,0.9397981759631084,24
195,SANTO DOMINGO DE LOS TSACHILAS,LA CONCORDIA,64970572.49,186706227.89000002,25425001.13,310222947.69,SANTO DOMINGO DE LOS TSACHILAS-LA CONCORDIA,2302,2024,277101801.51000005,310222947.69,0.8932343773191875,23
196,SANTO DOMINGO DE LOS TSACHILAS,SANTO DOMINGO,1858045416.14,1641186486.81,173089247.04,3981971020.47,SANTO DOMINGO DE LOS TSACHILAS-SANTO DOMINGO,2301,2024,3672321149.99,3981971020.47,0.9222370356569166,23
197,SUCUMBIOS,CASCALES,8180895.9,8139363.18,677732.31,17618113.86,SUCUMBIOS-CASCALES,2106,2024,16997991.39,17618113.86,0.9648019944173525,21
198,SUCUMBIOS,CUYABENO,23638311.85,14870612.08,709129.5,39459738.0,SUCUMBIOS-CUYABENO,2107,2024,39218053.43,39459738.0,0.9938751602963,21
199,SUCUMBIOS,GONZALO PIZARRO,6844230.0,8778665.13,689441.64,16655165.48,SUCUMBIOS-GONZALO PIZARRO,2102,2024,16312336.770000001,16655165.48,0.9794160730248116,21
200,SUCUMBIOS,LAGO AGRIO,345187369.95,228653309.08,48430209.61,634887605.06,SUCUMBIOS-LAGO AGRIO,2101,2024,622270888.64,634887605.06,0.9801276378378696,21
201,SUCUMBIOS,PUTUMAYO,11596616.64,10278394.4,128072.24,22073260.44,SUCUMBIOS-PUTUMAYO,2103,2024,22003083.279999997,22073260.44,0.9968207161696496,21
202,SUCUMBIOS,SHUSHUFINDI,91831780.69,159941530.48,7757732.93,263441401.9,SUCUMBIOS-SHUSHUFINDI,2104,2024,259531044.1,263441401.9,0.9851566315248946,21
203,SUCUMBIOS,SUCUMBIOS,773993.04,1674393.05,23486.3,2480039.93,SUCUMBIOS-SUCUMBIOS,2105,2024,2471872.3899999997,2480039.93,0.996706690121719,21
204,TUNGURAHUA,AMBATO,2325644444.89,1463814040.44,143964026.1,4036290777.74,TUNGURAHUA-AMBATO,1801,2024,3933422511.43,4036290777.74,0.9745141586732763,18
205,TUNGURAHUA,BAÑOS DE AGUA SANTA,66859365.67,98046656.27,4341192.04,172389397.52,TUNGURAHUA-BAÑOS DE AGUA SANTA,1802,2024,169247213.98,172389397.52,0.9817727564153969,18
206,TUNGURAHUA,CEVALLOS,17305118.99,40256162.06,1302855.19,59958388.36,TUNGURAHUA-CEVALLOS,1803,2024,58864136.239999995,59958388.36,0.9817498076594399,18
207,TUNGURAHUA,MOCHA,6096408.27,21694013.37,1145605.95,29257278.67,TUNGURAHUA-MOCHA,1804,2024,28936027.59,29257278.67,0.9890197894471502,18
208,TUNGURAHUA,PATATE,26357741.32,31499026.47,1657954.14,60444402.43,TUNGURAHUA-PATATE,1805,2024,59514721.93,60444402.43,0.9846192457427857,18
209,TUNGURAHUA,QUERO,13997070.67,23182291.63,1529902.62,39144034.55,TUNGURAHUA-QUERO,1806,2024,38709264.919999994,39144034.55,0.9888930807721249,18
210,TUNGURAHUA,SAN PEDRO DE PELILEO,188813588.42,228698151.39,5298415.65,440586014.85,TUNGURAHUA-SAN PEDRO DE PELILEO,1807,2024,422810155.4599999,440586014.85,0.9596540543937783,18
211,TUNGURAHUA,SANTIAGO DE PILLARO,38578350.06,102928984.88,2897344.03,146960190.3,TUNGURAHUA-SANTIAGO DE PILLARO,1808,2024,144404678.97,146960190.3,0.9826108599561332,18
212,TUNGURAHUA,TISALEO,22515735.02,21182889.47,865856.68,48010116.06,TUNGURAHUA-TISALEO,1809,2024,44564481.169999994,48010116.06,0.92823106518439,18
213,ZAMORA CHINCHIPE,CENTINELA DEL CONDOR,6321443.36,6645266.1,596662.04,14238749.2,ZAMORA CHINCHIPE-CENTINELA DEL CONDOR,1907,2024,13563371.5,14238749.2,0.9525676244090318,19
214,ZAMORA CHINCHIPE,CHINCHIPE,5903940.62,8561181.63,449928.41,15088176.99,ZAMORA CHINCHIPE-CHINCHIPE,1902,2024,14915050.66,15088176.99,0.9885256959727644,19
215,ZAMORA CHINCHIPE,EL PANGUI,318966926.41,99835323.57,7061321.01,1546480489.39,ZAMORA CHINCHIPE-EL PANGUI,1906,2024,425863570.99,1546480489.39,0.27537597396911184,19
216,ZAMORA CHINCHIPE,NANGARITZA,5568364.0,1225605.81,42699.35,7093756.44,ZAMORA CHINCHIPE-NANGARITZA,1903,2024,6836669.16,7093756.44,0.9637586542229803,19
217,ZAMORA CHINCHIPE,PALANDA,8190887.22,4972977.75,157652.66,13438398.09,ZAMORA CHINCHIPE-PALANDA,1908,2024,13321517.629999999,13438398.09,0.9913025005497511,19
218,ZAMORA CHINCHIPE,PAQUISHA,5222336.03,13361501.14,84318.73,18753394.74,ZAMORA CHINCHIPE-PAQUISHA,1909,2024,18668155.900000002,18753394.74,0.9954547514633078,19
219,ZAMORA CHINCHIPE,YACUAMBI,2907785.02,1177104.34,1774.11,4146300.04,ZAMORA CHINCHIPE-YACUAMBI,1904,2024,4086663.47,4146300.04,0.9856169188373546,19
220,ZAMORA CHINCHIPE,YANTZAZA,162198257.73,90424732.24,9038439.67,1480892745.28,ZAMORA CHINCHIPE-YANTZAZA,1905,2024,261661429.63999996,1480892745.28,0.17669168173994013,19
221,ZAMORA CHINCHIPE,ZAMORA,99365417.64,43374983.58,19279371.35,183456838.54,ZAMORA CHINCHIPE-ZAMORA,1901,2024,162019772.57,183456838.54,0.8831492674756523,19
222,AZUAY,CAMILO PONCE ENRIQUEZ,44155392.05,60617274.51,13890452.19,150080419.51,AZUAY-CAMILO PONCE ENRIQUEZ,0115,2023,118663118.75,150080419.51,0.7906635598262928,01
223,AZUAY,CHORDELEG,18021322.03,5749190.35,207218.06,23977730.45,AZUAY-CHORDELEG,0111,2023,23977730.44,23977730.45,0.9999999995829464,01
224,AZUAY,CUENCA,6035996656.89,2237620425.55,426124454.84,8902169978.82,AZUAY-CUENCA,0101,2023,8699741537.28,8902169978.82,0.9772607755163498,01
225,AZUAY,EL PAN,671894.16,571523.44,10238.31,1262999.45,AZUAY-EL PAN,0112,2023,1253655.9100000001,1262999.45,0.9926021028750251,01
226,AZUAY,GIRON,8378988.37,9538228.37,750469.97,18716920.71,AZUAY-GIRON,0102,2023,18667686.709999997,18716920.71,0.9973695459438635,01
227,AZUAY,GUACHAPALA,1659417.13,735146.29,27535.99,2422524.53,AZUAY-GUACHAPALA,0114,2023,2422099.41,2422524.53,0.999824513644863,01
228,AZUAY,GUALACEO,60930103.81,34408495.33,13110983.63,121709622.93,AZUAY-GUALACEO,0103,2023,108449582.77,121709622.93,0.8910518343514515,01
229,AZUAY,NABON,8812761.86,7396352.76,343617.74,16559136.38,AZUAY-NABON,0104,2023,16552732.36,16559136.38,0.9996132636477506,01
230,AZUAY,OÑA,3166574.38,2356595.26,36145.49,5559755.13,AZUAY-OÑA,0110,2023,5559315.13,5559755.13,0.999920859823911,01
231,AZUAY,PAUTE,50129817.09,36674149.32,3253332.55,93404857.54,AZUAY-PAUTE,0105,2023,90057298.96,93404857.54,0.9641607656371999,01
232,AZUAY,PUCARA,6784357.38,7749083.39,341245.35,14874780.74,AZUAY-PUCARA,0106,2023,14874686.12,14874780.74,0.9999936388978329,01
233,AZUAY,SAN FERNANDO,2209482.6,1253129.39,201614.69,3664505.7,AZUAY-SAN FERNANDO,0107,2023,3664226.68,3664505.7,0.999923858762179,01
234,AZUAY,SANTA ISABEL,35520367.4,23496158.49,1580546.14,61820814.25,AZUAY-SANTA ISABEL,0108,2023,60597072.03,61820814.25,0.9802050129095478,01
235,AZUAY,SEVILLA DE ORO,5420915.71,5590932.41,7864.16,11019712.29,AZUAY-SEVILLA DE ORO,0113,2023,11019712.280000001,11019712.29,0.9999999990925355,01
236,AZUAY,SIGSIG,10629497.83,12137639.19,1304500.24,24353542.37,AZUAY-SIGSIG,0109,2023,24071637.259999998,24353542.37,0.988424472065827,01
237,BOLIVAR,CALUMA,20211181.67,28977955.48,12059422.14,61348863.87,BOLIVAR-CALUMA,0206,2023,61248559.29000001,61348863.87,0.9983650132427466,02
238,BOLIVAR,CHILLANES,5632543.78,8343453.85,804830.72,14843758.73,BOLIVAR-CHILLANES,0202,2023,14780828.35,14843758.73,0.9957604821565299,02
239,BOLIVAR,CHIMBO,12588602.07,38670578.21,451580.41,51711897.84,BOLIVAR-CHIMBO,0203,2023,51710760.69,51711897.84,0.999978009896223,02
240,BOLIVAR,ECHEANDIA,12839779.27,16755292.24,8130902.77,37882580.39,BOLIVAR-ECHEANDIA,0204,2023,37725974.28,37882580.39,0.9958660126003102,02
241,BOLIVAR,GUARANDA,69965767.66,82103357.46,8467579.56,165293384.4,BOLIVAR-GUARANDA,0201,2023,160536704.68,165293384.4,0.9712228064222515,02
242,BOLIVAR,LAS NAVES,4005280.72,22311259.34,561554.31,26878432.39,BOLIVAR-LAS NAVES,0207,2023,26878094.369999997,26878432.39,0.9999874241177796,02
243,BOLIVAR,SAN MIGUEL,25627133.87,16315709.79,962613.85,42917117.28,BOLIVAR-SAN MIGUEL,0205,2023,42905457.51,42917117.28,0.9997283188914127,02
244,CARCHI,BOLIVAR,4010735.27,10633288.62,1439942.32,26945960.14,CARCHI-BOLIVAR,0402,2023,16083966.209999999,26945960.14,0.5968971276745902,04
245,CARCHI,ESPEJO,6258974.14,20488522.8,1647175.71,40345756.48,CARCHI-ESPEJO,0403,2023,28394672.650000002,40345756.48,0.7037833746920986,04
246,CARCHI,MIRA,4744075.67,6842446.42,315966.93,19535358.27,CARCHI-MIRA,0404,2023,11902489.02,19535358.27,0.6092792799340864,04
247,CARCHI,MONTUFAR,21103056.96,68727001.18,15536192.78,105856414.95,CARCHI-MONTUFAR,0405,2023,105366250.92000002,105856414.95,0.9953695387262878,04
248,CARCHI,SAN PEDRO DE HUACA,1327723.87,25889615.36,3401435.45,30618775.73,CARCHI-SAN PEDRO DE HUACA,0406,2023,30618774.68,30618775.73,0.999999965707316,04
249,CARCHI,TULCAN,146425284.26,297870424.97,43960758.8,494145733.15,CARCHI-TULCAN,0401,2023,488256468.03000003,494145733.15,0.9880819265959092,04
250,CAÑAR,AZOGUES,202924694.71,162819079.83,12458282.06,379077585.32,CAÑAR-AZOGUES,0301,2023,378202056.6,379077585.32,0.9976903706420391,03
251,CAÑAR,BIBLIAN,16910904.15,83848957.21,1889990.87,102755598.74,CAÑAR-BIBLIAN,0302,2023,102649852.22999999,102755598.74,0.9989708929606106,03
252,CAÑAR,CAÑAR,53050037.63,90452038.46,3106662.3,146701523.05,CAÑAR-CAÑAR,0303,2023,146608738.39000002,146701523.05,0.9993675276297685,03
253,CAÑAR,DELEG,2263391.6,3312491.37,322041.79,6153500.53,CAÑAR-DELEG,0306,2023,5897924.760000001,6153500.53,0.958466604698578,03
254,CAÑAR,EL TAMBO,13292310.34,36133594.72,5197826.73,54644565.49,CAÑAR-EL TAMBO,0305,2023,54623731.79000001,54644565.49,0.9996187415928157,03
255,CAÑAR,LA TRONCAL,101965594.85,210309822.89,18476604.94,334503819.1,CAÑAR-LA TRONCAL,0304,2023,330752022.68,334503819.1,0.988783995261715,03
256,CAÑAR,SUSCAL,5105941.12,4177728.62,1964595.47,11248950.27,CAÑAR-SUSCAL,0307,2023,11248265.21,11248950.27,0.9999391000952483,03
257,CHIMBORAZO,ALAUSI,15420356.98,17150234.24,2331161.58,34940858.9,CHIMBORAZO-ALAUSI,0602,2023,34901752.8,34940858.9,0.9988807916796801,06
258,CHIMBORAZO,CHAMBO,8294781.87,19717734.97,543382.37,28568836.35,CHIMBORAZO-CHAMBO,0604,2023,28555899.21,28568836.35,0.9995471590147563,06
259,CHIMBORAZO,CHUNCHI,6408941.0,4021455.73,819961.15,11297858.35,CHIMBORAZO-CHUNCHI,0605,2023,11250357.88,11297858.35,0.9957956217427705,06
260,CHIMBORAZO,COLTA,14386290.92,7225153.46,285037.74,22036913.03,CHIMBORAZO-COLTA,0603,2023,21896482.119999997,22036913.03,0.9936274690647993,06
261,CHIMBORAZO,CUMANDA,19571828.25,37284568.88,378650.32,57303164.48,CHIMBORAZO-CUMANDA,0610,2023,57235047.45,57303164.48,0.9988112867654322,06
262,CHIMBORAZO,GUAMOTE,18413932.26,10117868.63,382154.23,29073240.16,CHIMBORAZO-GUAMOTE,0606,2023,28913955.12,29073240.16,0.9945212491238198,06
263,CHIMBORAZO,GUANO,30021776.87,34173726.8,976746.29,65519198.56,CHIMBORAZO-GUANO,0607,2023,65172249.96,65519198.56,0.9947046269242399,06
264,CHIMBORAZO,PALLATANGA,8419533.19,11973873.42,260602.01,20709388.44,CHIMBORAZO-PALLATANGA,0608,2023,20654008.62,20709388.44,0.9973258592275456,06
265,CHIMBORAZO,PENIPE,7448704.95,6876710.42,314704.44,14640285.88,CHIMBORAZO-PENIPE,0609,2023,14640119.81,14640285.88,0.9999886566422704,06
266,CHIMBORAZO,RIOBAMBA,840286282.62,609064861.05,53472344.84,1511375350.12,CHIMBORAZO-RIOBAMBA,0601,2023,1502823488.51,1511375350.12,0.994341669255542,06
267,COTOPAXI,LA MANA,73018530.0,138292450.23,21521346.98,234584382.16,COTOPAXI-LA MANA,0502,2023,232832327.20999998,234584382.16,0.9925312378690027,05
268,COTOPAXI,LATACUNGA,550680079.95,660345473.89,76020126.82,1576342079.09,COTOPAXI-LATACUNGA,0501,2023,1287045680.66,1576342079.09,0.8164761302337329,05
269,COTOPAXI,PANGUA,14513662.17,22200860.5,1670054.24,38403859.04,COTOPAXI-PANGUA,0503,2023,38384576.910000004,38403859.04,0.9994979116557033,05
270,COTOPAXI,PUJILI,35554156.63,36678279.3,4547689.99,79849572.44,COTOPAXI-PUJILI,0504,2023,76780125.92,79849572.44,0.9615596373755612,05
271,COTOPAXI,SALCEDO,95727266.75,196306530.6,14978990.31,320895612.61,COTOPAXI-SALCEDO,0505,2023,307012787.66,320895612.61,0.9567372553426823,05
272,COTOPAXI,SAQUISILI,22172558.16,47832537.98,1686067.93,73657954.88,COTOPAXI-SAQUISILI,0506,2023,71691164.07000001,73657954.88,0.973298324489131,05
273,COTOPAXI,SIGCHOS,8401825.77,9073275.74,701273.01,18206485.2,COTOPAXI-SIGCHOS,0507,2023,18176374.52,18206485.2,0.9983461563465309,05
274,EL ORO,ARENILLAS,26443266.25,94615685.62,5223816.27,159474084.15,EL ORO-ARENILLAS,0702,2023,126282768.14,159474084.15,0.7918701575437139,07
275,EL ORO,ATAHUALPA,5465602.08,3169622.46,331203.85,8966428.39,EL ORO-ATAHUALPA,0703,2023,8966428.389999999,8966428.39,0.9999999999999998,07
276,EL ORO,BALSAS,16897783.73,85129113.72,13128974.91,115730414.88,EL ORO-BALSAS,0704,2023,115155872.36,115730414.88,0.995035509718031,07
277,EL ORO,CHILLA,397910.96,277426.95,8649.29,684007.2,EL ORO-CHILLA,0705,2023,683987.2000000001,684007.2,0.9999707605417021,07
278,EL ORO,EL GUABO,76645471.09,230303112.44,158784367.04,526518557.58,EL ORO-EL GUABO,0706,2023,465732950.56999993,526518557.58,0.8845518241761797,07
279,EL ORO,HUAQUILLAS,160003288.01,236204196.49,38873944.17,437827610.98,EL ORO-HUAQUILLAS,0707,2023,435081428.67,437827610.98,0.9937277087119902,07
280,EL ORO,LAS LAJAS,1409518.77,5806142.82,1607890.34,18623428.32,EL ORO-LAS LAJAS,0714,2023,8823551.93,18623428.32,0.47378773544741193,07
281,EL ORO,MACHALA,1164890839.17,1522762366.95,891814358.78,4630385709.65,EL ORO-MACHALA,0701,2023,3579467564.8999996,4630385709.65,0.7730387465217371,07
282,EL ORO,MARCABELI,4977515.84,37860117.96,540610.83,43378249.63,EL ORO-MARCABELI,0708,2023,43378244.629999995,43378249.63,0.9999998847348602,07
283,EL ORO,PASAJE,121756742.99,251275695.1,39828657.93,457145066.49,EL ORO-PASAJE,0709,2023,412861096.02,457145066.49,0.903129282767905,07
284,EL ORO,PIÑAS,69362949.14,143956741.65,7840358.99,253241522.93,EL ORO-PIÑAS,0710,2023,221160049.78000003,253241522.93,0.873316694755197,07
285,EL ORO,PORTOVELO,45677838.85,30526426.82,3643109.23,118366727.29,EL ORO-PORTOVELO,0711,2023,79847374.9,118366727.29,0.6745761813991267,07
286,EL ORO,SANTA ROSA,105596312.7,374521571.46,33638677.33,583486720.0,EL ORO-SANTA ROSA,0712,2023,513756561.48999995,583486720.0,0.8804940093409495,07
287,EL ORO,ZARUMA,63400325.55,20399400.75,11402982.13,171105121.02,EL ORO-ZARUMA,0713,2023,95202708.42999999,171105121.02,0.5563989427228891,07
288,ESMERALDAS,ATACAMES,34295224.89,23920613.66,7894545.45,66889660.23,ESMERALDAS-ATACAMES,0806,2023,66110384.0,66889660.23,0.9883498252596821,08
289,ESMERALDAS,ELOY ALFARO,18542220.53,30983742.49,3767730.64,53359158.37,ESMERALDAS-ELOY ALFARO,0802,2023,53293693.66,53359158.37,0.9987731307614326,08
290,ESMERALDAS,ESMERALDAS,279004606.12,1464315092.64,32607126.8,1793466323.85,ESMERALDAS-ESMERALDAS,0801,2023,1775926825.5600002,1793466323.85,0.9902203358620373,08
291,ESMERALDAS,MUISNE,6849101.6,17228170.68,4376006.62,28558385.55,ESMERALDAS-MUISNE,0803,2023,28453278.900000002,28558385.55,0.9963195871203582,08
292,ESMERALDAS,QUININDE,77579672.57,406288984.54,19980865.0,526604149.77,ESMERALDAS-QUININDE,0804,2023,503849522.11,526604149.77,0.9567898816028353,08
293,ESMERALDAS,RIOVERDE,12943306.42,18458017.14,16122866.96,49109349.58,ESMERALDAS-RIOVERDE,0807,2023,47524190.52,49109349.58,0.9677218478037926,08
294,ESMERALDAS,SAN LORENZO,35233652.04,40485810.83,12296655.04,95388812.4,ESMERALDAS-SAN LORENZO,0805,2023,88016117.91,95388812.4,0.9227090231600367,08
295,GALAPAGOS,ISABELA,12081838.61,7097878.52,7147872.56,26949326.07,GALAPAGOS-ISABELA,2002,2023,26327589.689999998,26949326.07,0.9769294275342892,20
296,GALAPAGOS,SAN CRISTOBAL,31432047.11,59865067.74,47879676.54,140483978.38,GALAPAGOS-SAN CRISTOBAL,2001,2023,139176791.39,140483978.38,0.9906951169444806,20
297,GALAPAGOS,SANTA CRUZ,187742065.1,103285026.63,184885893.05,479998224.73,GALAPAGOS-SANTA CRUZ,2003,2023,475912984.78000003,479998224.73,0.991489051959936,20
298,GUAYAS,ALFREDO BAQUERIZO MORENO,27313900.37,33580945.41,9966704.95,70908553.46,GUAYAS-ALFREDO BAQUERIZO MORENO,0902,2023,70861550.73,70908553.46,0.9993371359630612,09
299,GUAYAS,BALAO,13500438.98,29865557.18,21842602.49,75724530.04,GUAYAS-BALAO,0903,2023,65208598.64999999,75724530.04,0.8611291296962136,09
300,GUAYAS,BALZAR,47406294.34,83796720.92,12524600.19,151195756.81,GUAYAS-BALZAR,0904,2023,143727615.45000002,151195756.81,0.9506061445270265,09
301,GUAYAS,COLIMES,10737801.23,51562523.45,4060766.33,66534217.73,GUAYAS-COLIMES,0905,2023,66361091.010000005,66534217.73,0.9973979295780925,09
302,GUAYAS,CORONEL MARCELINO MARIDUEÑA,97905195.25,26688273.37,118696357.37,271158212.11,GUAYAS-CORONEL MARCELINO MARIDUEÑA,0923,2023,243289825.99,271158212.11,0.897224628001697,09
303,GUAYAS,DAULE,955759751.36,596932241.89,141427155.62,1745117477.15,GUAYAS-DAULE,0906,2023,1694119148.87,1745117477.15,0.9707765643587004,09
304,GUAYAS,DURAN,1712907187.07,2369397330.96,1561575372.95,7961022142.94,GUAYAS-DURAN,0907,2023,5643879890.98,7961022142.94,0.7089391022464508,09
305,GUAYAS,EL EMPALME,72088161.81,172328840.4,24828103.48,278609498.34,GUAYAS-EL EMPALME,0908,2023,269245105.69,278609498.34,0.9663888248398044,09
306,GUAYAS,EL TRIUNFO,92510346.49,169400969.93,50555254.46,327047082.81,GUAYAS-EL TRIUNFO,0909,2023,312466570.88,327047082.81,0.9554176976454775,09
307,GUAYAS,GENERAL ANTONIO ELIZALDE,18321979.69,34444910.1,11491053.13,64553674.8,GUAYAS-GENERAL ANTONIO ELIZALDE,0927,2023,64257942.92000001,64553674.8,0.9954188219196471,09
308,GUAYAS,GUAYAQUIL,35438080878.55,14126382147.86,4702042660.26,63471751677.04,GUAYAS-GUAYAQUIL,0901,2023,54266505686.670006,63471751677.04,0.8549709792600563,09
309,GUAYAS,ISIDRO AYORA,12568981.27,262686004.15,8835120.42,286053849.47,GUAYAS-ISIDRO AYORA,0928,2023,284090105.84000003,286053849.47,0.9931350560964713,09
310,GUAYAS,LOMAS DE SARGENTILLO,17642055.05,28471874.03,4882749.35,51110822.39,GUAYAS-LOMAS DE SARGENTILLO,0924,2023,50996678.43,51110822.39,0.99776673599323,09
311,GUAYAS,MILAGRO,342558055.68,433248108.68,173727468.33,973614551.61,GUAYAS-MILAGRO,0910,2023,949533632.69,973614551.61,0.975266475957884,09
312,GUAYAS,NARANJAL,91338606.09,254701577.42,98288416.87,483264024.73,GUAYAS-NARANJAL,0911,2023,444328600.38,483264024.73,0.9194323964591544,09
313,GUAYAS,NARANJITO,47217610.93,69660925.28,11694290.93,128675074.52,GUAYAS-NARANJITO,0912,2023,128572827.14000002,128675074.52,0.9992053831685632,09
314,GUAYAS,NOBOL,62627905.61,52065859.7,8495264.72,181661005.21,GUAYAS-NOBOL,0925,2023,123189030.03,181661005.21,0.6781258855613705,09
315,GUAYAS,PALESTINA,12768083.92,43574966.92,8216848.66,64702065.69,GUAYAS-PALESTINA,0913,2023,64559899.5,64702065.69,0.9978027565506,09
316,GUAYAS,PEDRO CARBO,34823195.54,29830183.3,21613410.83,86448731.68,GUAYAS-PEDRO CARBO,0914,2023,86266789.67,86448731.68,0.9978953767572498,09
317,GUAYAS,PLAYAS,69863551.27,47638749.93,44198986.37,204506878.5,GUAYAS-PLAYAS,0921,2023,161701287.57,204506878.5,0.7906887472736033,09
318,GUAYAS,SALITRE,29733648.3,54760588.9,6627822.9,91204882.73,GUAYAS-SALITRE,0919,2023,91122060.10000001,91204882.73,0.9990919057453845,09
319,GUAYAS,SAMBORONDON,1916212280.8,1103821100.75,1167548345.56,5050745756.75,GUAYAS-SAMBORONDON,0916,2023,4187581727.11,5050745756.75,0.8291016671178834,09
320,GUAYAS,SAN JACINTO DE YAGUACHI,110392604.8,504386606.21,45058275.92,1090314093.85,GUAYAS-SAN JACINTO DE YAGUACHI,0920,2023,659837486.93,1090314093.85,0.6051811039147929,09
321,GUAYAS,SANTA LUCIA,20953487.09,219948182.14,20218085.05,261536994.48,GUAYAS-SANTA LUCIA,0918,2023,261119754.28,261536994.48,0.998404660874728,09
322,GUAYAS,SIMON BOLIVAR,13777309.41,73591363.96,15091263.28,110007877.06,GUAYAS-SIMON BOLIVAR,0922,2023,102459936.64999999,110007877.06,0.9313872732415039,09
323,IMBABURA,ANTONIO ANTE,132686237.85,76981052.52,3043227.36,217610807.22,IMBABURA-ANTONIO ANTE,1002,2023,212710517.73000002,217610807.22,0.9774814056682126,10
324,IMBABURA,COTACACHI,39393254.7,38992051.08,2941183.39,131673813.16,IMBABURA-COTACACHI,1003,2023,81326489.17,131673813.16,0.6176360144684064,10
325,IMBABURA,IBARRA,665928832.0,675187576.54,91129027.57,1442361144.47,IMBABURA-IBARRA,1001,2023,1432245436.11,1442361144.47,0.992986702117716,10
326,IMBABURA,OTAVALO,248542413.16,108466620.45,13717404.28,381392090.84,IMBABURA-OTAVALO,1004,2023,370726437.89,381392090.84,0.9720349393546434,10
327,IMBABURA,PIMAMPIRO,5859734.04,11945653.25,431619.36,18245428.37,IMBABURA-PIMAMPIRO,1005,2023,18237006.65,18245428.37,0.9995384202645606,10
328,IMBABURA,SAN MIGUEL DE URCUQUI,8911859.46,18991380.29,1779403.55,36232662.42,IMBABURA-SAN MIGUEL DE URCUQUI,1006,2023,29682643.3,36232662.42,0.8192233558750441,10
329,LOJA,CALVAS,26501204.83,14167833.84,11449401.07,52135461.19,LOJA-CALVAS,1102,2023,52118439.74,52135461.19,0.999673514924171,11
330,LOJA,CATAMAYO,51593811.28,78802614.7,5752470.62,138835890.78,LOJA-CATAMAYO,1103,2023,136148896.6,138835890.78,0.9806462567791074,11
331,LOJA,CELICA,4758481.65,8789059.34,2068726.92,15616316.28,LOJA-CELICA,1104,2023,15616267.91,15616316.28,0.9999969025985942,11
332,LOJA,CHAGUARPAMBA,2071949.8,5702304.75,1837173.34,9622470.24,LOJA-CHAGUARPAMBA,1105,2023,9611427.89,9622470.24,0.9988524412417409,11
333,LOJA,ESPINDOLA,5304689.43,2169751.24,176140.93,7651912.24,LOJA-ESPINDOLA,1106,2023,7650581.6,7651912.24,0.999826103598909,11
334,LOJA,GONZANAMA,11288133.51,9197795.78,198444.79,20694319.12,LOJA-GONZANAMA,1107,2023,20684374.08,20694319.12,0.999519431398427,11
335,LOJA,LOJA,791125570.16,645569655.18,192311414.27,1636793050.1,LOJA-LOJA,1101,2023,1629006639.61,1636793050.1,0.9952428863932894,11
336,LOJA,MACARA,19033851.38,32538586.35,25626761.16,77573732.92,LOJA-MACARA,1108,2023,77199198.89,77573732.92,0.9951718962604745,11
337,LOJA,OLMEDO,684997.08,514238.18,16389.6,1215624.86,LOJA-OLMEDO,1116,2023,1215624.86,1215624.86,1.0,11
338,LOJA,PALTAS,16376869.25,8563070.18,2978646.49,27918630.93,LOJA-PALTAS,1109,2023,27918585.92,27918630.93,0.9999983878149287,11
339,LOJA,PINDAL,5331219.09,24202645.57,8099603.88,37653409.68,LOJA-PINDAL,1114,2023,37633468.54,37653409.68,0.9994704028089495,11
340,LOJA,PUYANGO,9959660.2,19220928.79,8670889.12,37878942.13,LOJA-PUYANGO,1110,2023,37851478.11,37878942.13,0.9992749528245602,11
341,LOJA,QUILANGA,3648807.94,1245845.41,30388.95,4925142.3,LOJA-QUILANGA,1115,2023,4925042.3,4925142.3,0.9999796960181232,11
342,LOJA,SARAGURO,25448694.18,7624991.21,6601383.55,40502192.77,LOJA-SARAGURO,1111,2023,39675068.94,40502192.77,0.9795782950642451,11
343,LOJA,SOZORANGA,3106285.89,508226.42,25466.17,3640018.48,LOJA-SOZORANGA,1112,2023,3639978.48,3640018.48,0.9999890110448011,11
344,LOJA,ZAPOTILLO,8624067.12,26087817.55,2270713.77,36983991.13,LOJA-ZAPOTILLO,1113,2023,36982598.440000005,36983991.13,0.9999623434367831,11
345,LOS RIOS,BABA,14907712.69,51113185.15,39036629.07,105197120.74,LOS RIOS-BABA,1202,2023,105057526.91,105197120.74,0.9986730261340041,12
346,LOS RIOS,BABAHOYO,268462810.95,305610382.15,115500939.17,696799173.98,LOS RIOS-BABAHOYO,1201,2023,689574132.2699999,696799173.98,0.9896310989165904,12
347,LOS RIOS,BUENA FE,84831129.35,179869167.17,30390201.92,326945381.84,LOS RIOS-BUENA FE,1210,2023,295090498.44,326945381.84,0.9025681805911268,12
348,LOS RIOS,MOCACHE,18497421.65,136420768.53,38052631.16,193872575.85,LOS RIOS-MOCACHE,1212,2023,192970821.34,193872575.85,0.9953487258007152,12
349,LOS RIOS,MONTALVO,25822497.08,64418071.01,12620653.43,103283793.37,LOS RIOS-MONTALVO,1203,2023,102861221.52000001,103283793.37,0.9959086335211741,12
350,LOS RIOS,PALENQUE,7231099.79,22461648.46,3270729.71,32978415.53,LOS RIOS-PALENQUE,1209,2023,32963477.96,32978415.53,0.9995470501004995,12
351,LOS RIOS,PUEBLOVIEJO,27596412.98,168380779.89,40114747.58,241345748.06,LOS RIOS-PUEBLOVIEJO,1204,2023,236091940.45,241345748.06,0.9782311987999313,12
352,LOS RIOS,QUEVEDO,407656198.12,679402563.84,171285867.78,1414154048.18,LOS RIOS-QUEVEDO,1205,2023,1258344629.74,1414154048.18,0.8898214670173134,12
353,LOS RIOS,QUINSALOMA,22760115.67,77883827.32,10767064.32,134654487.49,LOS RIOS-QUINSALOMA,1213,2023,111411007.31,134654487.49,0.8273842883867784,12
354,LOS RIOS,URDANETA,18872802.4,39368116.25,13300265.6,90404247.38,LOS RIOS-URDANETA,1206,2023,71541184.25,90404247.38,0.7913476006197797,12
355,LOS RIOS,VALENCIA,25158242.97,183529911.86,10969003.85,232646227.95,LOS RIOS-VALENCIA,1211,2023,219657158.68,232646227.95,0.94416815013742,12
356,LOS RIOS,VENTANAS,77663045.51,314865002.67,48811092.15,488854142.38,LOS RIOS-VENTANAS,1207,2023,441339140.33,488854142.38,0.9028033150774342,12
357,LOS RIOS,VINCES,52159078.62,86971779.64,65937154.9,245632637.39,LOS RIOS-VINCES,1208,2023,205068013.16,245632637.39,0.8348565375471907,12
358,MANABI,24 DE MAYO,6919571.54,10083400.89,1061229.03,18092502.97,MANABI-24 DE MAYO,1316,2023,18064201.46,18092502.97,0.9984357327426213,13
359,MANABI,BOLIVAR,38580398.99,37873810.31,12773663.5,90247421.39,MANABI-BOLIVAR,1302,2023,89227872.80000001,90247421.39,0.9887027399309942,13
360,MANABI,CHONE,114790831.88,153724676.13,29853864.52,298771243.86,MANABI-CHONE,1303,2023,298369372.53,298771243.86,0.9986549196475268,13
361,MANABI,EL CARMEN,89386436.42,473760825.71,25298139.25,717336961.94,MANABI-EL CARMEN,1304,2023,588445401.38,717336961.94,0.82031936537688,13
362,MANABI,FLAVIO ALFARO,15173414.31,14100408.29,2387503.55,31682808.07,MANABI-FLAVIO ALFARO,1305,2023,31661326.150000002,31682808.07,0.9993219691905927,13
363,MANABI,JAMA,13177074.87,16033175.44,4367454.83,33618355.03,MANABI-JAMA,1320,2023,33577705.14,33618355.03,0.9987908423846519,13
364,MANABI,JARAMIJO,43923391.7,308131808.48,80967775.11,864973782.48,MANABI-JARAMIJO,1321,2023,433022975.29,864973782.48,0.5006197691315718,13
365,MANABI,JIPIJAPA,46602103.89,36521681.4,4951139.56,88377480.97,MANABI-JIPIJAPA,1306,2023,88074924.85,88377480.97,0.9965765473661474,13
366,MANABI,JUNIN,20723532.96,119150173.18,22882585.14,162769755.84,MANABI-JUNIN,1307,2023,162756291.28000003,162769755.84,0.9999172784899105,13
367,MANABI,MANTA,1098649358.54,1126851262.7,330730534.21,3192848212.91,MANABI-MANTA,1308,2023,2556231155.45,3192848212.91,0.8006115496233441,13
368,MANABI,MONTECRISTI,430975224.07,676093941.11,123431640.0,1825965938.23,MANABI-MONTECRISTI,1309,2023,1230500805.18,1825965938.23,0.6738903390349034,13
369,MANABI,OLMEDO,4866008.37,5022492.63,52074.8,10034574.19,MANABI-OLMEDO,1318,2023,9940575.8,10034574.19,0.9906325482058149,13
370,MANABI,PAJAN,11858938.57,20500025.51,11982312.94,44685804.13,MANABI-PAJAN,1310,2023,44341277.02,44685804.13,0.9922900098429984,13
371,MANABI,PEDERNALES,43324566.82,128443937.36,19829529.33,223097747.76,MANABI-PEDERNALES,1317,2023,191598033.51,223097747.76,0.8588075649966391,13
372,MANABI,PICHINCHA,15245943.94,24685211.71,4059460.87,54025636.2,MANABI-PICHINCHA,1311,2023,43990616.519999996,54025636.2,0.8142544838740834,13
373,MANABI,PORTOVIEJO,875692539.79,657028038.92,127141040.49,1702840117.16,MANABI-PORTOVIEJO,1301,2023,1659861619.2,1702840117.16,0.974760696834134,13
374,MANABI,PUERTO LOPEZ,18491209.69,17415142.2,5809835.87,45961445.53,MANABI-PUERTO LOPEZ,1319,2023,41716187.76,45961445.53,0.9076343722211906,13
375,MANABI,ROCAFUERTE,26270500.17,35811260.47,3718027.19,65998052.0,MANABI-ROCAFUERTE,1312,2023,65799787.83,65998052.0,0.9969959087580342,13
376,MANABI,SAN VICENTE,16389267.14,31104797.96,5788784.96,53337555.73,MANABI-SAN VICENTE,1322,2023,53282850.06,53337555.73,0.9989743498881554,13
377,MANABI,SANTA ANA,30768067.24,67691109.79,2522096.07,100986982.39,MANABI-SANTA ANA,1313,2023,100981273.1,100986982.39,0.9999434650896097,13
378,MANABI,SUCRE,38122522.6,85788669.07,9434141.48,304989887.44,MANABI-SUCRE,1314,2023,133345333.14999999,304989887.44,0.4372123097892311,13
379,MANABI,TOSAGUA,53575277.47,112306180.26,9582476.27,175877797.17,MANABI-TOSAGUA,1315,2023,175463934.00000003,175877797.17,0.9976468708577244,13
380,MORONA SANTIAGO,GUALAQUIZA,36141206.29,15515173.29,2417002.21,54254726.9,MORONA SANTIAGO-GUALAQUIZA,1402,2023,54073381.79,54254726.9,0.9966575242313127,14
381,MORONA SANTIAGO,HUAMBOYA,5168940.44,823555.68,512402.04,6504898.16,MORONA SANTIAGO-HUAMBOYA,1407,2023,6504898.16,6504898.16,1.0,14
382,MORONA SANTIAGO,LIMON INDANZA,16287295.29,9144959.09,1092449.19,26733906.87,MORONA SANTIAGO-LIMON INDANZA,1403,2023,26524703.57,26733906.87,0.992174608035507,14
383,MORONA SANTIAGO,LOGROÑO,4935691.8,1768711.59,169930.55,6877343.94,MORONA SANTIAGO-LOGROÑO,1410,2023,6874333.9399999995,6877343.94,0.999562331035606,14
384,MORONA SANTIAGO,MORONA,108914306.33,65636489.09,5071874.58,179898472.86,MORONA SANTIAGO-MORONA,1401,2023,179622670.00000003,179898472.86,0.998466897158073,14
385,MORONA SANTIAGO,PABLO SEXTO,2308527.88,532937.7,23127.7,2873618.44,MORONA SANTIAGO-PABLO SEXTO,1411,2023,2864593.2800000003,2873618.44,0.9968593046751191,14
386,MORONA SANTIAGO,PALORA,9290226.61,30351567.29,7470174.22,54343032.9,MORONA SANTIAGO-PALORA,1404,2023,47111968.12,54343032.9,0.8669366725757406,14
387,MORONA SANTIAGO,SAN JUAN BOSCO,3396677.84,1668526.91,163811.45,5229268.2,MORONA SANTIAGO-SAN JUAN BOSCO,1408,2023,5229016.2,5229268.2,0.9999518097006385,14
388,MORONA SANTIAGO,SANTIAGO,12003814.44,6263768.17,760268.11,19086847.05,MORONA SANTIAGO-SANTIAGO,1405,2023,19027850.72,19086847.05,0.9969090583769308,14
389,MORONA SANTIAGO,SUCUA,35861779.81,18348904.04,7060046.07,62928123.85,MORONA SANTIAGO-SUCUA,1406,2023,61270729.92,62928123.85,0.973662111173842,14
390,MORONA SANTIAGO,TAISHA,7305108.65,1530814.37,280926.42,9150942.12,MORONA SANTIAGO-TAISHA,1409,2023,9116849.44,9150942.12,0.9962744076453628,14
391,MORONA SANTIAGO,TIWINTZA,3668092.67,1037138.52,241079.37,4946888.56,MORONA SANTIAGO-TIWINTZA,1412,2023,4946310.56,4946888.56,0.9998831588799728,14
392,NAPO,ARCHIDONA,28470903.79,8556912.77,1264294.57,38365679.31,NAPO-ARCHIDONA,1503,2023,38292111.13,38365679.31,0.9980824481327293,15
393,NAPO,CARLOS JULIO AROSEMENA TOLA,5808293.82,2774131.26,79058.48,8667804.08,NAPO-CARLOS JULIO AROSEMENA TOLA,1509,2023,8661483.56,8667804.08,0.9992708049303303,15
394,NAPO,EL CHACO,14127692.07,13513990.19,258040.45,28037002.54,NAPO-EL CHACO,1504,2023,27899722.709999997,28037002.54,0.9951036195897137,15
395,NAPO,QUIJOS,20004718.29,13735431.24,1195579.64,35517747.41,NAPO-QUIJOS,1507,2023,34935729.17,35517747.41,0.9836133121483901,15
396,NAPO,TENA,114925139.92,60283255.68,7518144.97,183877821.35,NAPO-TENA,1501,2023,182726540.57,183877821.35,0.9937388817664496,15
397,ND,ND,0.0,0.0,0.0,0.0,ND-ND,<NA>,2023,0.0,0.0,,<N
398,ORELLANA,AGUARICO,5736534.02,11611364.5,389271.94,17740471.46,ORELLANA-AGUARICO,2202,2023,17737170.46,17740471.46,0.9998139282821518,22
399,ORELLANA,LA JOYA DE LOS SACHAS,157545486.73,135445332.04,17114303.86,312023916.35,ORELLANA-LA JOYA DE LOS SACHAS,2203,2023,310105122.63,312023916.35,0.9938504915185806,22
400,ORELLANA,LORETO,17460992.81,16271564.42,6321394.0,40129968.16,ORELLANA-LORETO,2204,2023,40053951.23,40129968.16,0.9981057316144155,22
401,ORELLANA,FRANCISCO DE ORELLANA,541242804.2,201634591.34,18972303.37,766731824.86,ORELLANA-FRANCISCO DE ORELLANA,2201,2023,761849698.9100001,766731824.86,0.9936325507932433,22
402,PASTAZA,ARAJUNO,3729980.6,462362.74,1905.5,4194278.96,PASTAZA-ARAJUNO,1604,2023,4194248.84,4194278.96,0.9999928187895256,16
403,PASTAZA,MERA,17190840.93,12365829.84,150425.29,29726656.14,PASTAZA-MERA,1602,2023,29707096.06,29726656.14,0.9993420020096481,16
404,PASTAZA,PASTAZA,185803214.79,102835585.81,6832824.1,298166073.18,PASTAZA-PASTAZA,1601,2023,295471624.70000005,298166073.18,0.9909632626835672,16
405,PASTAZA,SANTA CLARA,3870360.33,3184518.42,72126.39,7138027.43,PASTAZA-SANTA CLARA,1603,2023,7127005.14,7138027.43,0.9984558352979038,16
406,PICHINCHA,CAYAMBE,223984888.01,309725243.24,37776025.17,890903518.04,PICHINCHA-CAYAMBE,1702,2023,571486156.42,890903518.04,0.6414680656748077,17
407,PICHINCHA,MEJIA,344556752.32,642093090.55,54751810.78,1172860846.26,PICHINCHA-MEJIA,1703,2023,1041401653.6499999,1172860846.26,0.8879157804361915,17
408,PICHINCHA,PEDRO MONCAYO,101748354.99,131922168.12,30014846.34,548703040.48,PICHINCHA-PEDRO MONCAYO,1704,2023,263685369.45000002,548703040.48,0.4805611596745129,17
409,PICHINCHA,PEDRO VICENTE MALDONADO,30052518.44,53563515.53,3880094.36,96261343.06,PICHINCHA-PEDRO VICENTE MALDONADO,1708,2023,87496128.33,96261343.06,0.9089435649725288,17
410,PICHINCHA,PUERTO QUITO,11409638.85,56144726.83,2467525.2,70027170.1,PICHINCHA-PUERTO QUITO,1709,2023,70021890.88,70027170.1,0.9999246118329148,17
411,PICHINCHA,DISTRITO METROPOLITANO DE QUITO,55953833404.86,17114515259.77,2454307495.74,85740798413.6,PICHINCHA-DISTRITO METROPOLITANO DE QUITO,1701,2023,75522656160.37001,85740798413.6,0.8808252029105292,17
412,PICHINCHA,RUMIÑAHUI,2800202027.34,1800279183.92,66795302.06,4723751727.65,PICHINCHA-RUMIÑAHUI,1705,2023,4667276513.320001,4723751727.65,0.9880444152050949,17
413,PICHINCHA,SAN MIGUEL DE LOS BANCOS,17658102.01,77968033.12,8062129.84,104243184.28,PICHINCHA-SAN MIGUEL DE LOS BANCOS,1707,2023,103688264.97000001,104243184.28,0.9946766849666693,17
414,SANTA ELENA,LA LIBERTAD,246395202.8,169141899.84,62028770.66,481247880.5,SANTA ELENA-LA LIBERTAD,2402,2023,477565873.29999995,481247880.5,0.9923490422520416,24
415,SANTA ELENA,SALINAS,111087130.19,204448846.38,22887388.53,352229981.03,SANTA ELENA-SALINAS,2403,2023,338423365.1,352229981.03,0.9608022693308892,24
416,SANTA ELENA,SANTA ELENA,179649816.62,334108924.37,114933489.91,646737486.8,SANTA ELENA-SANTA ELENA,2401,2023,628692230.9,646737486.8,0.9720980208070413,24
417,SANTO DOMINGO DE LOS TSACHILAS,LA CONCORDIA,57407093.85,139088993.4,20424497.52,238145720.64,SANTO DOMINGO DE LOS TSACHILAS-LA CONCORDIA,2302,2023,216920584.77,238145720.64,0.9108733265793779,23
418,SANTO DOMINGO DE LOS TSACHILAS,SANTO DOMINGO,1791582182.81,1297595029.14,151123353.46,3441417899.43,SANTO DOMINGO DE LOS TSACHILAS-SANTO DOMINGO,2301,2023,3240300565.41,3441417899.43,0.9415597466226607,23
419,SUCUMBIOS,CASCALES,6350945.57,8023957.24,373484.7,15357554.06,SUCUMBIOS-CASCALES,2106,2023,14748387.51,15357554.06,0.9603344030162574,21
420,SUCUMBIOS,CUYABENO,20818176.16,12936560.66,451621.08,34284085.3,SUCUMBIOS-CUYABENO,2107,2023,34206357.9,34284085.3,0.9977328431159865,21
421,SUCUMBIOS,GONZALO PIZARRO,6579923.16,7100578.86,540666.93,14223595.8,SUCUMBIOS-GONZALO PIZARRO,2102,2023,14221168.95,14223595.8,0.9998293785879375,21
422,SUCUMBIOS,LAGO AGRIO,349902820.41,178762028.63,45665338.83,576149988.77,SUCUMBIOS-LAGO AGRIO,2101,2023,574330187.87,576149988.77,0.9968414459160453,21
423,SUCUMBIOS,PUTUMAYO,9497779.32,7544521.65,196485.54,17246608.36,SUCUMBIOS-PUTUMAYO,2103,2023,17238786.509999998,17246608.36,0.9995464702487161,21
424,SUCUMBIOS,SHUSHUFINDI,86423042.64,138548304.33,4957387.73,233071817.7,SUCUMBIOS-SHUSHUFINDI,2104,2023,229928734.70000002,233071817.7,0.9865145300233356,21
425,SUCUMBIOS,SUCUMBIOS,1192944.67,1888582.58,572.53,3094190.19,SUCUMBIOS-SUCUMBIOS,2105,2023,3082099.78,3094190.19,0.9960925446538242,21
426,TUNGURAHUA,AMBATO,2585757913.56,1431389283.48,136444794.26,4218315016.49,TUNGURAHUA-AMBATO,1801,2023,4153591991.3,4218315016.49,0.9846566638724259,18
427,TUNGURAHUA,BAÑOS DE AGUA SANTA,70998395.72,93092196.12,3559668.2,168594677.35,TUNGURAHUA-BAÑOS DE AGUA SANTA,1802,2023,167650260.04,168594677.35,0.9943982969993803,18
428,TUNGURAHUA,CEVALLOS,19395523.54,40233692.1,1126437.35,61210447.38,TUNGURAHUA-CEVALLOS,1803,2023,60755652.99,61210447.38,0.9925699874863421,18
429,TUNGURAHUA,MOCHA,5908487.13,22266096.65,178395.07,28581053.24,TUNGURAHUA-MOCHA,1804,2023,28352978.849999998,28581053.24,0.99202008449147,18
430,TUNGURAHUA,PATATE,24915572.83,31847843.09,918308.28,57764567.59,TUNGURAHUA-PATATE,1805,2023,57681724.2,57764567.59,0.9985658441938317,18
431,TUNGURAHUA,QUERO,14061654.41,24402912.11,1247714.74,39776486.91,TUNGURAHUA-QUERO,1806,2023,39712281.26,39776486.91,0.9983858390977244,18
432,TUNGURAHUA,SAN PEDRO DE PELILEO,191804469.2,214021239.51,4955876.57,433358763.4,TUNGURAHUA-SAN PEDRO DE PELILEO,1807,2023,410781585.28,433358763.4,0.9479018770893973,18
433,TUNGURAHUA,SANTIAGO DE PILLARO,41322449.95,103315633.0,2969609.53,149082959.48,TUNGURAHUA-SANTIAGO DE PILLARO,1808,2023,147607692.48,149082959.48,0.9901043888238755,18
434,TUNGURAHUA,TISALEO,22198293.99,23656066.09,483378.49,46874918.69,TUNGURAHUA-TISALEO,1809,2023,46337738.57,46874918.69,0.9885401375615699,18
435,ZAMORA CHINCHIPE,CENTINELA DEL CONDOR,7408942.94,6274963.34,854401.44,14583384.83,ZAMORA CHINCHIPE-CENTINELA DEL CONDOR,1907,2023,14538307.72,14583384.83,0.9969090090863357,19
436,ZAMORA CHINCHIPE,CHINCHIPE,6210806.27,8231225.09,609742.27,15055926.39,ZAMORA CHINCHIPE-CHINCHIPE,1902,2023,15051773.629999999,15055926.39,0.9997241777163072,19
437,ZAMORA CHINCHIPE,EL PANGUI,235047546.8,90645188.21,3333269.37,1499008070.66,ZAMORA CHINCHIPE-EL PANGUI,1906,2023,329026004.38,1499008070.66,0.2194958191486806,19
438,ZAMORA CHINCHIPE,NANGARITZA,4786747.4,1073692.99,28052.21,5908734.0,ZAMORA CHINCHIPE-NANGARITZA,1903,2023,5888492.600000001,5908734.0,0.9965743253969463,19
439,ZAMORA CHINCHIPE,PALANDA,5637220.45,4320011.14,1152822.1,11114608.94,ZAMORA CHINCHIPE-PALANDA,1908,2023,11110053.69,11114608.94,0.9995901565206126,19
440,ZAMORA CHINCHIPE,PAQUISHA,3962393.45,9496539.28,70375.86,13558175.39,ZAMORA CHINCHIPE-PAQUISHA,1909,2023,13529308.59,13558175.39,0.9978708934521313,19
441,ZAMORA CHINCHIPE,YACUAMBI,2026277.43,1205623.46,45357.52,3277258.43,ZAMORA CHINCHIPE-YACUAMBI,1904,2023,3277258.4099999997,3277258.43,0.999999993897338,19
442,ZAMORA CHINCHIPE,YANTZAZA,135004691.82,79902172.2,7425357.3,1122440520.57,ZAMORA CHINCHIPE-YANTZAZA,1905,2023,222332221.32,1122440520.57,0.19807928994499843,19
443,ZAMORA CHINCHIPE,ZAMORA,84003064.79,29569412.82,19214821.02,141966980.79,ZAMORA CHINCHIPE-ZAMORA,1901,2023,132787298.63000001,141966980.79,0.9353393154597073,19
444,AZUAY,CAMILO PONCE ENRIQUEZ,47577689.28,78672052.36,25503185.94,185572801.35,AZUAY-CAMILO PONCE ENRIQUEZ,0115,2022,151752927.58,185572801.35,0.817754145413724,01
445,AZUAY,CHORDELEG,13812723.46,6212481.03,287658.9,20332605.13,AZUAY-CHORDELEG,0111,2022,20312863.39,20332605.13,0.999029059981553,01
446,AZUAY,CUENCA,5963628904.12,2299740696.89,480107300.54,8942295542.9,AZUAY-CUENCA,0101,2022,8743476901.550001,8942295542.9,0.9777664873190356,01
447,AZUAY,EL PAN,877721.41,483956.4,25706.37,1387384.18,AZUAY-EL PAN,0112,2022,1387384.1800000002,1387384.18,1.0000000000000002,01
448,AZUAY,GIRON,7984359.79,9462304.49,812700.9,18310243.78,AZUAY-GIRON,0102,2022,18259365.18,18310243.78,0.9972213040628342,01
449,AZUAY,GUACHAPALA,670897.59,824822.86,68391.17,1565586.62,AZUAY-GUACHAPALA,0114,2022,1564111.6199999999,1565586.62,0.999057861135783,01
450,AZUAY,GUALACEO,62348931.36,31596160.42,13677528.15,122994746.05,AZUAY-GUALACEO,0103,2022,107622619.93,122994746.05,0.8750180262679603,01
451,AZUAY,NABON,8359704.47,9899024.78,682565.58,18942924.05,AZUAY-NABON,0104,2022,18941294.83,18942924.05,0.9999139932147908,01
452,AZUAY,OÑA,1581784.54,2001373.83,38828.92,3621987.29,AZUAY-OÑA,0110,2022,3621987.29,3621987.29,1.0,01
453,AZUAY,PAUTE,49959201.97,34798020.93,2619926.41,90343555.84,AZUAY-PAUTE,0105,2022,87377149.31,90343555.84,0.9671652670473414,01
454,AZUAY,PUCARA,5202345.49,6731694.91,100241.13,12035354.53,AZUAY-PUCARA,0106,2022,12034281.530000001,12035354.53,0.9999108459998147,01
455,AZUAY,SAN FERNANDO,1475388.68,1431388.83,308904.93,3218710.59,AZUAY-SAN FERNANDO,0107,2022,3215682.44,3218710.59,0.9990592040149842,01
456,AZUAY,SANTA ISABEL,37575829.54,22105312.09,2048331.86,61774602.13,AZUAY-SANTA ISABEL,0108,2022,61729473.489999995,61774602.13,0.9992694628788537,01
457,AZUAY,SEVILLA DE ORO,8515945.96,3173827.12,123298.19,11813071.27,AZUAY-SEVILLA DE ORO,0113,2022,11813071.270000001,11813071.27,1.0000000000000002,01
458,AZUAY,SIGSIG,11001263.73,13240318.03,1883442.34,26413796.21,AZUAY-SIGSIG,0109,2022,26125024.099999998,26413796.21,0.9890673757113838,01
459,BOLIVAR,CALUMA,22294304.02,22116871.89,10004371.07,54583932.81,BOLIVAR-CALUMA,0206,2022,54415546.98,54583932.81,0.9969151026441034,02
460,BOLIVAR,CHILLANES,5037059.01,8250559.01,1078646.86,14462388.17,BOLIVAR-CHILLANES,0202,2022,14366264.879999999,14462388.17,0.9933535672760192,02
461,BOLIVAR,CHIMBO,12719947.67,35345780.65,640042.74,48729910.18,BOLIVAR-CHIMBO,0203,2022,48705771.06,48729910.18,0.9995046344245079,02
462,BOLIVAR,ECHEANDIA,12931105.51,9199951.44,5764468.26,27941690.27,BOLIVAR-ECHEANDIA,0204,2022,27895525.21,27941690.27,0.9983478071815303,02
463,BOLIVAR,GUARANDA,61556197.05,74820168.08,9028079.44,146791268.64,BOLIVAR-GUARANDA,0201,2022,145404444.57,146791268.64,0.9905524076271789,02
464,BOLIVAR,LAS NAVES,3617710.18,13277289.84,993986.99,17904804.3,BOLIVAR-LAS NAVES,0207,2022,17888987.009999998,17904804.3,0.9991165896183516,02
465,BOLIVAR,SAN MIGUEL,15359649.61,14956709.37,1402530.87,31741541.96,BOLIVAR-SAN MIGUEL,0205,2022,31718889.849999998,31741541.96,0.9992863576057979,02
466,CARCHI,BOLIVAR,4221312.97,9088757.85,1394175.22,24032301.23,CARCHI-BOLIVAR,0402,2022,14704246.040000001,24032301.23,0.6118534342289451,04
467,CARCHI,ESPEJO,5555272.69,17957961.61,2015184.01,35889373.45,CARCHI-ESPEJO,0403,2022,25528418.310000002,35889373.45,0.7113085533679051,04
468,CARCHI,MIRA,3034648.03,8642057.71,590112.7,17715426.51,CARCHI-MIRA,0404,2022,12266818.44,17715426.51,0.6924370933477457,04
469,CARCHI,MONTUFAR,20464998.5,64511877.5,17028832.63,102376014.86,CARCHI-MONTUFAR,0405,2022,102005708.63,102376014.86,0.9963828809852933,04
470,CARCHI,SAN PEDRO DE HUACA,1739985.0,24634924.57,3785219.42,30191207.31,CARCHI-SAN PEDRO DE HUACA,0406,2022,30160128.990000002,30191207.31,0.9989706168527516,04
471,CARCHI,TULCAN,143768289.08,266768391.91,44195529.83,460483339.33,CARCHI-TULCAN,0401,2022,454732210.82,460483339.33,0.9875106697272309,04
472,CAÑAR,AZOGUES,187959081.81,141157823.3,12679867.89,343819241.94,CAÑAR-AZOGUES,0301,2022,341796773.0,343819241.94,0.9941176388831869,03
473,CAÑAR,BIBLIAN,15217239.01,72692621.83,1847892.76,92030990.69,CAÑAR-BIBLIAN,0302,2022,89757753.60000001,92030990.69,0.9752992217843527,03
474,CAÑAR,CAÑAR,50577512.63,76894118.63,6930254.8,134717756.25,CAÑAR-CAÑAR,0303,2022,134401886.06,134717756.25,0.997655318802862,03
475,CAÑAR,DELEG,3240894.45,2966871.47,326409.34,6979310.58,CAÑAR-DELEG,0306,2022,6534175.26,6979310.58,0.9362207319909812,03
476,CAÑAR,EL TAMBO,13613275.67,25479776.52,4525542.47,43905330.53,CAÑAR-EL TAMBO,0305,2022,43618594.66,43905330.53,0.9934692242026494,03
477,CAÑAR,LA TRONCAL,103180066.54,178363221.15,18164514.16,311518546.09,CAÑAR-LA TRONCAL,0304,2022,299707801.85,311518546.09,0.9620865454457156,03
478,CAÑAR,SUSCAL,5443700.5,4701143.39,533107.88,10717517.27,CAÑAR-SUSCAL,0307,2022,10677951.770000001,10717517.27,0.9963083334504393,03
479,CHIMBORAZO,ALAUSI,15468638.99,15326089.43,2207406.47,33136266.41,CHIMBORAZO-ALAUSI,0602,2022,33002134.89,33136266.41,0.9959521233219105,06
480,CHIMBORAZO,CHAMBO,8422467.36,16659352.65,1001377.73,26112705.79,CHIMBORAZO-CHAMBO,0604,2022,26083197.74,26112705.79,0.9988699734819783,06
481,CHIMBORAZO,CHUNCHI,7214529.16,3095788.1,868485.69,11181312.82,CHIMBORAZO-CHUNCHI,0605,2022,11178802.95,11181312.82,0.9997755299363853,06
482,CHIMBORAZO,COLTA,11406520.3,7147454.85,456660.02,19131457.98,CHIMBORAZO-COLTA,0603,2022,19010635.169999998,19131457.98,0.9936845999857246,06
483,CHIMBORAZO,CUMANDA,18031854.39,36878775.28,8920971.31,63871896.76,CHIMBORAZO-CUMANDA,0610,2022,63831600.980000004,63871896.76,0.999369115651107,06
484,CHIMBORAZO,GUAMOTE,15171811.07,9263207.57,542380.81,25061254.32,CHIMBORAZO-GUAMOTE,0606,2022,24977399.45,25061254.32,0.9966540034696875,06
485,CHIMBORAZO,GUANO,26455881.28,29930991.22,1416032.78,58233468.91,CHIMBORAZO-GUANO,0607,2022,57802905.28,58233468.91,0.9926062513867165,06
486,CHIMBORAZO,PALLATANGA,7157962.95,9979503.77,540850.98,17737744.17,CHIMBORAZO-PALLATANGA,0608,2022,17678317.7,17737744.17,0.996649716591329,06
487,CHIMBORAZO,PENIPE,4988067.75,6408328.09,266168.09,11670988.04,CHIMBORAZO-PENIPE,0609,2022,11662563.93,11670988.04,0.9992782007854752,06
488,CHIMBORAZO,RIOBAMBA,806057648.64,554842445.18,56213608.55,1425989312.11,CHIMBORAZO-RIOBAMBA,0601,2022,1417113702.37,1425989312.11,0.9937758230972524,06
489,COTOPAXI,LA MANA,67209719.07,116325377.79,21079413.72,207330870.1,COTOPAXI-LA MANA,0502,2022,204614510.58,207330870.1,0.9868984318703249,05
490,COTOPAXI,LATACUNGA,523527404.5,597256877.67,76743462.16,1470524583.32,COTOPAXI-LATACUNGA,0501,2022,1197527744.3300002,1470524583.32,0.8143541141123561,05
491,COTOPAXI,PANGUA,11144779.3,15966578.16,4227771.33,31399895.52,COTOPAXI-PANGUA,0503,2022,31339128.79,31399895.52,0.9980647473823187,05
492,COTOPAXI,PUJILI,32650980.67,37370206.85,4416837.91,76856620.96,COTOPAXI-PUJILI,0504,2022,74438025.43,76856620.96,0.9685310712364164,05
493,COTOPAXI,SALCEDO,90523938.97,169700263.05,11686717.63,284584240.98,COTOPAXI-SALCEDO,0505,2022,271910919.65000004,284584240.98,0.9554672413118945,05
494,COTOPAXI,SAQUISILI,20636334.87,43630292.35,2692757.33,68917741.12,COTOPAXI-SAQUISILI,0506,2022,66959384.55,68917741.12,0.9715841445442893,05
495,COTOPAXI,SIGCHOS,7780189.48,8250849.53,931540.56,17056999.75,COTOPAXI-SIGCHOS,0507,2022,16962579.57,17056999.75,0.9944644321167913,05
496,EL ORO,ARENILLAS,22738477.78,96185855.12,10129460.14,134436117.5,EL ORO-ARENILLAS,0702,2022,129053793.04,134436117.5,0.9599637020163128,07
497,EL ORO,ATAHUALPA,5583242.55,2812962.36,167690.68,8603135.17,EL ORO-ATAHUALPA,0703,2022,8563895.59,8603135.17,0.9954389209021344,07
498,EL ORO,BALSAS,15207043.1,79513309.64,9037550.58,103770953.21,EL ORO-BALSAS,0704,2022,103757903.32,103770953.21,0.9998742433253591,07
499,EL ORO,CHILLA,248999.97,381992.97,40286.5,671284.44,EL ORO-CHILLA,0705,2022,671279.44,671284.44,0.9999925515925857,07
500,EL ORO,EL GUABO,77455402.49,194208266.09,162010528.32,496439034.36,EL ORO-EL GUABO,0706,2022,433674196.9,496439034.36,0.873569898586006,07
501,EL ORO,HUAQUILLAS,157233589.8,180970471.93,103712583.01,444999567.18,EL ORO-HUAQUILLAS,0707,2022,441916644.74,444999567.18,0.9930720776661948,07
502,EL ORO,LAS LAJAS,1706977.36,3829517.09,2788081.33,14461616.9,EL ORO-LAS LAJAS,0714,2022,8324575.78,14461616.9,0.5756324370617231,07
503,EL ORO,MACHALA,1118833128.15,1480493188.69,880441395.2,4359238784.67,EL ORO-MACHALA,0701,2022,3479767712.04,4359238784.67,0.7982512277779302,07
504,EL ORO,MARCABELI,3794163.93,31702518.28,1090498.73,36592450.94,EL ORO-MARCABELI,0708,2022,36587180.94,36592450.94,0.9998559812238693,07
505,EL ORO,PASAJE,121196057.97,192349708.45,41471934.81,399501012.49,EL ORO-PASAJE,0709,2022,355017701.22999996,399501012.49,0.8886528197194156,07
506,EL ORO,PIÑAS,72193887.65,123710146.47,5889499.14,228628847.62,EL ORO-PIÑAS,0710,2022,201793533.26,228628847.62,0.8826249852573175,07
507,EL ORO,PORTOVELO,40258364.88,27276741.56,3969665.46,115658578.61,EL ORO-PORTOVELO,0711,2022,71504771.89999999,115658578.61,0.6182401060029765,07
508,EL ORO,SANTA ROSA,103039563.91,292343270.25,42538186.69,641561594.68,EL ORO-SANTA ROSA,0712,2022,437921020.84999996,641561594.68,0.6825860906908362,07
509,EL ORO,ZARUMA,63971364.12,34501475.39,8814076.87,163940237.36,EL ORO-ZARUMA,0713,2022,107286916.38,163940237.36,0.654426991858053,07
510,ESMERALDAS,ATACAMES,38916127.11,19977182.42,11486391.63,71872689.16,ESMERALDAS-ATACAMES,0806,2022,70379701.16,71872689.16,0.9792273251850035,08
511,ESMERALDAS,ELOY ALFARO,16961026.26,26930365.88,5038519.04,49003663.63,ESMERALDAS-ELOY ALFARO,0802,2022,48929911.18,49003663.63,0.9984949604879164,08
512,ESMERALDAS,ESMERALDAS,296907460.28,1028370025.05,45223333.48,1388277427.1,ESMERALDAS-ESMERALDAS,0801,2022,1370500818.81,1388277427.1,0.9871952046882057,08
513,ESMERALDAS,MUISNE,8036856.15,13962797.47,5719258.87,27781371.62,ESMERALDAS-MUISNE,0803,2022,27718912.490000002,27781371.62,0.9977517621932305,08
514,ESMERALDAS,QUININDE,77238611.92,346318234.72,25078059.11,474398108.48,ESMERALDAS-QUININDE,0804,2022,448634905.75000006,474398108.48,0.9456928637162008,08
515,ESMERALDAS,RIOVERDE,15383636.55,18395852.54,18096559.96,55143191.43,ESMERALDAS-RIOVERDE,0807,2022,51876049.050000004,55143191.43,0.9407516631650278,08
516,ESMERALDAS,SAN LORENZO,32933564.93,41181365.38,17908356.0,103627911.83,ESMERALDAS-SAN LORENZO,0805,2022,92023286.31,103627911.83,0.8880164106844379,08
517,GALAPAGOS,ISABELA,9064333.19,4783922.36,5931855.24,20102059.56,GALAPAGOS-ISABELA,2002,2022,19780110.79,20102059.56,0.9839842893192582,20
518,GALAPAGOS,SAN CRISTOBAL,25182188.88,65837355.22,32848327.19,126985387.11,GALAPAGOS-SAN CRISTOBAL,2001,2022,123867871.28999999,126985387.11,0.9754498065411299,20
519,GALAPAGOS,SANTA CRUZ,165021052.86,83805282.27,149392737.05,404469211.99,GALAPAGOS-SANTA CRUZ,2003,2022,398219072.18,404469211.99,0.9845473039115904,20
520,GUAYAS,ALFREDO BAQUERIZO MORENO,27083597.21,23043313.56,11417141.36,61733275.78,GUAYAS-ALFREDO BAQUERIZO MORENO,0902,2022,61544052.129999995,61733275.78,0.9969348192265975,09
521,GUAYAS,BALAO,13396549.8,34408645.35,22278230.63,78099110.05,GUAYAS-BALAO,0903,2022,70083425.78,78099110.05,0.8973652290676775,09
522,GUAYAS,BALZAR,41033418.81,74731859.21,16010001.22,154241724.37,GUAYAS-BALZAR,0904,2022,131775279.24,154241724.37,0.8543426221292315,09
523,GUAYAS,COLIMES,11880505.93,36301014.06,9044986.64,57949136.67,GUAYAS-COLIMES,0905,2022,57226506.63,57949136.67,0.9875299256982011,09
524,GUAYAS,CORONEL MARCELINO MARIDUEÑA,100968567.61,27499360.97,143579469.74,327674715.88,GUAYAS-CORONEL MARCELINO MARIDUEÑA,0923,2022,272047398.32,327674715.88,0.8302361614608932,09
525,GUAYAS,DAULE,944044480.44,471791366.61,162905211.14,1627581128.29,GUAYAS-DAULE,0906,2022,1578741058.19,1627581128.29,0.9699922361773061,09
526,GUAYAS,DURAN,1714616468.33,2264813192.81,1821666631.42,7679664292.59,GUAYAS-DURAN,0907,2022,5801096292.559999,7679664292.59,0.7553840990363857,09
527,GUAYAS,EL EMPALME,78768139.39,135802916.84,26277209.83,251796990.52,GUAYAS-EL EMPALME,0908,2022,240848266.06,251796990.52,0.956517651631224,09
528,GUAYAS,EL TRIUNFO,88294141.96,152839936.7,42547683.98,293988180.77,GUAYAS-EL TRIUNFO,0909,2022,283681762.64,293988180.77,0.96494274666755,09
529,GUAYAS,GENERAL ANTONIO ELIZALDE,17565779.67,28859134.5,12007983.7,58507361.79,GUAYAS-GENERAL ANTONIO ELIZALDE,0927,2022,58432897.870000005,58507361.79,0.9987272726419067,09
530,GUAYAS,GUAYAQUIL,33672646958.2,13163152876.33,5107923804.16,60889014975.7,GUAYAS-GUAYAQUIL,0901,2022,51943723638.69,60889014975.7,0.8530885851810882,09
531,GUAYAS,ISIDRO AYORA,14952170.23,258515205.67,2898360.47,276940854.52,GUAYAS-ISIDRO AYORA,0928,2022,276365736.37,276940854.52,0.9979233177748484,09
532,GUAYAS,LOMAS DE SARGENTILLO,15861859.01,26884075.65,9728289.58,52654347.92,GUAYAS-LOMAS DE SARGENTILLO,0924,2022,52474224.239999995,52654347.92,0.9965791299842194,09
533,GUAYAS,MILAGRO,365575569.8,374494374.45,202094492.41,974804329.77,GUAYAS-MILAGRO,0910,2022,942164436.66,974804329.77,0.9665164668301164,09
534,GUAYAS,NARANJAL,89225925.12,196501333.97,90876546.7,378058859.91,GUAYAS-NARANJAL,0911,2022,376603805.79,378058859.91,0.9961512497806654,09
535,GUAYAS,NARANJITO,52767776.91,47433934.4,12393297.51,112881453.84,GUAYAS-NARANJITO,0912,2022,112595008.82000001,112881453.84,0.9974624261979651,09
536,GUAYAS,NOBOL,62284166.11,41315752.51,11322885.75,196866586.12,GUAYAS-NOBOL,0925,2022,114922804.37,196866586.12,0.5837598275816538,09
537,GUAYAS,PALESTINA,11735971.09,32413940.35,11809201.5,56711448.81,GUAYAS-PALESTINA,0913,2022,55959112.94,56711448.81,0.9867339684351822,09
538,GUAYAS,PEDRO CARBO,32099773.48,35610602.71,20533101.32,88896234.73,GUAYAS-PEDRO CARBO,0914,2022,88243477.50999999,88896234.73,0.9926570880984712,09
539,GUAYAS,PLAYAS,71301113.04,43261615.77,41116244.17,277494777.67,GUAYAS-PLAYAS,0921,2022,155678972.98000002,277494777.67,0.5610158659098632,09
540,GUAYAS,SALINAS,0.0,0.0,0.0,0.0,GUAYAS-SALINAS,<NA>,2022,0.0,0.0,,<N
541,GUAYAS,SALITRE,24391163.26,36453639.88,11395269.01,72401401.37,GUAYAS-SALITRE,0919,2022,72240072.15,72401401.37,0.9977717389864383,09
542,GUAYAS,SAMBORONDON,1774722235.55,967817192.79,1106170472.23,4779116758.21,GUAYAS-SAMBORONDON,0916,2022,3848709900.57,4779116758.21,0.8053182408566054,09
543,GUAYAS,SAN JACINTO DE YAGUACHI,100809519.69,499303739.61,41547386.66,1087798645.97,GUAYAS-SAN JACINTO DE YAGUACHI,0920,2022,641660645.9599999,1087798645.97,0.5898707893571841,09
544,GUAYAS,SANTA LUCIA,24194414.55,157769611.35,38389463.38,223786470.63,GUAYAS-SANTA LUCIA,0918,2022,220353489.28,223786470.63,0.9846595670402437,09
545,GUAYAS,SIMON BOLIVAR,15154856.36,47524308.02,18430618.96,91016997.29,GUAYAS-SIMON BOLIVAR,0922,2022,81109783.34,91016997.29,0.8911498484350845,09
546,IMBABURA,ANTONIO ANTE,135092240.43,68166584.37,5576016.93,212903748.68,IMBABURA-ANTONIO ANTE,1002,2022,208834841.73000002,212903748.68,0.9808885142923638,10
547,IMBABURA,COTACACHI,38754777.77,31864555.52,4454666.13,121824967.05,IMBABURA-COTACACHI,1003,2022,75073999.42,121824967.05,0.6162447750893933,10
548,IMBABURA,IBARRA,676423863.57,568790499.88,88694389.79,1342255428.56,IMBABURA-IBARRA,1001,2022,1333908753.24,1342255428.56,0.9937816043486191,10
549,IMBABURA,OTAVALO,225765728.75,93789652.52,12711831.83,344926000.72,IMBABURA-OTAVALO,1004,2022,332267213.09999996,344926000.72,0.9632999901614374,10
550,IMBABURA,PIMAMPIRO,4869549.73,8365909.02,637815.03,13958412.48,IMBABURA-PIMAMPIRO,1005,2022,13873273.78,13958412.48,0.9939005456299568,10
551,IMBABURA,SAN MIGUEL DE URCUQUI,9121269.43,16453767.34,1558353.61,31918189.16,IMBABURA-SAN MIGUEL DE URCUQUI,1006,2022,27133390.38,31918189.16,0.8500917844676373,10
552,LOJA,CALVAS,23364630.62,11628452.93,11434950.94,46434175.16,LOJA-CALVAS,1102,2022,46428034.489999995,46434175.16,0.9998677553767491,11
553,LOJA,CATAMAYO,50602697.19,67232535.11,4522655.47,124935732.99,LOJA-CATAMAYO,1103,2022,122357887.77,124935732.99,0.9793666298799693,11
554,LOJA,CELICA,7268694.87,14220954.41,2627641.43,24117765.05,LOJA-CELICA,1104,2022,24117290.71,24117765.05,0.9999803323401228,11
555,LOJA,CHAGUARPAMBA,2136078.95,5461036.79,946001.74,8543601.5,LOJA-CHAGUARPAMBA,1105,2022,8543117.48,8543601.5,0.9999433470767568,11
556,LOJA,ESPINDOLA,4476748.39,1587004.02,321736.39,6410991.95,LOJA-ESPINDOLA,1106,2022,6385488.8,6410991.95,0.9960219650564371,11
557,LOJA,GONZANAMA,5508278.3,7581776.81,516261.17,13611208.28,LOJA-GONZANAMA,1107,2022,13606316.28,13611208.28,0.9996405903209057,11
558,LOJA,LOJA,765057382.49,609613989.06,177840395.7,1562034222.78,LOJA-LOJA,1101,2022,1552511767.25,1562034222.78,0.9939038112026428,11
559,LOJA,MACARA,19903789.45,28084111.73,24758710.44,72762139.18,LOJA-MACARA,1108,2022,72746611.62,72762139.18,0.9997865983576762,11
560,LOJA,OLMEDO,579487.46,691929.23,20531.61,1291998.3,LOJA-OLMEDO,1116,2022,1291948.3,1291998.3,0.9999613002586768,11
561,LOJA,PALTAS,16387191.04,10092164.83,2707603.78,29472115.09,LOJA-PALTAS,1109,2022,29186959.65,29472115.09,0.9903245681849024,11
562,LOJA,PINDAL,6611067.74,35347904.84,9014663.44,51012540.25,LOJA-PINDAL,1114,2022,50973636.02,51012540.25,0.9992373594843672,11
563,LOJA,PUYANGO,9352553.58,14400219.99,15639407.41,39413465.48,LOJA-PUYANGO,1110,2022,39392180.980000004,39413465.48,0.9994599688268774,11
564,LOJA,QUILANGA,3579444.81,649670.26,51685.74,4280800.81,LOJA-QUILANGA,1115,2022,4280800.8100000005,4280800.81,1.0000000000000002,11
565,LOJA,SARAGURO,22777545.97,6865480.26,7042685.42,37284169.81,LOJA-SARAGURO,1111,2022,36685711.65,37284169.81,0.9839487331205242,11
566,LOJA,SOZORANGA,2202013.23,616924.41,75615.31,2895330.95,LOJA-SOZORANGA,1112,2022,2894552.95,2895330.95,0.9997312915126335,11
567,LOJA,ZAPOTILLO,7860896.75,26353132.68,3387387.68,37629923.0,LOJA-ZAPOTILLO,1113,2022,37601417.11,37629923.0,0.9992424674905659,11
568,LOS RIOS,BABA,16020923.48,41835181.35,38568278.68,97354674.0,LOS RIOS-BABA,1202,2022,96424383.50999999,97354674.0,0.9904443161095685,12
569,LOS RIOS,BABAHOYO,268782856.77,232153936.59,154467568.67,665877648.26,LOS RIOS-BABAHOYO,1201,2022,655404362.03,665877648.26,0.9842714554883053,12
570,LOS RIOS,BUENA FE,82220221.21,144158855.14,28797177.3,282487036.92,LOS RIOS-BUENA FE,1210,2022,255176253.64999998,282487036.92,0.903320224645443,12
571,LOS RIOS,MOCACHE,21688927.2,114960595.92,49136015.23,185873310.11,LOS RIOS-MOCACHE,1212,2022,185785538.35,185873310.11,0.9995277871796221,12
572,LOS RIOS,MONTALVO,30816655.64,57057883.15,16222413.63,104479026.69,LOS RIOS-MONTALVO,1203,2022,104096952.41999999,104479026.69,0.996343052935077,12
573,LOS RIOS,PALENQUE,7027870.1,22355109.79,4467376.75,33936219.27,LOS RIOS-PALENQUE,1209,2022,33850356.64,33936219.27,0.9974698822718916,12
574,LOS RIOS,PUEBLOVIEJO,25395542.54,150205830.57,40471394.13,218822223.79,LOS RIOS-PUEBLOVIEJO,1204,2022,216072767.23999998,218822223.79,0.9874352042384935,12
575,LOS RIOS,QUEVEDO,397999364.52,690321266.55,179279674.66,1378564638.24,LOS RIOS-QUEVEDO,1205,2022,1267600305.73,1378564638.24,0.9195073415986739,12
576,LOS RIOS,QUINSALOMA,22590665.0,57692880.84,11139522.1,114987880.9,LOS RIOS-QUINSALOMA,1213,2022,91423067.94,114987880.9,0.7950669864027383,12
577,LOS RIOS,URDANETA,17812785.26,34046486.61,13658479.74,81262559.12,LOS RIOS-URDANETA,1206,2022,65517751.61000001,81262559.12,0.806247702748941,12
578,LOS RIOS,VALENCIA,31271765.63,143569542.39,13365787.96,202599900.55,LOS RIOS-VALENCIA,1211,2022,188207095.98,202599900.55,0.9289594687315851,12
579,LOS RIOS,VENTANAS,74068061.56,325158169.87,42758254.84,483477029.01,LOS RIOS-VENTANAS,1207,2022,441984486.27,483477029.01,0.9141788745890101,12
580,LOS RIOS,VINCES,48218340.27,81090135.09,63288985.46,231030003.42,LOS RIOS-VINCES,1208,2022,192597460.82000002,231030003.42,0.8336469634633052,12
581,MANABI,24 DE MAYO,5917946.53,8970972.16,6916387.77,21864201.08,MANABI-24 DE MAYO,1316,2022,21805306.46,21864201.08,0.9973063447511983,13
582,MANABI,BOLIVAR,34126731.49,32620620.62,10585817.94,78965037.65,MANABI-BOLIVAR,1302,2022,77333170.05,78965037.65,0.9793343022612995,13
583,MANABI,CHONE,123800674.82,128777972.35,30732680.94,284745091.29,MANABI-CHONE,1303,2022,283311328.11,284745091.29,0.9949647483877438,13
584,MANABI,EL CARMEN,77466446.69,344579550.45,25287950.59,546343376.96,MANABI-EL CARMEN,1304,2022,447333947.72999996,546343376.96,0.8187780187234722,13
585,MANABI,FLAVIO ALFARO,14480466.67,9884880.04,3649263.93,28218091.17,MANABI-FLAVIO ALFARO,1305,2022,28014610.64,28218091.17,0.9927890044449098,13
586,MANABI,JAMA,12636305.01,18275545.28,7973635.03,38923216.16,MANABI-JAMA,1320,2022,38885485.32,38923216.16,0.9990306340605335,13
587,MANABI,JARAMIJO,42604381.9,325411843.45,100815051.75,921178157.16,MANABI-JARAMIJO,1321,2022,468831277.09999996,921178157.16,0.5089474532759339,13
588,MANABI,JIPIJAPA,48115545.83,36224229.33,5789420.72,90349244.73,MANABI-JIPIJAPA,1306,2022,90129195.88,90349244.73,0.9975644638684297,13
589,MANABI,JUNIN,16879489.07,103674214.84,12959833.84,133558613.8,MANABI-JUNIN,1307,2022,133513537.75,133558613.8,0.999662499866407,13
590,MANABI,MANTA,1041436468.06,1036438629.79,345879143.84,2948279396.71,MANABI-MANTA,1308,2022,2423754241.69,2948279396.71,0.8220910963847863,13
591,MANABI,MONTECRISTI,394580737.34,775064644.56,103979776.59,1933690982.51,MANABI-MONTECRISTI,1309,2022,1273625158.4899998,1933690982.51,0.6586497894491853,13
592,MANABI,OLMEDO,4770192.94,4849547.3,785884.39,10583505.48,MANABI-OLMEDO,1318,2022,10405624.63,10583505.48,0.9831926340156248,13
593,MANABI,PAJAN,14294852.11,25099528.47,11673375.74,51083787.69,MANABI-PAJAN,1310,2022,51067756.32,51083787.69,0.9996861749935756,13
594,MANABI,PEDERNALES,49480036.21,163110623.95,22793969.08,236925717.69,MANABI-PEDERNALES,1317,2022,235384629.24,236925717.69,0.9934954783928674,13
595,MANABI,PICHINCHA,11231813.53,21613087.23,5762177.29,42919305.13,MANABI-PICHINCHA,1311,2022,38607078.05,42919305.13,0.8995270993568388,13
596,MANABI,PORTOVIEJO,734932416.04,621989667.78,105252931.51,1514556334.99,MANABI-PORTOVIEJO,1301,2022,1462175015.33,1514556334.99,0.9654147432816713,13
597,MANABI,PUERTO LOPEZ,19987067.85,10690444.57,8172135.54,40923110.96,MANABI-PUERTO LOPEZ,1319,2022,38849647.96,40923110.96,0.9493327131940997,13
598,MANABI,ROCAFUERTE,24266161.23,30565473.13,4727134.78,59994821.57,MANABI-ROCAFUERTE,1312,2022,59558769.14,59994821.57,0.9927318322050308,13
599,MANABI,SAN VICENTE,15165201.98,28100811.87,3839316.03,47164668.06,MANABI-SAN VICENTE,1322,2022,47105329.88,47164668.06,0.99874189340367,13
600,MANABI,SANTA ANA,29580435.42,58647093.82,3279790.26,91665178.96,MANABI-SANTA ANA,1313,2022,91507319.50000001,91665178.96,0.9982778688506257,13
601,MANABI,SUCRE,39934922.69,87939565.22,15087048.51,320671428.04,MANABI-SUCRE,1314,2022,142961536.42,320671428.04,0.4458193774662306,13
602,MANABI,TOSAGUA,52601478.26,114949287.2,5322774.97,173036920.69,MANABI-TOSAGUA,1315,2022,172873540.43,173036920.69,0.9990558069379153,13
603,MORONA SANTIAGO,GUALAQUIZA,35992216.82,13472420.69,2862213.56,52358420.25,MORONA SANTIAGO-GUALAQUIZA,1402,2022,52326851.07,52358420.25,0.9993970562929656,14
604,MORONA SANTIAGO,HUAMBOYA,7462102.99,898021.85,87911.42,8463036.26,MORONA SANTIAGO-HUAMBOYA,1407,2022,8448036.26,8463036.26,0.9982275864667038,14
605,MORONA SANTIAGO,LIMON INDANZA,13704255.49,8423770.76,1072454.41,23275937.86,MORONA SANTIAGO-LIMON INDANZA,1403,2022,23200480.66,23275937.86,0.9967581456672613,14
606,MORONA SANTIAGO,LOGROÑO,6063693.78,1427440.27,59959.52,7551326.19,MORONA SANTIAGO-LOGROÑO,1410,2022,7551093.57,7551326.19,0.9999691948150369,14
607,MORONA SANTIAGO,MORONA,102771870.73,58239123.63,8746287.53,169964163.25,MORONA SANTIAGO-MORONA,1401,2022,169757281.89000002,169964163.25,0.9987827942311834,14
608,MORONA SANTIAGO,PABLO SEXTO,2237759.01,530635.27,33967.15,2802381.43,MORONA SANTIAGO-PABLO SEXTO,1411,2022,2802361.4299999997,2802381.43,0.999992863212771,14
609,MORONA SANTIAGO,PALORA,9139984.47,21311521.09,3989779.66,44644006.84,MORONA SANTIAGO-PALORA,1404,2022,34441285.22,44644006.84,0.7714649212252471,14
610,MORONA SANTIAGO,SAN JUAN BOSCO,2873782.82,1718473.28,99891.46,4692397.56,MORONA SANTIAGO-SAN JUAN BOSCO,1408,2022,4692147.56,4692397.56,0.9999467223318563,14
611,MORONA SANTIAGO,SANTIAGO,11085254.28,4932229.51,893195.17,16911511.18,MORONA SANTIAGO-SANTIAGO,1405,2022,16910678.96,16911511.18,0.9999507897318495,14
612,MORONA SANTIAGO,SUCUA,31898990.13,19682706.61,5361896.23,57270553.45,MORONA SANTIAGO-SUCUA,1406,2022,56943592.97,57270553.45,0.9942909495315868,14
613,MORONA SANTIAGO,TAISHA,6328143.19,989361.9,219768.11,7554616.43,MORONA SANTIAGO-TAISHA,1409,2022,7537273.200000001,7554616.43,0.9977042871520085,14
614,MORONA SANTIAGO,TIWINTZA,3221123.85,981452.98,207698.6,4411146.52,MORONA SANTIAGO-TIWINTZA,1412,2022,4410275.43,4411146.52,0.9998025252627519,14
615,NAPO,ARCHIDONA,28748741.21,7209453.65,894288.77,36954581.26,NAPO-ARCHIDONA,1503,2022,36852483.63,36954581.26,0.997237213181184,15
616,NAPO,CARLOS JULIO AROSEMENA TOLA,5299589.52,1535785.7,117086.35,6960481.64,NAPO-CARLOS JULIO AROSEMENA TOLA,1509,2022,6952461.569999999,6960481.64,0.9988477708275371,15
617,NAPO,EL CHACO,15587609.86,12474974.16,502062.95,28588992.34,NAPO-EL CHACO,1504,2022,28564646.97,28588992.34,0.9991484355338422,15
618,NAPO,QUIJOS,18007608.19,13879798.82,743862.87,32693767.75,NAPO-QUIJOS,1507,2022,32631269.880000003,32693767.75,0.9980883858208727,15
619,NAPO,TENA,106200581.52,53587094.22,6354387.32,167590445.39,NAPO-TENA,1501,2022,166142063.06,167590445.39,0.9913576079672713,15
620,ND,ND,0.0,0.0,0.0,0.0,ND-ND,<NA>,2022,0.0,0.0,,<N
621,ORELLANA,AGUARICO,3244242.21,7589653.58,851111.37,11829178.81,ORELLANA-AGUARICO,2202,2022,11685007.159999998,11829178.81,0.9878122013103628,22
622,ORELLANA,LA JOYA DE LOS SACHAS,149501707.58,112374558.8,17222658.52,282456950.25,ORELLANA-LA JOYA DE LOS SACHAS,2203,2022,279098924.9,282456950.25,0.9881113729117734,22
623,ORELLANA,LORETO,15395770.37,13108835.29,6829838.73,35357720.95,ORELLANA-LORETO,2204,2022,35334444.39,35357720.95,0.9993416838140411,22
624,ORELLANA,FRANCISCO DE ORELLANA,458614479.03,191364721.52,25711964.7,686467454.65,ORELLANA-FRANCISCO DE ORELLANA,2201,2022,675691165.25,686467454.65,0.9843018203892938,22
625,PASTAZA,ARAJUNO,2314946.23,252416.68,15994.09,2586978.39,PASTAZA-ARAJUNO,1604,2022,2583357.0,2586978.39,0.9986001467913305,16
626,PASTAZA,MERA,14573449.46,11714329.9,302088.94,26672139.6,PASTAZA-MERA,1602,2022,26589868.3,26672139.6,0.9969154593057094,16
627,PASTAZA,PASTAZA,172038100.3,88910660.13,7747575.25,271463079.45,PASTAZA-PASTAZA,1601,2022,268696335.68,271463079.45,0.9898080292332734,16
628,PASTAZA,SANTA CLARA,2627604.14,2789979.29,195136.0,5638427.68,PASTAZA-SANTA CLARA,1603,2022,5612719.43,5638427.68,0.995440528555294,16
629,PICHINCHA,CAYAMBE,211531250.86,284282866.69,32801569.83,807681369.16,PICHINCHA-CAYAMBE,1702,2022,528615687.38,807681369.16,0.6544854289876313,17
630,PICHINCHA,MEJIA,343974835.56,356781176.95,51894400.39,870669538.2,PICHINCHA-MEJIA,1703,2022,752650412.9,870669538.2,0.8644501500029623,17
631,PICHINCHA,PEDRO MONCAYO,94627751.0,107658772.44,23479046.69,469485217.03,PICHINCHA-PEDRO MONCAYO,1704,2022,225765570.13,469485217.03,0.48087897539822566,17
632,PICHINCHA,PEDRO VICENTE MALDONADO,31913742.45,47513778.43,4258642.75,92561178.44,PICHINCHA-PEDRO VICENTE MALDONADO,1708,2022,83686163.63,92561178.44,0.904117309658574,17
633,PICHINCHA,PUERTO QUITO,9351464.58,44210944.51,1513182.14,56007974.67,PICHINCHA-PUERTO QUITO,1709,2022,55075591.23,56007974.67,0.9833526663748577,17
634,PICHINCHA,DISTRITO METROPOLITANO DE QUITO,53851609881.1,16129274905.67,2334876626.88,84340837811.7,PICHINCHA-DISTRITO METROPOLITANO DE QUITO,1701,2022,72315761413.65001,84340837811.7,0.8574228486454301,17
635,PICHINCHA,RUMIÑAHUI,2677497029.78,1679464530.72,56123494.17,4472595703.65,PICHINCHA-RUMIÑAHUI,1705,2022,4413085054.67,4472595703.65,0.9866943822059673,17
636,PICHINCHA,SAN MIGUEL DE LOS BANCOS,19407769.28,57967324.78,6957717.6,85330857.17,PICHINCHA-SAN MIGUEL DE LOS BANCOS,1707,2022,84332811.66,85330857.17,0.988303814785176,17
637,SANTA ELENA,LA LIBERTAD,237124656.14,155484465.31,66919791.03,465469419.36,SANTA ELENA-LA LIBERTAD,2402,2022,459528912.48,465469419.36,0.9872376000808647,24
638,SANTA ELENA,SALINAS,104951191.2,189679571.16,32726967.08,343999913.24,SANTA ELENA-SALINAS,2403,2022,327357729.44,343999913.24,0.9516215465194342,24
639,SANTA ELENA,SANTA ELENA,198700916.07,326435463.52,78745036.92,627163043.48,SANTA ELENA-SANTA ELENA,2401,2022,603881416.51,627163043.48,0.96287787169216,24
640,SANTO DOMINGO DE LOS TSACHILAS,LA CONCORDIA,52998477.07,127308218.28,15813813.51,208688129.0,SANTO DOMINGO DE LOS TSACHILAS-LA CONCORDIA,2302,2022,196120508.85999998,208688129.0,0.9397779825799291,23
641,SANTO DOMINGO DE LOS TSACHILAS,SANTO DOMINGO,1771796808.59,1097380789.94,145296610.79,3188061616.51,SANTO DOMINGO DE LOS TSACHILAS-SANTO DOMINGO,2301,2022,3014474209.3199997,3188061616.51,0.9455507991780823,23
642,SUCUMBIOS,CASCALES,4554952.55,6859656.47,304161.15,12519368.47,SUCUMBIOS-CASCALES,2106,2022,11718770.17,12519368.47,0.9360512231972032,21
643,SUCUMBIOS,CUYABENO,21829599.6,12042330.22,489120.06,34377371.84,SUCUMBIOS-CUYABENO,2107,2022,34361049.88,34377371.84,0.9995252121053358,21
644,SUCUMBIOS,GONZALO PIZARRO,6363416.69,6046843.05,665891.34,13107550.75,SUCUMBIOS-GONZALO PIZARRO,2102,2022,13076151.08,13107550.75,0.9976044593990987,21
645,SUCUMBIOS,LAGO AGRIO,368151198.48,153961687.28,51629198.39,574668956.38,SUCUMBIOS-LAGO AGRIO,2101,2022,573742084.15,574668956.38,0.9983871197152555,21
646,SUCUMBIOS,PUTUMAYO,8981442.5,7216636.96,180075.56,16395497.52,SUCUMBIOS-PUTUMAYO,2103,2022,16378155.020000001,16395497.52,0.998942240088851,21
647,SUCUMBIOS,SHUSHUFINDI,80952463.39,129825481.15,4051717.32,215151545.11,SUCUMBIOS-SHUSHUFINDI,2104,2022,214829661.86,215151545.11,0.9985039231308545,21
648,SUCUMBIOS,SUCUMBIOS,1272458.6,1336082.03,101632.54,2710453.67,SUCUMBIOS-SUCUMBIOS,2105,2022,2710173.17,2710453.67,0.9998965117894821,21
649,TUNGURAHUA,AMBATO,2578007480.73,1385313276.03,128984302.08,4172177490.49,TUNGURAHUA-AMBATO,1801,2022,4092305058.84,4172177490.49,0.9808559362989567,18
650,TUNGURAHUA,BAÑOS DE AGUA SANTA,63006069.18,82226359.14,3622685.23,149938959.15,TUNGURAHUA-BAÑOS DE AGUA SANTA,1802,2022,148855113.54999998,149938959.15,0.9927714210759877,18
651,TUNGURAHUA,CEVALLOS,18016597.06,35069810.51,1590362.7,55002199.46,TUNGURAHUA-CEVALLOS,1803,2022,54676770.269999996,55002199.46,0.994083342244583,18
652,TUNGURAHUA,MOCHA,5999952.44,17488504.35,454063.47,24090934.18,TUNGURAHUA-MOCHA,1804,2022,23942520.26,24090934.18,0.9938394286045076,18
653,TUNGURAHUA,PATATE,24601475.41,26773467.75,1738553.13,53129245.84,TUNGURAHUA-PATATE,1805,2022,53113496.29,53129245.84,0.999703561574214,18
654,TUNGURAHUA,QUERO,13939586.96,24002448.73,1738963.02,39702375.95,TUNGURAHUA-QUERO,1806,2022,39680998.71,39702375.95,0.9994615627027732,18
655,TUNGURAHUA,SAN PEDRO DE PELILEO,205303378.02,191717279.2,6979763.81,424328012.0,TUNGURAHUA-SAN PEDRO DE PELILEO,1807,2022,404000421.03000003,424328012.0,0.9520946286949352,18
656,TUNGURAHUA,SANTIAGO DE PILLARO,37167238.41,83492379.02,3588876.31,125378909.88,TUNGURAHUA-SANTIAGO DE PILLARO,1808,2022,124248493.74,125378909.88,0.9909840008891294,18
657,TUNGURAHUA,TISALEO,20406574.09,17350586.28,1037134.14,39247874.31,TUNGURAHUA-TISALEO,1809,2022,38794294.510000005,39247874.31,0.9884432008618508,18
658,ZAMORA CHINCHIPE,CENTINELA DEL CONDOR,6532101.34,5020454.92,788760.49,12491664.82,ZAMORA CHINCHIPE-CENTINELA DEL CONDOR,1907,2022,12341316.75,12491664.82,0.9879641287077058,19
659,ZAMORA CHINCHIPE,CHINCHIPE,5437603.59,5381425.61,610021.66,11438005.04,ZAMORA CHINCHIPE-CHINCHIPE,1902,2022,11429050.86,11438005.04,0.9992171554419949,19
660,ZAMORA CHINCHIPE,EL PANGUI,155617627.45,53163792.11,4636014.3,1269305473.92,ZAMORA CHINCHIPE-EL PANGUI,1906,2022,213417433.86,1269305473.92,0.16813717284374602,19
661,ZAMORA CHINCHIPE,NANGARITZA,4572422.83,808598.06,264465.22,5655100.43,ZAMORA CHINCHIPE-NANGARITZA,1903,2022,5645486.11,5655100.43,0.9982998851887765,19
662,ZAMORA CHINCHIPE,PALANDA,4224234.54,3474736.61,872675.47,8578935.37,ZAMORA CHINCHIPE-PALANDA,1908,2022,8571646.620000001,8578935.37,0.9991503899160394,19
663,ZAMORA CHINCHIPE,PAQUISHA,4065175.49,7500074.92,574863.37,12147366.33,ZAMORA CHINCHIPE-PAQUISHA,1909,2022,12140113.78,12147366.33,0.9994029528868255,19
664,ZAMORA CHINCHIPE,YACUAMBI,1789815.68,1125978.88,52758.11,2971656.7,ZAMORA CHINCHIPE-YACUAMBI,1904,2022,2968552.6699999995,2971656.7,0.9989554547131906,19
665,ZAMORA CHINCHIPE,YANTZAZA,113410692.04,66950057.43,8518905.6,998908532.01,ZAMORA CHINCHIPE-YANTZAZA,1905,2022,188879655.07,998908532.01,0.18908603642611507,19
666,ZAMORA CHINCHIPE,ZAMORA,72447991.68,26862892.38,16162904.63,123362735.35,ZAMORA CHINCHIPE-ZAMORA,1901,2022,115473788.69,123362735.35,0.9360508127708276,19
