CANTON_CODIGO,VOTOS_DANIEL_23,VOTOS_LUISA_23,SUFRAGANTES_23,PORC_LUISA_23,PORC_DANIEL_23,VOTOS_DANIEL_25,VOTOS_LUISA_25,SUFRAGANTES_25,PORC_LUISA_25,PORC_DANIEL_25
0100,85082.0,41075.0,139413.0,0.2946281910582227,0.6102874193941742,95532.0,37738.0,144299.0,0.26152641390446224,0.6620420099931392
0101,22.0,9.0,33.0,0.2727272727272727,0.6666666666666666,32.0,14.0,48.0,0.2916666666666667,0.6666666666666666
0105,22857.0,25449.0,56196.0,0.45286141362374543,0.40673713431560965,27141.0,23384.0,56651.0,0.4127729431078004,0.4790912781769077
0110,25491.0,16758.0,47629.0,0.35184446450691803,0.5351991433790337,29208.0,14530.0,48229.0,0.30127101951108254,0.6056107321321197
0111,137.0,46.0,189.0,0.24338624338624337,0.7248677248677249,149.0,60.0,214.0,0.2803738317757009,0.6962616822429907
0115,10779.0,5669.0,18487.0,0.306647914750906,0.583058365337805,11627.0,5575.0,18990.0,0.2935755660874144,0.6122696155871511
0120,7935.0,7171.0,16848.0,0.4256291547958215,0.47097578347578345,8752.0,6457.0,16560.0,0.3899154589371981,0.5285024154589372
0121,11.0,13.0,24.0,0.5416666666666666,0.4583333333333333,14.0,14.0,29.0,0.4827586206896552,0.4827586206896552
0125,3663.0,12980.0,18426.0,0.7044393791381743,0.19879518072289157,4622.0,12545.0,18843.0,0.665764474871305,0.24529002812715597
0130,3016.0,1369.0,4636.0,0.295297670405522,0.6505608283002589,2914.0,1559.0,4696.0,0.331984667802385,0.6205281090289608
0131,1423.0,566.0,2091.0,0.27068388330942134,0.6805356288857006,2400.0,889.0,3420.0,0.25994152046783625,0.7017543859649122
0135,168077.0,55937.0,242756.0,0.23042478867669594,0.6923701164955758,185655.0,50186.0,250386.0,0.20043452908708953,0.7414751623493326
0140,29729.0,10021.0,43294.0,0.23146394419550054,0.6866771377096134,33293.0,8196.0,44416.0,0.18452809798270894,0.7495722262247838
0141,36.0,16.0,53.0,0.3018867924528302,0.6792452830188679,85.0,31.0,119.0,0.2605042016806723,0.7142857142857143
0145,21432.0,7652.0,31693.0,0.2414413277379863,0.676237655002682,23698.0,6315.0,31886.0,0.19804930063350687,0.7432101862886533
0150,10229.0,4909.0,16398.0,0.29936577631418465,0.6237955848274179,10908.0,4605.0,16600.0,0.27740963855421685,0.6571084337349398
0155,6949.0,2308.0,10081.0,0.22894554111695267,0.6893165360579308,7550.0,2049.0,10215.0,0.20058737151248165,0.7391091532060695
0160,11312.0,2985.0,15330.0,0.19471624266144813,0.7378995433789954,12271.0,2417.0,15387.0,0.1570806524988627,0.7974913888347306
0161,17.0,3.0,23.0,0.13043478260869565,0.7391304347826086,26.0,1.0,27.0,0.037037037037037035,0.9629629629629629
0165,37229.0,24136.0,70861.0,0.3406104909611775,0.5253806748422969,42001.0,22594.0,71525.0,0.31588954910870326,0.5872212513107306
0170,7517.0,2936.0,11429.0,0.2568903666112521,0.6577128357686587,8007.0,2730.0,11509.0,0.2372056651316361,0.6957163958641064
0171,24948.0,35683.0,66754.0,0.5345447463822393,0.37373041315876204,42915.0,34942.0,82785.0,0.4220812949205774,0.5183910128646494
0175,13658.0,6413.0,21973.0,0.29185818959632276,0.6215810312656442,15188.0,5892.0,22400.0,0.26303571428571426,0.6780357142857143
0180,7573.0,5200.0,14263.0,0.36457968169389326,0.5309542172053565,8495.0,4573.0,14135.0,0.3235231694375663,0.6009904492394765
0181,14256.0,10327.0,25990.0,0.3973451327433628,0.5485186610234706,28658.0,13978.0,44198.0,0.3162586542377483,0.6484003801076972
0185,7395.0,4173.0,12726.0,0.3279113625648279,0.581093823668081,8183.0,3945.0,12991.0,0.3036717727657609,0.6298976214302209
0190,6911.0,1976.0,9771.0,0.20223109200695938,0.7072971036741378,7498.0,1888.0,10042.0,0.1880103565026887,0.7466640111531567
0191,421.0,420.0,913.0,0.4600219058050383,0.4611171960569551,683.0,516.0,1254.0,0.41148325358851673,0.5446570972886763
0195,117104.0,40346.0,170223.0,0.23701849926273183,0.6879446373286806,127385.0,37412.0,175239.0,0.2134912890395403,0.7269215186117246
0200,22233.0,6861.0,31766.0,0.21598564502927659,0.6998992633633444,24625.0,5798.0,32275.0,0.17964368706429124,0.7629744384198296
0201,1012.0,1571.0,2701.0,0.5816364309514994,0.3746760459089226,1652.0,1678.0,3483.0,0.48176859029572205,0.47430376112546657
0205,14001.0,14265.0,32508.0,0.43881506090808414,0.4306939830195644,16450.0,12246.0,31765.0,0.38551865260506846,0.517865575318747
0210,12521.0,14084.0,30931.0,0.45533607060877435,0.4048042416992661,15524.0,12153.0,31052.0,0.39137575679505343,0.4999355919103439
0211,34.0,2.0,37.0,0.05405405405405406,0.918918918918919,54.0,7.0,65.0,0.1076923076923077,0.8307692307692308
0215,10563.0,12587.0,26848.0,0.4688244934445769,0.3934371275327771,12447.0,10950.0,26073.0,0.4199746864572546,0.47739040386606835
0220,3392.0,2772.0,7097.0,0.3905875722136114,0.4779484289136255,3763.0,2511.0,6985.0,0.35948460987831066,0.5387258410880458
0221,18.0,12.0,30.0,0.4,0.6,26.0,9.0,36.0,0.25,0.7222222222222222
0225,4807.0,1499.0,6729.0,0.22276712735919155,0.7143706345668004,5091.0,1394.0,6783.0,0.20551378446115287,0.7505528527200354
0230,7546.0,12697.0,22831.0,0.5561298234856117,0.3305155271341597,8439.0,11172.0,22091.0,0.505726313883482,0.38201077361821556
0231,27.0,23.0,55.0,0.41818181818181815,0.4909090909090909,60.0,44.0,109.0,0.4036697247706422,0.5504587155963303
0235,31832.0,12798.0,48597.0,0.26334958948083215,0.6550198571928308,35212.0,11320.0,49476.0,0.2287978009539979,0.7116986013420649
0240,16403.0,13615.0,34369.0,0.3961418720358463,0.4772614856411301,19087.0,11988.0,34532.0,0.34715626085949264,0.5527336962817098
0241,1487.0,1575.0,3486.0,0.45180722891566266,0.4265633964429145,1731.0,1248.0,3331.0,0.37466226358450916,0.5196637646352447
0245,7280.0,3449.0,11902.0,0.28978322970929254,0.6116619055620904,8247.0,2863.0,11992.0,0.23874249499666444,0.6877084723148766
0250,13210.0,18648.0,35165.0,0.5303000142186833,0.37565761410493387,15712.0,17017.0,35338.0,0.4815496066557247,0.4446205218178731
0251,0.0,0.0,0.0,,,,,,,
0255,3016.0,3354.0,6817.0,0.49200528091535867,0.44242335338125277,3303.0,3288.0,6975.0,0.47139784946236557,0.4735483870967742
0260,200626.0,118856.0,351228.0,0.33840126641383944,0.5712130012413589,219817.0,115362.0,364152.0,0.31679628287088907,0.6036407873635186
0261,9118.0,8832.0,19800.0,0.44606060606060605,0.46050505050505053,15061.0,8718.0,25265.0,0.345062339204433,0.5961211161686127
0265,12233.0,11100.0,26968.0,0.4115989320676357,0.4536116879264313,14377.0,9715.0,27169.0,0.3575766498582944,0.5291692738047039
0270,5130.0,2274.0,8235.0,0.2761384335154827,0.6229508196721312,5641.0,1978.0,8234.0,0.24022346368715083,0.6850862278358028
0271,19.0,9.0,29.0,0.3103448275862069,0.6551724137931034,25.0,12.0,39.0,0.3076923076923077,0.6410256410256411
0275,7752.0,7878.0,17835.0,0.4417157275021026,0.43465096719932717,8856.0,7256.0,18022.0,0.4026190211963156,0.49139940073243815
0280,7263.0,7930.0,17400.0,0.4557471264367816,0.4174137931034483,8807.0,6959.0,17552.0,0.39647903372835,0.5017661804922516
0281,251.0,86.0,344.0,0.25,0.7296511627906976,238.0,97.0,344.0,0.2819767441860465,0.6918604651162791
0285,7496.0,4819.0,13420.0,0.35909090909090907,0.5585692995529061,8363.0,4349.0,13560.0,0.3207227138643068,0.616740412979351
0290,13302.0,8241.0,22752.0,0.36220991561181437,0.5846518987341772,13699.0,7853.0,22754.0,0.34512613166915707,0.6020479915619231
0295,4119.0,4838.0,9359.0,0.5169355700395342,0.4401111229832247,4439.0,4396.0,9184.0,0.47865853658536583,0.4833405923344948
0300,115984.0,35200.0,159591.0,0.2205638162553026,0.7267577745612221,120236.0,36251.0,164259.0,0.2206941476570538,0.7319903323409981
0301,159.0,118.0,302.0,0.39072847682119205,0.5264900662251656,298.0,169.0,484.0,0.34917355371900827,0.6157024793388429
0305,11949.0,6851.0,20957.0,0.32690747721525026,0.5701674858042659,12343.0,6446.0,20643.0,0.3122608148040498,0.5979266579470038
0310,8983.0,6228.0,16242.0,0.3834503140007388,0.5530722817387022,8881.0,5993.0,15868.0,0.37767834635744896,0.559679858835392
0311,2498.0,1246.0,3970.0,0.31385390428211585,0.6292191435768262,2281.0,1152.0,3640.0,0.31648351648351647,0.6266483516483516
0312,185.0,42.0,234.0,0.1794871794871795,0.7905982905982906,314.0,63.0,384.0,0.1640625,0.8177083333333334
0315,4722.0,4578.0,9749.0,0.4695866242691558,0.4843573699866653,4883.0,4176.0,9445.0,0.4421386977236633,0.5169931180518793
0320,10917.0,5852.0,17686.0,0.3308831844396698,0.6172678955105734,11170.0,5550.0,17541.0,0.3164015734564734,0.6367937973889743
0321,34.0,6.0,40.0,0.15,0.85,41.0,8.0,51.0,0.1568627450980392,0.803921568627451
0325,7452.0,3987.0,11990.0,0.33252710592160134,0.6215179316096747,7484.0,4039.0,12006.0,0.33641512577044813,0.6233549891720807
0330,4702.0,6591.0,12047.0,0.5471071636091973,0.39030464015937577,4973.0,6047.0,11703.0,0.5167051183457233,0.4249337776638469
0331,229.0,62.0,302.0,0.2052980132450331,0.7582781456953642,371.0,97.0,491.0,0.1975560081466395,0.7556008146639511
0335,5365.0,3141.0,8956.0,0.35071460473425636,0.599039749888343,5451.0,3046.0,8893.0,0.3425165860789385,0.6129540087709434
0340,4009.0,5675.0,10302.0,0.5508639099204038,0.38914773830324206,3902.0,5402.0,9948.0,0.5430237233614797,0.39223964616003215
0341,4.0,1.0,5.0,0.2,0.8,4.0,2.0,7.0,0.2857142857142857,0.5714285714285714
0345,2513.0,1491.0,4195.0,0.35542312276519666,0.599046483909416,2499.0,1451.0,4129.0,0.3514168079438121,0.6052312908694599
0350,82977.0,85118.0,181880.0,0.46798988343963055,0.4562183857488454,87666.0,82767.0,182832.0,0.45269427671304807,0.4794893672880021
0351,105.0,65.0,179.0,0.36312849162011174,0.5865921787709497,147.0,114.0,275.0,0.41454545454545455,0.5345454545454545
0355,24472.0,24272.0,52321.0,0.4639055063932264,0.46772806330154243,25386.0,23674.0,52312.0,0.4525539073252791,0.485280623948616
0360,11697.0,5729.0,18720.0,0.3060363247863248,0.6248397435897436,12523.0,5080.0,18683.0,0.27190494032007706,0.6702884975646309
0361,102.0,157.0,265.0,0.5924528301886792,0.3849056603773585,156.0,184.0,351.0,0.5242165242165242,0.4444444444444444
0365,23187.0,27846.0,55874.0,0.498371335504886,0.4149872928374557,24775.0,26947.0,56051.0,0.4807585948511177,0.44200817112986385
0370,12451.0,6357.0,20069.0,0.3167571877024266,0.6204095869251084,13293.0,5811.0,20235.0,0.28717568569310603,0.6569310600444774
0371,264.0,346.0,651.0,0.5314900153609831,0.4055299539170507,514.0,439.0,988.0,0.444331983805668,0.520242914979757
0375,10136.0,9620.0,21130.0,0.4552768575485092,0.4796971131093232,10810.0,9542.0,21507.0,0.4436695029525271,0.5026270516575998
0380,10804.0,24671.0,38263.0,0.6447743250659906,0.2823615503227661,12236.0,24062.0,38737.0,0.6211632289542298,0.3158737124712807
0381,0.0,0.0,0.0,,,32.0,37.0,70.0,0.5285714285714286,0.45714285714285713
0385,14904.0,40462.0,61160.0,0.6615761935905821,0.2436886854153041,18649.0,38192.0,62075.0,0.6152557390253726,0.30042690293999197
0390,814507.0,707297.0,1557450.0,0.45413785354264985,0.5229747343413914,895776.0,669182.0,1216324.0,0.5501675540398775,0.7364616664638698
0391,42.0,22.0,72.0,0.3055555555555556,0.5833333333333334,73.0,43.0,123.0,0.34959349593495936,0.5934959349593496
0395,11268.0,28489.0,44002.0,0.6474478432798509,0.2560792691241307,14029.0,27578.0,45466.0,0.606563146087186,0.30856024281880967
0400,52201.0,53250.0,116994.0,0.45515154623314014,0.44618527445851924,66418.0,49937.0,127529.0,0.39157368128033626,0.5208070321260262
0401,1269.0,1456.0,2950.0,0.4935593220338983,0.4301694915254237,,,,,
0405,25425.0,23418.0,53198.0,0.44020451896687846,0.47793150118425504,26175.0,25051.0,55599.0,0.4505656576557132,0.4707818485943992
0410,43244.0,64427.0,116856.0,0.5513366878893681,0.37006229889778874,47739.0,65318.0,122199.0,0.5345215590962283,0.39066604473031696
0411,2.0,1.0,4.0,0.25,0.5,2.0,3.0,5.0,0.6,0.4
0415,11499.0,26347.0,42264.0,0.6233910656823775,0.2720755252697331,14208.0,24816.0,42519.0,0.583644958724335,0.33415649474352643
0420,51378.0,68376.0,131259.0,0.5209242794779787,0.3914245880282495,57963.0,63433.0,132400.0,0.4791012084592145,0.4377870090634441
0425,29057.0,23065.0,55719.0,0.4139521527665608,0.5214917712091028,35007.0,22132.0,60755.0,0.3642827750802403,0.5761994897539298
0430,13560.0,27644.0,46887.0,0.5895877322072216,0.28920596327340203,16487.0,26471.0,47856.0,0.5531385824139083,0.3445127047810097
0435,13318.0,31621.0,48956.0,0.6459065283111365,0.272040199362693,15420.0,30265.0,49835.0,0.6073041035416876,0.3094210895956657
0440,77357.0,122017.0,216385.0,0.5638884395868475,0.3574970538623287,82515.0,121005.0,220099.0,0.5497753283749586,0.37489947705350773
0441,3.0,0.0,3.0,0.0,1.0,4.0,0.0,4.0,0.0,1.0
0445,12561.0,38243.0,54735.0,0.6986937060381839,0.2294875308303645,12944.0,39611.0,56428.0,0.7019741972070603,0.22938966470546537
0446,2647.0,12627.0,16156.0,0.781567219608814,0.16384005942064866,2425.0,13208.0,16433.0,0.8037485547374186,0.14756891620519685
0450,56747.0,112357.0,181527.0,0.618954756041801,0.3126091435433847,57684.0,116015.0,185726.0,0.624656752420232,0.3105865630014107
0451,5.0,3.0,8.0,0.375,0.625,7.0,3.0,10.0,0.3,0.7
0455,24962.0,28312.0,59402.0,0.47661694892427864,0.4202215413622437,26496.0,28478.0,60169.0,0.4733002044242052,0.440359653642241
0460,6209.0,15529.0,24285.0,0.6394482190652666,0.2556722256536957,6941.0,15196.0,24435.0,0.6218948229997954,0.2840597503580929
0465,7497.0,19737.0,29502.0,0.6690054911531421,0.25411836485661987,7966.0,19835.0,30008.0,0.6609904025593175,0.2654625433217809
0470,9981.0,25248.0,38734.0,0.6518304332111323,0.25768059069551297,10772.0,24734.0,38769.0,0.6379839562537079,0.27785086022337435
0475,12891.0,28480.0,45465.0,0.6264159243374025,0.28353678653909603,14495.0,27618.0,45666.0,0.6047825515700959,0.31741339289624665
0476,2068.0,8627.0,11661.0,0.7398164822913986,0.17734328102221078,2498.0,8350.0,11735.0,0.7115466553046442,0.21286749041329356
0477,3861.0,11862.0,17039.0,0.6961676154703914,0.22659780503550678,3952.0,11953.0,17018.0,0.7023739569867199,0.23222470325537667
0480,35423.0,52685.0,98203.0,0.5364907385721414,0.36071199454191827,39384.0,50612.0,99256.0,0.5099137583622149,0.39679213347303943
0485,13141.0,19380.0,35531.0,0.5454391939433171,0.36984604992823167,14829.0,17688.0,35170.0,0.5029286323571226,0.42163775945408016
0490,5297.0,9809.0,16475.0,0.5953869499241274,0.3215174506828528,5911.0,9279.0,16468.0,0.5634564002914744,0.35893854748603354
0495,10280.0,20225.0,34630.0,0.5840311868322264,0.29685244008085476,12697.0,18457.0,34757.0,0.5310297206318152,0.36530770779986765
0500,32450.0,43524.0,84119.0,0.5174098598414152,0.38576302618908925,37892.0,41623.0,86930.0,0.47881053721385025,0.43589094673875534
0505,11999.0,23007.0,38576.0,0.5964070924927416,0.3110483201990875,14543.0,20718.0,38580.0,0.5370139968895801,0.3769569725246242
0510,8416.0,18337.0,29219.0,0.6275711009959273,0.28803176015606285,9988.0,17179.0,29537.0,0.5816095067203846,0.3381521481531638
0515,50151.0,57256.0,119432.0,0.4794025051912385,0.4199125862415433,57385.0,51969.0,120296.0,0.4320093768703864,0.4770316552503824
0516,7744.0,20992.0,31541.0,0.6655464316286738,0.24552170191179734,10073.0,19876.0,32595.0,0.6097867771130542,0.3090351280871299
0520,6600.0,20552.0,30572.0,0.6722491168389376,0.21588381525578962,8733.0,19378.0,31369.0,0.6177436322483981,0.27839586853262777
0525,18258.0,33008.0,57718.0,0.5718839876641603,0.31633112720468487,21779.0,30912.0,58356.0,0.5297141682089246,0.3732092672561519
0530,9759.0,16916.0,30063.0,0.5626850281076407,0.3246183015667099,12650.0,14520.0,30524.0,0.4756912593369152,0.41442799108897915
0535,8071.0,13081.0,23801.0,0.5495987563547751,0.33910339901684805,9924.0,11885.0,24166.0,0.4918066705288422,0.4106596044028801
0540,47957.0,76546.0,137784.0,0.5555507170643906,0.34805928119375257,56851.0,70018.0,138714.0,0.5047652003402685,0.4098432746514411
0545,18165.0,27304.0,51243.0,0.5328337529028355,0.35448744218722555,22704.0,24435.0,52460.0,0.46578345406023636,0.43278688524590164
0546,4712.0,5938.0,11858.0,0.5007589812784617,0.39736886490133244,5851.0,5451.0,12241.0,0.4453067559839882,0.4779838248509109
0550,8446.0,20612.0,31320.0,0.6581098339719029,0.26966794380587483,9131.0,20395.0,31672.0,0.6439441778226825,0.2882988128315231
0555,1888.0,3691.0,6009.0,0.6142452987185888,0.31419537360625727,2262.0,3349.0,5954.0,0.5624790057104467,0.3799126637554585
0556,4558.0,9307.0,14789.0,0.6293190885117317,0.30820204205828655,5771.0,8428.0,15136.0,0.5568181818181818,0.38127642706131076
0560,59708.0,58248.0,131627.0,0.4425231905308181,0.45361513975096296,75710.0,48742.0,134829.0,0.3615097642198637,0.5615260811843149
0561,4050.0,14590.0,21039.0,0.693474024430819,0.19249964351917867,6563.0,12577.0,21213.0,0.5928911516522887,0.30938575401876206
0565,5869.0,20451.0,29375.0,0.696204255319149,0.19979574468085107,9402.0,17891.0,30362.0,0.589256307226138,0.3096633950332653
0570,4431.0,15458.0,21528.0,0.7180416202155333,0.20582497212931997,5640.0,14795.0,21875.0,0.6763428571428571,0.2578285714285714
0575,29215.0,45676.0,84002.0,0.5437489583581343,0.34778933834908693,40486.0,38463.0,86570.0,0.4442994108813677,0.46766778329675407
0580,6626.0,17184.0,27149.0,0.6329514899259642,0.24406055471656415,8135.0,17258.0,28222.0,0.6115087520374176,0.2882503011834739
0585,1480.0,1520.0,3166.0,0.4801010739102969,0.4674668351231838,1359.0,1249.0,2817.0,0.44337948171813985,0.48242811501597443
0590,17886.0,8727.0,28783.0,0.3031998054407115,0.6214084702775944,19896.0,8658.0,30353.0,0.2852436332487728,0.6554871017691826
0595,8022.0,3095.0,11962.0,0.2587359973248621,0.6706236415315164,8828.0,2955.0,12424.0,0.23784610431423053,0.710560206052801
0600,4440.0,1659.0,6405.0,0.25901639344262295,0.6932084309133489,4556.0,1648.0,6490.0,0.2539291217257319,0.7020030816640986
0605,3997.0,2172.0,6533.0,0.3324659421399051,0.6118169294351753,4206.0,2172.0,6691.0,0.3246151546853983,0.6286055895979674
0610,7457.0,4588.0,12971.0,0.3537121270526559,0.574897849047876,8006.0,4568.0,13306.0,0.3433037727341049,0.6016834510747031
0611,3001.0,1159.0,4447.0,0.2606251405441871,0.6748369687429728,3280.0,1198.0,4797.0,0.2497394204711278,0.6837606837606838
0615,3910.0,2010.0,6366.0,0.3157398680490104,0.6142004398366321,4198.0,2009.0,6561.0,0.306203322664228,0.6398414875781131
0620,34395.0,11255.0,47965.0,0.23465026581882623,0.7170853747524236,38596.0,10331.0,50897.0,0.20297856455193822,0.7583158142916085
0621,2449.0,696.0,3298.0,0.2110369921164342,0.7425712553062462,2541.0,698.0,3349.0,0.20842042400716632,0.7587339504329651
0625,26006.0,36433.0,67394.0,0.5405970857939876,0.385880048669021,28045.0,38557.0,71032.0,0.5428116905056876,0.39482205203288656
0626,1856.0,3813.0,6015.0,0.6339152119700748,0.3085619285120532,1922.0,3997.0,6236.0,0.6409557408595253,0.3082103912764593
0630,1217.0,2313.0,3735.0,0.619277108433735,0.32583668005354754,1269.0,2465.0,3897.0,0.6325378496279189,0.325635103926097
0635,2898.0,1826.0,5038.0,0.3624454148471616,0.575228265184597,3131.0,1842.0,5260.0,0.3501901140684411,0.5952471482889734
0640,1460.0,1632.0,3225.0,0.5060465116279069,0.45271317829457364,1451.0,1605.0,3181.0,0.5045583149952845,0.4561458660798491
0645,26378.0,29164.0,59746.0,0.48813309677635325,0.441502359990627,30794.0,29224.0,63768.0,0.45828628779325054,0.4829067871032493
0650,1514.0,4097.0,5987.0,0.6843160180390847,0.2528812426925004,1490.0,4291.0,6109.0,0.7024062858078245,0.24390243902439024
0655,14840.0,4161.0,19797.0,0.21018336111532052,0.7496085265444259,15476.0,4380.0,20597.0,0.21265232800893333,0.7513715589648978
0660,4118.0,2216.0,6568.0,0.3373934226552984,0.626979293544458,4036.0,2284.0,6554.0,0.34848947207812025,0.6158071406774489
0661,4029.0,2191.0,6463.0,0.3390066532570014,0.6233947083397803,3849.0,2207.0,6313.0,0.34959607159828926,0.6096942816410581
0665,3057.0,1115.0,4511.0,0.24717357570383508,0.677676790068721,3046.0,1150.0,4537.0,0.25347145690985234,0.6713687458673132
0670,9266.0,4264.0,14338.0,0.2973915469382062,0.6462547077695634,9863.0,4474.0,15154.0,0.2952355813646562,0.6508512603932955
0675,3422.0,8321.0,13051.0,0.637575664700023,0.2622021301049728,4402.0,8104.0,13575.0,0.5969797421731123,0.32427255985267034
0680,32990.0,10906.0,47773.0,0.22828794507357714,0.6905574278358069,36091.0,10811.0,50048.0,0.21601262787723785,0.7211277173913043
0685,5625.0,2116.0,8195.0,0.25820622330689447,0.6863941427699817,6005.0,2019.0,8364.0,0.24139167862266858,0.7179579148732664
0690,5767.0,2925.0,9399.0,0.3112033195020747,0.6135759123310991,6171.0,2750.0,9464.0,0.29057480980557904,0.6520498732037193
0695,18651.0,14751.0,35424.0,0.4164126016260163,0.5265074525745257,19539.0,14360.0,35743.0,0.40175698738214477,0.5466524913969169
0700,12961.0,6369.0,20522.0,0.31034986843387585,0.6315661241594387,13812.0,6465.0,21318.0,0.30326484660849984,0.6479031804109203
0705,3499.0,1620.0,5473.0,0.29599853827882333,0.6393202996528412,3358.0,1421.0,5099.0,0.27868209452833886,0.6585605020592273
0710,9573.0,7957.0,19114.0,0.41629172334414566,0.5008370827665586,10968.0,7270.0,19529.0,0.3722668851451687,0.5616262993496851
0715,11441.0,22159.0,37644.0,0.5886462650090319,0.3039262565083413,14346.0,20884.0,38805.0,0.5381780698363613,0.36969462698105915
0720,12868.0,18906.0,34672.0,0.5452814951545916,0.3711352099676973,14982.0,18852.0,36303.0,0.5192959259565325,0.4126931658540616
0725,14692.0,15977.0,33111.0,0.48252846486062034,0.4437196097973483,17062.0,15667.0,34940.0,0.44839725243274187,0.4883228391528334
0730,2406.0,4490.0,7212.0,0.622573488630061,0.3336106489184692,2819.0,4014.0,7117.0,0.5640016861036954,0.396093859772376
0735,15001.0,20359.0,38714.0,0.5258821098310689,0.3874825644469701,17392.0,19559.0,40092.0,0.4878529382420433,0.433802254813928
0740,2126.0,1123.0,3398.0,0.3304885226603885,0.6256621542083579,2005.0,1132.0,3261.0,0.3471327813554124,0.6148420729837473
0745,3546.0,4051.0,8131.0,0.49821670151272907,0.43610871971467224,3609.0,4211.0,8302.0,0.5072271741748976,0.4347145266200915
0750,2682.0,12402.0,16587.0,0.7476939772110689,0.16169289202387413,3746.0,11374.0,16599.0,0.685222001325381,0.22567624555696125
0755,2477.0,1971.0,4685.0,0.4207043756670224,0.528708644610459,2461.0,1925.0,4605.0,0.4180238870792617,0.5344191096634093
0760,8754.0,3307.0,12982.0,0.254737328608843,0.6743182868587275,9424.0,2993.0,13089.0,0.22866529146611658,0.7199938879975551
0765,2829.0,2811.0,6354.0,0.4423984891406988,0.4452313503305005,2949.0,2764.0,6324.0,0.4370651486401012,0.4663187855787476
0770,5421.0,3949.0,10157.0,0.38879590430245153,0.5337205867874373,5872.0,3910.0,10386.0,0.3764683227421529,0.5653764683227421
0775,4990.0,2183.0,7633.0,0.28599502161666446,0.6537403380060265,5389.0,2337.0,8159.0,0.2864321608040201,0.6604976100012256
0780,1319.0,1168.0,2831.0,0.4125750618156129,0.4659131049099258,1452.0,1145.0,2847.0,0.4021777309448542,0.5100105374077977
0785,8719.0,20198.0,31732.0,0.6365183411067692,0.2747699483171562,11270.0,18301.0,32194.0,0.5684599614835062,0.3500652295458781
0790,5969.0,10677.0,18324.0,0.5826784544859201,0.32574765335079675,7724.0,9382.0,18623.0,0.5037856414111582,0.4147559469473232
0795,3670.0,1709.0,5818.0,0.2937435544860777,0.6308009625300791,3993.0,1610.0,5993.0,0.26864675454697146,0.6662773235441348
0796,888.0,420.0,1364.0,0.30791788856304986,0.6510263929618768,995.0,360.0,1412.0,0.254957507082153,0.7046742209631728
0797,3397.0,1587.0,5296.0,0.2996601208459215,0.6414274924471299,3663.0,1554.0,5484.0,0.2833698030634573,0.6679431072210066
0800,3507.0,1233.0,4949.0,0.24914124065467771,0.7086280056577087,3475.0,1268.0,4980.0,0.25461847389558234,0.6977911646586346
0805,5671.0,3343.0,9668.0,0.34577989242863055,0.5865742656185354,5619.0,3367.0,9604.0,0.35058309037900875,0.5850687213660974
0810,1014.0,645.0,1766.0,0.3652321630804077,0.5741789354473387,891.0,737.0,1729.0,0.42625795257374205,0.5153267784846732
0815,3125.0,2584.0,6026.0,0.4288084965151012,0.5185861267839362,2940.0,2209.0,5400.0,0.4090740740740741,0.5444444444444444
0820,67538.0,84384.0,166237.0,0.5076126253481476,0.4062753779242888,75749.0,78272.0,167282.0,0.46790449659855815,0.4528221805095587
0825,13093.0,20217.0,36160.0,0.5590984513274336,0.36208517699115045,15074.0,19263.0,36991.0,0.5207482901246249,0.40750452812846366
0830,4419.0,3227.0,8509.0,0.37924550475966623,0.5193324715007639,4697.0,3006.0,8361.0,0.3595263724434876,0.5617749073077383
0835,5538.0,11198.0,18622.0,0.6013317581355386,0.29739018365374287,6322.0,10330.0,18234.0,0.5665240759021608,0.3467149281561917
0840,4342.0,20061.0,27293.0,0.7350236324332247,0.15908841094786208,5634.0,18851.0,27675.0,0.6811562782294489,0.20357723577235773
0845,4688.0,1814.0,6859.0,0.2644700393643388,0.6834815570782913,5017.0,1726.0,7093.0,0.24333850274918933,0.7073170731707317
0850,4060.0,1340.0,5797.0,0.2311540451957909,0.7003622563394859,4385.0,1167.0,5811.0,0.20082601961796592,0.754603338495956
0855,1911.0,978.0,3068.0,0.31877444589308995,0.6228813559322034,2004.0,835.0,2993.0,0.278984296692282,0.6695623120614768
0860,2477.0,2185.0,4978.0,0.4389312977099237,0.4975893933306549,2444.0,2176.0,4867.0,0.4470926648859667,0.5021573864803781
0865,2207.0,4438.0,6989.0,0.6349978537702103,0.3157819430533696,2351.0,4505.0,7248.0,0.6215507726269316,0.3243653421633554
0870,8189.0,19116.0,30768.0,0.6212948517940717,0.266153146125845,10428.0,18041.0,31548.0,0.5718587549131482,0.3305439330543933
0875,2892.0,2938.0,6185.0,0.4750202101859337,0.4675828617623282,3038.0,2841.0,6187.0,0.4591886213027315,0.49102957814772913
0880,2574.0,1377.0,4143.0,0.332367849384504,0.6212889210716872,2562.0,1211.0,3939.0,0.30743843615130745,0.6504188880426505
0881,3354.0,1607.0,5237.0,0.30685506969639104,0.6404430017185412,3560.0,1689.0,5464.0,0.3091142020497804,0.6515373352855052
0885,4110.0,5266.0,10770.0,0.48895078922934077,0.3816155988857939,4820.0,4845.0,10870.0,0.4457221711131555,0.44342226310947563
0890,2839.0,5797.0,9233.0,0.6278566013213474,0.3074840246940323,3075.0,5496.0,9245.0,0.5944835045970795,0.3326122228231477
0895,5197.0,4883.0,10969.0,0.4451636429938919,0.4737897711733066,5724.0,4790.0,11246.0,0.4259292192779655,0.5089809710119153
0896,5372.0,8209.0,14882.0,0.5516059669399275,0.3609729875016799,6670.0,7853.0,15662.0,0.5014046737326012,0.425871536202273
0900,3880.0,6056.0,11179.0,0.541730029519635,0.34707934520082295,4522.0,5848.0,11318.0,0.5166990634387701,0.39954055486835127
0905,1486.0,1503.0,3289.0,0.4569778048038918,0.4518090605047127,1751.0,1321.0,3323.0,0.39753235028588624,0.5269334938308757
0910,8921.0,31363.0,44419.0,0.7060717260631711,0.20083747945698913,11531.0,29449.0,44816.0,0.6571090681899322,0.2572965012495537
0915,3495.0,3344.0,7746.0,0.431706687322489,0.4512006196746708,4157.0,2962.0,7862.0,0.37674891885016537,0.5287458661918087
0920,5317.0,7903.0,14841.0,0.5325112863014622,0.3582642679064753,6317.0,7570.0,15456.0,0.4897774327122153,0.40870859213250516
0925,1675.0,1026.0,2809.0,0.36525453898184407,0.5962976148095408,1787.0,980.0,2873.0,0.34110685694396103,0.6219979115906717
0926,9623.0,2491.0,13036.0,0.19108622276772017,0.7381865602945689,11186.0,2241.0,14142.0,0.1584641493423844,0.7909772309432895
0930,5095.0,8986.0,15835.0,0.5674771076728765,0.3217556046731923,5535.0,8838.0,15816.0,0.5588012139605463,0.34996206373292865
0935,7587.0,8551.0,17354.0,0.49273942606891785,0.43719027313587644,9821.0,7608.0,18447.0,0.4124247845178078,0.5323900905296254
0940,5620.0,9753.0,17038.0,0.5724263411198498,0.32985092146965606,6691.0,9698.0,17926.0,0.5410018966863773,0.3732567220796608
0945,12430.0,34756.0,52330.0,0.6641696923370916,0.23753105293330784,16208.0,33075.0,54186.0,0.6103975196545233,0.29911785332004576
0946,5716.0,18841.0,27154.0,0.6938572585991014,0.21050305663990573,7866.0,17581.0,27835.0,0.6316148733608766,0.2825938566552901
0950,3123.0,2401.0,5987.0,0.4010355770836813,0.5216301987639886,3173.0,2328.0,5990.0,0.38864774624373954,0.5297161936560935
0955,1107.0,2697.0,4042.0,0.6672439386442355,0.2738743196437407,1204.0,2619.0,4039.0,0.648427828670463,0.29809358752166376
0960,762.0,1299.0,2182.0,0.5953253895508708,0.34922089825847846,837.0,1171.0,2134.0,0.5487347703842549,0.3922211808809747
0965,34339.0,35066.0,74986.0,0.46763395833888993,0.4579388152455125,35738.0,35601.0,77052.0,0.46203862326740386,0.46381664330581945
0970,1755.0,7068.0,9734.0,0.7261146496815286,0.18029587014588042,1922.0,6902.0,9610.0,0.718210197710718,0.2
0975,4311.0,11508.0,17451.0,0.6594464500601684,0.24703455389375967,5091.0,11260.0,17909.0,0.6287341560109442,0.28427047853034787
0980,4029.0,1137.0,5381.0,0.21129901505296414,0.748745586322245,4036.0,1223.0,5465.0,0.22378774016468436,0.7385178408051235
0981,2447.0,931.0,3526.0,0.2640385706182643,0.6939875212705615,2418.0,1003.0,3572.0,0.28079507278835386,0.6769316909294513
0982,13736.0,22716.0,39951.0,0.5685965307501689,0.34382118094665964,16448.0,21463.0,41099.0,0.5222268181707584,0.40020438453490353
0985,3959.0,5061.0,9902.0,0.5111088668955767,0.39981821854170874,4472.0,4816.0,10241.0,0.47026657552973344,0.43667610584903815
0986,2380.0,6876.0,10103.0,0.6805899237850144,0.23557359200237554,2818.0,6868.0,10550.0,0.6509952606635071,0.2671090047393365
0990,980.0,1305.0,2504.0,0.5211661341853036,0.3913738019169329,1099.0,1164.0,2465.0,0.472210953346856,0.445841784989858
0995,3970.0,2116.0,6557.0,0.32270855574195517,0.6054598139393015,3858.0,2230.0,6484.0,0.34392350400987043,0.595003084515731
10,12470.0,8056.0,22709.0,0.35474921837157075,0.5491214936809194,13092.0,8124.0,23117.0,0.3514296837824977,0.5663364623437297
11,389.0,378.0,811.0,0.46609124537607893,0.4796547472256473,872.0,525.0,1433.0,0.366364270760642,0.6085136078157711
15,5699.0,4934.0,11580.0,0.42607944732297065,0.49214162348877377,5945.0,4903.0,11703.0,0.4189524053661454,0.5079894044262155
20,3510.0,6141.0,10685.0,0.5747309312119794,0.3284978942442677,3999.0,5779.0,10585.0,0.5459612659423713,0.37779877184695326
21,512.0,157.0,698.0,0.22492836676217765,0.7335243553008596,1933.0,545.0,2583.0,0.21099496709252807,0.7483546264034069
25,4483.0,6253.0,11938.0,0.5237895794940526,0.3755235382811191,4888.0,5974.0,11867.0,0.5034128254824303,0.4118985421757816
30,78027.0,54009.0,144952.0,0.3725992052541531,0.5382954357304487,85814.0,53761.0,151176.0,0.35561861671164735,0.5676430121183257
31,59.0,42.0,103.0,0.4077669902912621,0.5728155339805825,116.0,59.0,179.0,0.329608938547486,0.6480446927374302
35,30673.0,43481.0,82723.0,0.5256216529864729,0.3707916782515141,32858.0,44335.0,85368.0,0.5193397994564708,0.38489832255646145
40,12712.0,19077.0,36328.0,0.5251321294868971,0.34992292446597667,14106.0,19066.0,37172.0,0.5129129452275907,0.37947917787582053
41,86.0,81.0,179.0,0.45251396648044695,0.48044692737430167,149.0,85.0,247.0,0.3441295546558704,0.6032388663967612
45,17364.0,14249.0,35053.0,0.4064987304938236,0.4953641628391293,18842.0,14344.0,36414.0,0.39391442851650466,0.5174383478881749
5,40847.0,19323.0,64812.0,0.2981392334752824,0.6302382274887367,42507.0,20350.0,67125.0,0.3031657355679702,0.6332513966480446
50,4042.0,6444.0,11818.0,0.5452699272296497,0.34202064647148417,4480.0,6140.0,11764.0,0.5219313158789527,0.3808228493709623
51,358.0,758.0,1188.0,0.6380471380471381,0.30134680134680136,619.0,791.0,1497.0,0.5283901135604543,0.4134936539746159
55,5067.0,7346.0,14055.0,0.5226609747420846,0.36051227321237994,5849.0,7083.0,14374.0,0.4927647140670655,0.4069152636705162
60,950279.0,592430.0,1674884.0,0.3537140482564763,0.5673700387608933,1031389.0,593463.0,1742867.0,0.3405096315438872,0.5917772268337171
61,16.0,10.0,26.0,0.38461538461538464,0.6153846153846154,34.0,10.0,47.0,0.2127659574468085,0.723404255319149
65,24703.0,40538.0,72612.0,0.558282377568446,0.34020547567895115,28394.0,41447.0,76300.0,0.543211009174312,0.37213630406290954
70,33537.0,25340.0,64860.0,0.39068763490595126,0.5170675300647548,37068.0,24680.0,66903.0,0.3688922768784658,0.554055871933994
71,117.0,100.0,227.0,0.44052863436123346,0.5154185022026432,225.0,221.0,466.0,0.4742489270386266,0.48283261802575106
75,8829.0,15207.0,26629.0,0.5710691351534042,0.3315558225994217,9781.0,15418.0,27442.0,0.5618395160702573,0.3564244588586838
80,48416.0,26642.0,80475.0,0.3310593351972662,0.601627834731283,52816.0,26979.0,84833.0,0.3180248252448929,0.6225879080074971
81,932.0,844.0,1837.0,0.45944474686989656,0.5073489384866631,1635.0,904.0,2602.0,0.3474250576479631,0.6283627978478094
85,134452.0,130331.0,287809.0,0.45283851443144585,0.46715703817462273,154614.0,118087.0,292931.0,0.40312223697730865,0.5278171309967193
90,5531.0,2632.0,8832.0,0.2980072463768116,0.6262454710144928,6138.0,2234.0,8858.0,0.2522013998645292,0.6929329419733574
91,578.0,668.0,1339.0,0.4988797610156833,0.4316654219566841,846.0,802.0,1738.0,0.4614499424626007,0.48676639815880324
95,3311.0,9783.0,14293.0,0.6844609249282866,0.23165185755264814,4063.0,9428.0,14754.0,0.6390131489765487,0.27538294699742444
